section,obs_name,cluster,spatial_domain,x,y
Simulation4,529,2,sp2,0.8571429252624512,0.4000052213668823
Simulation4,478,7,sp1,-0.8571429252624512,0.5142909288406372
Simulation4,234,6,sp2,0.05714297294616699,1.3142908811569214
Simulation4,64,2,sp2,1.2000000476837158,1.8857194185256958
Simulation4,1087,0,sp3,-1.2000000476837158,-1.428566336631775
Simulation4,743,5,sp4,0.6285715103149414,-0.2857091426849365
Simulation4,539,4,sp2,2.0,0.4000052213668823
Simulation4,266,7,sp1,-0.3999999761581421,1.2000051736831665
Simulation4,963,4,sp4,1.085714340209961,-0.9714235067367554
Simulation4,959,1,background,0.6285715103149414,-0.9714235067367554
Simulation4,462,4,sp2,1.4285714626312256,0.6285766363143921
Simulation4,348,3,background,0.7428572177886963,0.9714337587356567
Simulation4,806,2,background,-0.3999999761581421,-0.5142806768417358
Simulation4,496,6,sp2,1.2000000476837158,0.5142909288406372
Simulation4,652,4,sp3,-1.5428571701049805,-0.05713772773742676
Simulation4,1179,5,sp4,1.085714340209961,-1.6571377515792847
Simulation4,861,5,sp4,1.7714285850524902,-0.6285663843154907
Simulation4,578,4,background,-1.7714285850524902,0.17143380641937256
Simulation4,63,6,sp2,1.085714340209961,1.8857194185256958
Simulation4,818,5,sp4,0.971428632736206,-0.5142806768417358
Simulation4,460,6,sp2,1.2000000476837158,0.6285766363143921
Simulation4,798,2,background,-1.3142857551574707,-0.5142806768417358
Simulation4,852,5,sp4,0.7428572177886963,-0.6285663843154907
Simulation4,142,2,sp2,1.8857142925262451,1.657148003578186
Simulation4,332,4,sp1,-1.085714340209961,0.9714337587356567
Simulation4,817,5,sp4,0.8571429252624512,-0.5142806768417358
Simulation4,725,4,sp3,-1.4285714626312256,-0.2857091426849365
Simulation4,1022,3,background,-0.3999999761581421,-1.1999949216842651
Simulation4,1112,3,background,1.6571428775787354,-1.428566336631775
Simulation4,46,7,sp1,-0.8571429252624512,1.8857194185256958
Simulation4,830,2,sp3,-1.7714285850524902,-0.6285663843154907
Simulation4,1015,0,sp3,-1.2000000476837158,-1.1999949216842651
Simulation4,104,6,sp2,1.6571428775787354,1.771433711051941
Simulation4,1201,1,sp3,-0.5142858028411865,-1.7714234590530396
Simulation4,1220,3,background,1.6571428775787354,-1.7714234590530396
Simulation4,696,3,background,-0.6285715103149414,-0.17142343521118164
Simulation4,490,6,sp2,0.5142858028411865,0.5142909288406372
Simulation4,319,6,sp2,1.5428571701049805,1.0857194662094116
Simulation4,893,5,sp4,1.3142857551574707,-0.7428520917892456
Simulation4,524,6,sp2,0.28571438789367676,0.4000052213668823
Simulation4,468,4,background,-2.0,0.5142909288406372
Simulation4,1239,0,sp3,-0.2857142686843872,-1.8857091665267944
Simulation4,992,3,background,0.28571438789367676,-1.0857092142105103
Simulation4,232,7,sp1,-0.17142856121063232,1.3142908811569214
Simulation4,61,4,sp2,0.8571429252624512,1.8857194185256958
Simulation4,1000,5,sp4,1.2000000476837158,-1.0857092142105103
Simulation4,79,7,sp1,-1.2000000476837158,1.771433711051941
Simulation4,404,7,sp1,-1.085714340209961,0.742862343788147
Simulation4,14,3,background,-0.3999999761581421,2.0000052452087402
Simulation4,16,3,background,-0.17142856121063232,2.0000052452087402
Simulation4,626,3,background,-0.3999999761581421,0.057148098945617676
Simulation4,853,5,sp4,0.8571429252624512,-0.6285663843154907
Simulation4,821,5,sp4,1.3142857551574707,-0.5142806768417358
Simulation4,1191,4,sp3,-1.6571428775787354,-1.7714234590530396
Simulation4,1005,3,background,1.7714285850524902,-1.0857092142105103
Simulation4,592,1,background,-0.17142856121063232,0.17143380641937256
Simulation4,562,2,sp2,0.5142858028411865,0.28571951389312744
Simulation4,1273,4,sp3,-0.5142858028411865,-1.9999948740005493
Simulation4,807,1,background,-0.2857142686843872,-0.5142806768417358
Simulation4,728,2,background,-1.085714340209961,-0.2857091426849365
Simulation4,452,1,sp2,0.28571438789367676,0.6285766363143921
Simulation4,1081,0,sp3,-1.8857142925262451,-1.428566336631775
Simulation4,1033,4,sp4,0.8571429252624512,-1.1999949216842651
Simulation4,937,4,sp3,-1.8857142925262451,-0.9714235067367554
Simulation4,600,2,sp2,0.7428572177886963,0.17143380641937256
Simulation4,170,6,sp2,0.971428632736206,1.5428622961044312
Simulation4,194,3,background,-0.3999999761581421,1.4285765886306763
Simulation4,702,5,sp4,0.05714297294616699,-0.17142343521118164
Simulation4,212,6,sp2,1.6571428775787354,1.4285765886306763
Simulation4,450,2,sp2,0.05714297294616699,0.6285766363143921
Simulation4,747,5,sp4,1.085714340209961,-0.2857091426849365
Simulation4,255,1,sp1,-1.6571428775787354,1.2000051736831665
Simulation4,1008,1,sp3,-2.0,-1.1999949216842651
Simulation4,646,6,sp2,1.8857142925262451,0.057148098945617676
Simulation4,120,1,background,-0.6285715103149414,1.657148003578186
Simulation4,537,4,sp2,1.7714285850524902,0.4000052213668823
Simulation4,96,6,sp2,0.7428572177886963,1.771433711051941
Simulation4,223,7,sp1,-1.2000000476837158,1.3142908811569214
Simulation4,1,1,background,-1.8857142925262451,2.0000052452087402
Simulation4,627,3,background,-0.2857142686843872,0.057148098945617676
Simulation4,837,3,background,-0.971428632736206,-0.6285663843154907
Simulation4,1116,1,sp3,-2.0,-1.5428520441055298
Simulation4,643,2,sp2,1.5428571701049805,0.057148098945617676
Simulation4,915,3,background,-0.2857142686843872,-0.8571377992630005
Simulation4,889,2,sp4,0.8571429252624512,-0.7428520917892456
Simulation4,283,4,sp2,1.5428571701049805,1.2000051736831665
Simulation4,878,2,background,-0.3999999761581421,-0.7428520917892456
Simulation4,871,4,sp3,-1.2000000476837158,-0.7428520917892456
Simulation4,519,2,background,-0.2857142686843872,0.4000052213668823
Simulation4,43,7,sp1,-1.2000000476837158,1.8857194185256958
Simulation4,1158,0,sp3,-1.3142857551574707,-1.6571377515792847
Simulation4,482,3,background,-0.3999999761581421,0.5142909288406372
Simulation4,800,3,background,-1.085714340209961,-0.5142806768417358
Simulation4,169,6,sp2,0.8571429252624512,1.5428622961044312
Simulation4,347,4,sp2,0.6285715103149414,0.9714337587356567
Simulation4,53,4,background,-0.05714285373687744,1.8857194185256958
Simulation4,710,5,sp4,0.971428632736206,-0.17142343521118164
Simulation4,422,3,background,0.971428632736206,0.742862343788147
Simulation4,15,3,background,-0.2857142686843872,2.0000052452087402
Simulation4,412,7,sp1,-0.17142856121063232,0.742862343788147
Simulation4,220,7,sp1,-1.5428571701049805,1.3142908811569214
Simulation4,1006,3,background,1.8857142925262451,-1.0857092142105103
Simulation4,926,5,sp4,0.971428632736206,-0.8571377992630005
Simulation4,1194,4,sp3,-1.3142857551574707,-1.7714234590530396
Simulation4,306,6,sp2,0.05714297294616699,1.0857194662094116
Simulation4,463,2,sp2,1.5428571701049805,0.6285766363143921
Simulation4,772,1,background,-0.17142856121063232,-0.3999948501586914
Simulation4,440,7,sp1,-1.085714340209961,0.6285766363143921
Simulation4,1262,0,sp3,-1.7714285850524902,-1.9999948740005493
Simulation4,826,5,sp4,1.8857142925262451,-0.5142806768417358
Simulation4,98,6,sp2,0.971428632736206,1.771433711051941
Simulation4,1206,2,background,0.05714297294616699,-1.7714234590530396
Simulation4,95,6,sp2,0.6285715103149414,1.771433711051941
Simulation4,877,1,background,-0.5142858028411865,-0.7428520917892456
Simulation4,1280,3,background,0.28571438789367676,-1.9999948740005493
Simulation4,403,7,sp1,-1.2000000476837158,0.742862343788147
Simulation4,5,3,background,-1.4285714626312256,2.0000052452087402
Simulation4,372,1,sp1,-0.6285715103149414,0.8571480512619019
Simulation4,917,3,background,-0.05714285373687744,-0.8571377992630005
Simulation4,277,1,background,0.8571429252624512,1.2000051736831665
Simulation4,388,4,background,1.2000000476837158,0.8571480512619019
Simulation4,153,7,sp1,-0.971428632736206,1.5428622961044312
Simulation4,1141,2,sp4,0.8571429252624512,-1.5428520441055298
Simulation4,102,6,sp2,1.4285714626312256,1.771433711051941
Simulation4,908,4,sp3,-1.085714340209961,-0.8571377992630005
Simulation4,634,6,sp2,0.5142858028411865,0.057148098945617676
Simulation4,35,6,sp2,2.0,2.0000052452087402
Simulation4,909,4,sp3,-0.971428632736206,-0.8571377992630005
Simulation4,1233,2,sp3,-0.971428632736206,-1.8857091665267944
Simulation4,26,2,sp2,0.971428632736206,2.0000052452087402
Simulation4,1040,4,background,1.6571428775787354,-1.1999949216842651
Simulation4,497,6,sp2,1.3142857551574707,0.5142909288406372
Simulation4,436,3,background,-1.5428571701049805,0.6285766363143921
Simulation4,159,3,background,-0.2857142686843872,1.5428622961044312
Simulation4,695,4,background,-0.7428572177886963,-0.17142343521118164
Simulation4,1150,3,background,1.8857142925262451,-1.5428520441055298
Simulation4,732,3,background,-0.6285715103149414,-0.2857091426849365
Simulation4,1182,3,background,1.4285714626312256,-1.6571377515792847
Simulation4,438,7,sp1,-1.3142857551574707,0.6285766363143921
Simulation4,804,3,background,-0.6285715103149414,-0.5142806768417358
Simulation4,534,2,sp2,1.4285714626312256,0.4000052213668823
Simulation4,322,6,sp2,1.8857142925262451,1.0857194662094116
Simulation4,567,4,sp2,1.085714340209961,0.28571951389312744
Simulation4,801,4,background,-0.971428632736206,-0.5142806768417358
Simulation4,1053,0,sp3,-0.971428632736206,-1.31428062915802
Simulation4,97,6,sp2,0.8571429252624512,1.771433711051941
Simulation4,165,6,sp2,0.40000009536743164,1.5428622961044312
Simulation4,1105,4,sp4,0.8571429252624512,-1.428566336631775
Simulation4,1269,0,sp3,-0.971428632736206,-1.9999948740005493
Simulation4,213,6,sp2,1.7714285850524902,1.4285765886306763
Simulation4,685,2,sp3,-1.8857142925262451,-0.17142343521118164
Simulation4,1142,5,sp4,0.971428632736206,-1.5428520441055298
Simulation4,633,4,sp2,0.40000009536743164,0.057148098945617676
Simulation4,588,3,background,-0.6285715103149414,0.17143380641937256
Simulation4,940,4,sp3,-1.5428571701049805,-0.9714235067367554
Simulation4,1240,0,sp3,-0.17142856121063232,-1.8857091665267944
Simulation4,824,5,sp4,1.6571428775787354,-0.5142806768417358
Simulation4,32,1,sp2,1.6571428775787354,2.0000052452087402
Simulation4,675,5,sp4,1.085714340209961,-0.05713772773742676
Simulation4,402,7,sp1,-1.3142857551574707,0.742862343788147
Simulation4,353,3,background,1.3142857551574707,0.9714337587356567
Simulation4,668,5,sp4,0.28571438789367676,-0.05713772773742676
Simulation4,376,7,sp1,-0.17142856121063232,0.8571480512619019
Simulation4,1275,0,sp3,-0.2857142686843872,-1.9999948740005493
Simulation4,1013,2,sp3,-1.4285714626312256,-1.1999949216842651
Simulation4,881,3,background,-0.05714285373687744,-0.7428520917892456
Simulation4,1011,0,sp3,-1.6571428775787354,-1.1999949216842651
Simulation4,933,1,background,1.7714285850524902,-0.8571377992630005
Simulation4,483,2,background,-0.2857142686843872,0.5142909288406372
Simulation4,869,0,sp3,-1.4285714626312256,-0.7428520917892456
Simulation4,486,6,sp2,0.05714297294616699,0.5142909288406372
Simulation4,302,7,sp1,-0.3999999761581421,1.0857194662094116
Simulation4,602,4,sp2,0.971428632736206,0.17143380641937256
Simulation4,1216,5,sp4,1.2000000476837158,-1.7714234590530396
Simulation4,1119,2,sp3,-1.6571428775787354,-1.5428520441055298
Simulation4,1177,5,sp4,0.8571429252624512,-1.6571377515792847
Simulation4,361,7,sp1,-1.8857142925262451,0.8571480512619019
Simulation4,1293,4,background,1.7714285850524902,-1.9999948740005493
Simulation4,546,7,sp1,-1.3142857551574707,0.28571951389312744
Simulation4,267,7,sp1,-0.2857142686843872,1.2000051736831665
Simulation4,552,3,background,-0.6285715103149414,0.28571951389312744
Simulation4,151,7,sp1,-1.2000000476837158,1.5428622961044312
Simulation4,1282,3,background,0.5142858028411865,-1.9999948740005493
Simulation4,244,2,background,1.2000000476837158,1.3142908811569214
Simulation4,1286,4,sp4,0.971428632736206,-1.9999948740005493
Simulation4,407,7,sp1,-0.7428572177886963,0.742862343788147
Simulation4,1189,4,sp3,-1.8857142925262451,-1.7714234590530396
Simulation4,1207,1,background,0.17142868041992188,-1.7714234590530396
Simulation4,1163,0,sp3,-0.7428572177886963,-1.6571377515792847
Simulation4,51,1,background,-0.2857142686843872,1.8857194185256958
Simulation4,259,7,sp1,-1.2000000476837158,1.2000051736831665
Simulation4,842,2,background,-0.3999999761581421,-0.6285663843154907
Simulation4,682,4,sp4,1.8857142925262451,-0.05713772773742676
Simulation4,1217,4,sp4,1.3142857551574707,-1.7714234590530396
Simulation4,73,3,background,-1.8857142925262451,1.771433711051941
Simulation4,556,4,background,-0.17142856121063232,0.28571951389312744
Simulation4,509,3,background,-1.4285714626312256,0.4000052213668823
Simulation4,1222,3,background,1.8857142925262451,-1.7714234590530396
Simulation4,1021,4,background,-0.5142858028411865,-1.1999949216842651
Simulation4,346,2,sp2,0.5142858028411865,0.9714337587356567
Simulation4,1068,5,sp4,0.7428572177886963,-1.31428062915802
Simulation4,160,4,background,-0.17142856121063232,1.5428622961044312
Simulation4,1043,3,background,2.0,-1.1999949216842651
Simulation4,473,1,background,-1.4285714626312256,0.5142909288406372
Simulation4,401,7,sp1,-1.4285714626312256,0.742862343788147
Simulation4,1044,0,sp3,-2.0,-1.31428062915802
Simulation4,611,6,sp2,2.0,0.17143380641937256
Simulation4,437,3,background,-1.4285714626312256,0.6285766363143921
Simulation4,699,4,background,-0.2857142686843872,-0.17142343521118164
Simulation4,840,3,background,-0.6285715103149414,-0.6285663843154907
Simulation4,902,0,sp3,-1.7714285850524902,-0.8571377992630005
Simulation4,974,0,sp3,-1.7714285850524902,-1.0857092142105103
Simulation4,949,3,background,-0.5142858028411865,-0.9714235067367554
Simulation4,1274,0,sp3,-0.3999999761581421,-1.9999948740005493
Simulation4,136,6,sp2,1.2000000476837158,1.657148003578186
Simulation4,720,4,sp3,-2.0,-0.2857091426849365
Simulation4,50,2,background,-0.3999999761581421,1.8857194185256958
Simulation4,709,5,sp4,0.8571429252624512,-0.17142343521118164
Simulation4,885,1,background,0.40000009536743164,-0.7428520917892456
Simulation4,785,4,sp4,1.3142857551574707,-0.3999948501586914
Simulation4,555,2,background,-0.2857142686843872,0.28571951389312744
Simulation4,765,3,background,-0.971428632736206,-0.3999948501586914
Simulation4,664,3,background,-0.17142856121063232,-0.05713772773742676
Simulation4,721,0,sp3,-1.8857142925262451,-0.2857091426849365
Simulation4,605,6,sp2,1.3142857551574707,0.17143380641937256
Simulation4,421,3,background,0.8571429252624512,0.742862343788147
Simulation4,564,2,sp2,0.7428572177886963,0.28571951389312744
Simulation4,318,1,sp2,1.4285714626312256,1.0857194662094116
Simulation4,42,7,sp1,-1.3142857551574707,1.8857194185256958
Simulation4,510,7,sp1,-1.3142857551574707,0.4000052213668823
Simulation4,658,3,background,-0.8571429252624512,-0.05713772773742676
Simulation4,1226,2,sp3,-1.7714285850524902,-1.8857091665267944
Simulation4,199,6,sp2,0.17142868041992188,1.4285765886306763
Simulation4,912,4,background,-0.6285715103149414,-0.8571377992630005
Simulation4,257,7,sp1,-1.4285714626312256,1.2000051736831665
Simulation4,94,6,sp2,0.5142858028411865,1.771433711051941
Simulation4,1089,4,sp3,-0.971428632736206,-1.428566336631775
Simulation4,1091,2,sp3,-0.7428572177886963,-1.428566336631775
Simulation4,845,4,background,-0.05714285373687744,-0.6285663843154907
Simulation4,819,4,sp4,1.085714340209961,-0.5142806768417358
Simulation4,1192,2,sp3,-1.5428571701049805,-1.7714234590530396
Simulation4,655,1,background,-1.2000000476837158,-0.05713772773742676
Simulation4,127,6,sp2,0.17142868041992188,1.657148003578186
Simulation4,517,1,background,-0.5142858028411865,0.4000052213668823
Simulation4,999,5,sp4,1.085714340209961,-1.0857092142105103
Simulation4,735,2,background,-0.2857142686843872,-0.2857091426849365
Simulation4,518,3,background,-0.3999999761581421,0.4000052213668823
Simulation4,984,4,background,-0.6285715103149414,-1.0857092142105103
Simulation4,258,4,sp1,-1.3142857551574707,1.2000051736831665
Simulation4,1147,4,background,1.5428571701049805,-1.5428520441055298
Simulation4,775,4,sp4,0.17142868041992188,-0.3999948501586914
Simulation4,1138,2,background,0.5142858028411865,-1.5428520441055298
Simulation4,665,4,background,-0.05714285373687744,-0.05713772773742676
Simulation4,369,1,sp1,-0.971428632736206,0.8571480512619019
Simulation4,1036,5,sp4,1.2000000476837158,-1.1999949216842651
Simulation4,986,3,background,-0.3999999761581421,-1.0857092142105103
Simulation4,829,0,sp3,-1.8857142925262451,-0.6285663843154907
Simulation4,81,7,sp1,-0.971428632736206,1.771433711051941
Simulation4,692,3,background,-1.085714340209961,-0.17142343521118164
Simulation4,619,7,sp1,-1.2000000476837158,0.057148098945617676
Simulation4,904,0,sp3,-1.5428571701049805,-0.8571377992630005
Simulation4,761,2,sp3,-1.4285714626312256,-0.3999948501586914
Simulation4,1001,5,sp4,1.3142857551574707,-1.0857092142105103
Simulation4,647,6,sp2,2.0,0.057148098945617676
Simulation4,375,2,sp1,-0.2857142686843872,0.8571480512619019
Simulation4,566,6,sp2,0.971428632736206,0.28571951389312744
Simulation4,1029,3,background,0.40000009536743164,-1.1999949216842651
Simulation4,1251,5,sp4,1.085714340209961,-1.8857091665267944
Simulation4,639,6,sp2,1.085714340209961,0.057148098945617676
Simulation4,23,1,sp2,0.6285715103149414,2.0000052452087402
Simulation4,859,5,sp4,1.5428571701049805,-0.6285663843154907
Simulation4,17,4,background,-0.05714285373687744,2.0000052452087402
Simulation4,557,3,background,-0.05714285373687744,0.28571951389312744
Simulation4,1161,0,sp3,-0.971428632736206,-1.6571377515792847
Simulation4,1067,3,background,0.6285715103149414,-1.31428062915802
Simulation4,714,5,sp4,1.4285714626312256,-0.17142343521118164
Simulation4,334,7,sp1,-0.8571429252624512,0.9714337587356567
Simulation4,299,7,sp1,-0.7428572177886963,1.0857194662094116
Simulation4,894,2,background,1.4285714626312256,-0.7428520917892456
Simulation4,124,4,background,-0.17142856121063232,1.657148003578186
Simulation4,313,2,background,0.8571429252624512,1.0857194662094116
Simulation4,420,3,background,0.7428572177886963,0.742862343788147
Simulation4,1130,0,sp3,-0.3999999761581421,-1.5428520441055298
Simulation4,30,6,sp2,1.4285714626312256,2.0000052452087402
Simulation4,1122,0,sp3,-1.3142857551574707,-1.5428520441055298
Simulation4,1140,5,sp4,0.7428572177886963,-1.5428520441055298
Simulation4,113,1,background,-1.4285714626312256,1.657148003578186
Simulation4,1133,4,sp3,-0.05714285373687744,-1.5428520441055298
Simulation4,114,1,sp1,-1.3142857551574707,1.657148003578186
Simulation4,1258,4,background,1.8857142925262451,-1.8857091665267944
Simulation4,36,1,background,-2.0,1.8857194185256958
Simulation4,3,2,background,-1.6571428775787354,2.0000052452087402
Simulation4,876,3,background,-0.6285715103149414,-0.7428520917892456
Simulation4,1294,2,background,1.8857142925262451,-1.9999948740005493
Simulation4,206,6,sp2,0.971428632736206,1.4285765886306763
Simulation4,271,6,sp2,0.17142868041992188,1.2000051736831665
Simulation4,1243,3,background,0.17142868041992188,-1.8857091665267944
Simulation4,247,6,sp2,1.5428571701049805,1.3142908811569214
Simulation4,457,2,sp2,0.8571429252624512,0.6285766363143921
Simulation4,253,7,sp1,-1.8857142925262451,1.2000051736831665
Simulation4,201,4,sp2,0.40000009536743164,1.4285765886306763
Simulation4,1070,5,sp4,0.971428632736206,-1.31428062915802
Simulation4,297,1,sp1,-0.971428632736206,1.0857194662094116
Simulation4,85,3,background,-0.5142858028411865,1.771433711051941
Simulation4,311,1,sp2,0.6285715103149414,1.0857194662094116
Simulation4,145,2,background,-1.8857142925262451,1.5428622961044312
Simulation4,690,3,background,-1.3142857551574707,-0.17142343521118164
Simulation4,1281,4,background,0.40000009536743164,-1.9999948740005493
Simulation4,848,5,sp4,0.28571438789367676,-0.6285663843154907
Simulation4,502,6,sp2,1.8857142925262451,0.5142909288406372
Simulation4,272,6,sp2,0.28571438789367676,1.2000051736831665
Simulation4,435,1,background,-1.6571428775787354,0.6285766363143921
Simulation4,264,7,sp1,-0.6285715103149414,1.2000051736831665
Simulation4,865,0,sp3,-1.8857142925262451,-0.7428520917892456
Simulation4,1078,2,background,1.8857142925262451,-1.31428062915802
Simulation4,330,4,sp1,-1.3142857551574707,0.9714337587356567
Simulation4,895,1,background,1.5428571701049805,-0.7428520917892456
Simulation4,671,5,sp4,0.6285715103149414,-0.05713772773742676
Simulation4,349,1,background,0.8571429252624512,0.9714337587356567
Simulation4,137,6,sp2,1.3142857551574707,1.657148003578186
Simulation4,130,6,sp2,0.5142858028411865,1.657148003578186
Simulation4,233,7,sp1,-0.05714285373687744,1.3142908811569214
Simulation4,993,4,background,0.40000009536743164,-1.0857092142105103
Simulation4,423,3,background,1.085714340209961,0.742862343788147
Simulation4,1205,4,sp3,-0.05714285373687744,-1.7714234590530396
Simulation4,191,7,sp1,-0.7428572177886963,1.4285765886306763
Simulation4,1113,4,background,1.7714285850524902,-1.428566336631775
Simulation4,31,6,sp2,1.5428571701049805,2.0000052452087402
Simulation4,242,4,background,0.971428632736206,1.3142908811569214
Simulation4,22,6,sp2,0.5142858028411865,2.0000052452087402
Simulation4,477,7,sp1,-0.971428632736206,0.5142909288406372
Simulation4,831,0,sp3,-1.6571428775787354,-0.6285663843154907
Simulation4,723,0,sp3,-1.6571428775787354,-0.2857091426849365
Simulation4,156,4,background,-0.6285715103149414,1.5428622961044312
Simulation4,1004,1,background,1.6571428775787354,-1.0857092142105103
Simulation4,657,3,background,-0.971428632736206,-0.05713772773742676
Simulation4,777,5,sp4,0.40000009536743164,-0.3999948501586914
Simulation4,927,5,sp4,1.085714340209961,-0.8571377992630005
Simulation4,409,4,sp1,-0.5142858028411865,0.742862343788147
Simulation4,333,7,sp1,-0.971428632736206,0.9714337587356567
Simulation4,286,2,sp2,1.8857142925262451,1.2000051736831665
Simulation4,962,5,sp4,0.971428632736206,-0.9714235067367554
Simulation4,686,2,sp3,-1.7714285850524902,-0.17142343521118164
Simulation4,764,4,background,-1.085714340209961,-0.3999948501586914
Simulation4,579,3,background,-1.6571428775787354,0.17143380641937256
Simulation4,521,4,background,-0.05714285373687744,0.4000052213668823
Simulation4,1149,4,background,1.7714285850524902,-1.5428520441055298
Simulation4,607,6,sp2,1.5428571701049805,0.17143380641937256
Simulation4,67,6,sp2,1.5428571701049805,1.8857194185256958
Simulation4,1198,4,sp3,-0.8571429252624512,-1.7714234590530396
Simulation4,1266,0,sp3,-1.3142857551574707,-1.9999948740005493
Simulation4,250,1,sp2,1.8857142925262451,1.3142908811569214
Simulation4,991,3,background,0.17142868041992188,-1.0857092142105103
Simulation4,996,4,sp4,0.7428572177886963,-1.0857092142105103
Simulation4,189,1,sp1,-0.971428632736206,1.4285765886306763
Simulation4,836,1,background,-1.085714340209961,-0.6285663843154907
Simulation4,1052,2,sp3,-1.085714340209961,-1.31428062915802
Simulation4,221,4,sp1,-1.4285714626312256,1.3142908811569214
Simulation4,140,6,sp2,1.6571428775787354,1.657148003578186
Simulation4,890,5,sp4,0.971428632736206,-0.7428520917892456
Simulation4,1143,5,sp4,1.085714340209961,-1.5428520441055298
Simulation4,1058,3,background,-0.3999999761581421,-1.31428062915802
Simulation4,753,5,sp4,1.7714285850524902,-0.2857091426849365
Simulation4,613,3,background,-1.8857142925262451,0.057148098945617676
Simulation4,584,7,sp1,-1.085714340209961,0.17143380641937256
Simulation4,929,4,sp4,1.3142857551574707,-0.8571377992630005
Simulation4,982,0,sp3,-0.8571429252624512,-1.0857092142105103
Simulation4,344,4,sp2,0.28571438789367676,0.9714337587356567
Simulation4,249,4,sp2,1.7714285850524902,1.3142908811569214
Simulation4,385,2,background,0.8571429252624512,0.8571480512619019
Simulation4,90,6,sp2,0.05714297294616699,1.771433711051941
Simulation4,1288,5,sp4,1.2000000476837158,-1.9999948740005493
Simulation4,465,4,sp2,1.7714285850524902,0.6285766363143921
Simulation4,324,7,sp1,-2.0,0.9714337587356567
Simulation4,660,2,background,-0.6285715103149414,-0.05713772773742676
Simulation4,715,4,sp4,1.5428571701049805,-0.17142343521118164
Simulation4,1009,4,sp3,-1.8857142925262451,-1.1999949216842651
Simulation4,1211,2,background,0.6285715103149414,-1.7714234590530396
Simulation4,327,7,sp1,-1.6571428775787354,0.9714337587356567
Simulation4,778,5,sp4,0.5142858028411865,-0.3999948501586914
Simulation4,296,7,sp1,-1.085714340209961,1.0857194662094116
Simulation4,1230,0,sp3,-1.3142857551574707,-1.8857091665267944
Simulation4,571,4,sp2,1.5428571701049805,0.28571951389312744
Simulation4,847,4,sp4,0.17142868041992188,-0.6285663843154907
Simulation4,531,6,sp2,1.085714340209961,0.4000052213668823
Simulation4,210,6,sp2,1.4285714626312256,1.4285765886306763
Simulation4,321,6,sp2,1.7714285850524902,1.0857194662094116
Simulation4,981,2,sp3,-0.971428632736206,-1.0857092142105103
Simulation4,832,0,sp3,-1.5428571701049805,-0.6285663843154907
Simulation4,515,7,sp1,-0.7428572177886963,0.4000052213668823
Simulation4,789,5,sp4,1.7714285850524902,-0.3999948501586914
Simulation4,886,3,background,0.5142858028411865,-0.7428520917892456
Simulation4,1083,0,sp3,-1.6571428775787354,-1.428566336631775
Simulation4,1193,0,sp3,-1.4285714626312256,-1.7714234590530396
Simulation4,1151,3,background,2.0,-1.5428520441055298
Simulation4,1295,3,background,2.0,-1.9999948740005493
Simulation4,8,7,sp1,-1.085714340209961,2.0000052452087402
Simulation4,1056,4,background,-0.6285715103149414,-1.31428062915802
Simulation4,741,5,sp4,0.40000009536743164,-0.2857091426849365
Simulation4,545,2,background,-1.4285714626312256,0.28571951389312744
Simulation4,805,2,background,-0.5142858028411865,-0.5142806768417358
Simulation4,980,1,sp3,-1.085714340209961,-1.0857092142105103
Simulation4,649,1,sp3,-1.8857142925262451,-0.05713772773742676
Simulation4,282,2,sp2,1.4285714626312256,1.2000051736831665
Simulation4,1108,5,sp4,1.2000000476837158,-1.428566336631775
Simulation4,1023,3,background,-0.2857142686843872,-1.1999949216842651
Simulation4,1210,3,background,0.5142858028411865,-1.7714234590530396
Simulation4,752,5,sp4,1.6571428775787354,-0.2857091426849365
Simulation4,975,1,sp3,-1.6571428775787354,-1.0857092142105103
Simulation4,958,1,background,0.5142858028411865,-0.9714235067367554
Simulation4,597,6,sp2,0.40000009536743164,0.17143380641937256
Simulation4,1202,0,sp3,-0.3999999761581421,-1.7714234590530396
Simulation4,146,3,background,-1.7714285850524902,1.5428622961044312
Simulation4,449,3,background,-0.05714285373687744,0.6285766363143921
Simulation4,1038,3,background,1.4285714626312256,-1.1999949216842651
Simulation4,1132,4,sp3,-0.17142856121063232,-1.5428520441055298
Simulation4,413,2,sp1,-0.05714285373687744,0.742862343788147
Simulation4,202,6,sp2,0.5142858028411865,1.4285765886306763
Simulation4,275,6,sp2,0.6285715103149414,1.2000051736831665
Simulation4,1186,3,background,1.8857142925262451,-1.6571377515792847
Simulation4,1227,2,sp3,-1.6571428775787354,-1.8857091665267944
Simulation4,635,6,sp2,0.6285715103149414,0.057148098945617676
Simulation4,472,3,background,-1.5428571701049805,0.5142909288406372
Simulation4,1264,4,sp3,-1.5428571701049805,-1.9999948740005493
Simulation4,822,5,sp4,1.4285714626312256,-0.5142806768417358
Simulation4,1242,3,background,0.05714297294616699,-1.8857091665267944
Simulation4,445,3,background,-0.5142858028411865,0.6285766363143921
Simulation4,441,7,sp1,-0.971428632736206,0.6285766363143921
Simulation4,892,2,sp4,1.2000000476837158,-0.7428520917892456
Simulation4,364,7,sp1,-1.5428571701049805,0.8571480512619019
Simulation4,767,4,background,-0.7428572177886963,-0.3999948501586914
Simulation4,882,4,background,0.05714297294616699,-0.7428520917892456
Simulation4,1154,4,sp3,-1.7714285850524902,-1.6571377515792847
Simulation4,1109,2,sp4,1.3142857551574707,-1.428566336631775
Simulation4,359,2,sp2,2.0,0.9714337587356567
Simulation4,429,6,sp2,1.7714285850524902,0.742862343788147
Simulation4,1259,4,background,2.0,-1.8857091665267944
Simulation4,833,2,sp3,-1.4285714626312256,-0.6285663843154907
Simulation4,459,6,sp2,1.085714340209961,0.6285766363143921
Simulation4,1272,1,sp3,-0.6285715103149414,-1.9999948740005493
Simulation4,504,3,background,-2.0,0.4000052213668823
Simulation4,1134,3,background,0.05714297294616699,-1.5428520441055298
Simulation4,171,6,sp2,1.085714340209961,1.5428622961044312
Simulation4,1209,4,background,0.40000009536743164,-1.7714234590530396
Simulation4,331,7,sp1,-1.2000000476837158,0.9714337587356567
Simulation4,1171,1,background,0.17142868041992188,-1.6571377515792847
Simulation4,858,2,sp4,1.4285714626312256,-0.6285663843154907
Simulation4,782,4,sp4,0.971428632736206,-0.3999948501586914
Simulation4,796,4,sp3,-1.5428571701049805,-0.5142806768417358
Simulation4,586,7,sp1,-0.8571429252624512,0.17143380641937256
Simulation4,654,4,background,-1.3142857551574707,-0.05713772773742676
Simulation4,269,7,sp1,-0.05714285373687744,1.2000051736831665
Simulation4,947,0,sp3,-0.7428572177886963,-0.9714235067367554
Simulation4,756,0,sp3,-2.0,-0.3999948501586914
Simulation4,553,3,background,-0.5142858028411865,0.28571951389312744
Simulation4,535,6,sp2,1.5428571701049805,0.4000052213668823
Simulation4,118,1,sp1,-0.8571429252624512,1.657148003578186
Simulation4,621,7,sp1,-0.971428632736206,0.057148098945617676
Simulation4,92,2,sp2,0.28571438789367676,1.771433711051941
Simulation4,268,7,sp1,-0.17142856121063232,1.2000051736831665
Simulation4,9,2,sp1,-0.971428632736206,2.0000052452087402
Simulation4,596,2,sp2,0.28571438789367676,0.17143380641937256
Simulation4,351,3,background,1.085714340209961,0.9714337587356567
Simulation4,305,7,sp1,-0.05714285373687744,1.0857194662094116
Simulation4,1170,4,background,0.05714297294616699,-1.6571377515792847
Simulation4,662,3,background,-0.3999999761581421,-0.05713772773742676
Simulation4,211,6,sp2,1.5428571701049805,1.4285765886306763
Simulation4,849,5,sp4,0.40000009536743164,-0.6285663843154907
Simulation4,1074,3,background,1.4285714626312256,-1.31428062915802
Simulation4,1254,2,background,1.4285714626312256,-1.8857091665267944
Simulation4,953,4,background,-0.05714285373687744,-0.9714235067367554
Simulation4,755,5,sp4,2.0,-0.2857091426849365
Simulation4,525,6,sp2,0.40000009536743164,0.4000052213668823
Simulation4,816,5,sp4,0.7428572177886963,-0.5142806768417358
Simulation4,875,2,sp3,-0.7428572177886963,-0.7428520917892456
Simulation4,558,6,sp2,0.05714297294616699,0.28571951389312744
Simulation4,1098,1,background,0.05714297294616699,-1.428566336631775
Simulation4,1167,2,sp3,-0.2857142686843872,-1.6571377515792847
Simulation4,897,3,background,1.7714285850524902,-0.7428520917892456
Simulation4,603,4,sp2,1.085714340209961,0.17143380641937256
Simulation4,167,1,sp2,0.6285715103149414,1.5428622961044312
Simulation4,245,3,background,1.3142857551574707,1.3142908811569214
Simulation4,1121,4,sp3,-1.4285714626312256,-1.5428520441055298
Simulation4,514,1,sp1,-0.8571429252624512,0.4000052213668823
Simulation4,1241,0,sp3,-0.05714285373687744,-1.8857091665267944
Simulation4,976,0,sp3,-1.5428571701049805,-1.0857092142105103
Simulation4,928,5,sp4,1.2000000476837158,-0.8571377992630005
Simulation4,577,1,background,-1.8857142925262451,0.17143380641937256
Simulation4,116,7,sp1,-1.085714340209961,1.657148003578186
Simulation4,417,4,sp2,0.40000009536743164,0.742862343788147
Simulation4,1084,0,sp3,-1.5428571701049805,-1.428566336631775
Simulation4,532,2,sp2,1.2000000476837158,0.4000052213668823
Simulation4,738,5,sp4,0.05714297294616699,-0.2857091426849365
Simulation4,1051,0,sp3,-1.2000000476837158,-1.31428062915802
Simulation4,1114,2,background,1.8857142925262451,-1.428566336631775
Simulation4,666,5,sp4,0.05714297294616699,-0.05713772773742676
Simulation4,484,3,background,-0.17142856121063232,0.5142909288406372
Simulation4,217,7,sp1,-1.8857142925262451,1.3142908811569214
Simulation4,227,7,sp1,-0.7428572177886963,1.3142908811569214
Simulation4,1047,0,sp3,-1.6571428775787354,-1.31428062915802
Simulation4,995,4,background,0.6285715103149414,-1.0857092142105103
Simulation4,628,1,background,-0.17142856121063232,0.057148098945617676
Simulation4,1054,2,sp3,-0.8571429252624512,-1.31428062915802
Simulation4,680,2,sp4,1.6571428775787354,-0.05713772773742676
Simulation4,121,3,background,-0.5142858028411865,1.657148003578186
Simulation4,485,1,background,-0.05714285373687744,0.5142909288406372
Simulation4,1235,4,sp3,-0.7428572177886963,-1.8857091665267944
Simulation4,769,3,background,-0.5142858028411865,-0.3999948501586914
Simulation4,1110,3,background,1.4285714626312256,-1.428566336631775
Simulation4,225,7,sp1,-0.971428632736206,1.3142908811569214
Simulation4,1197,1,sp3,-0.971428632736206,-1.7714234590530396
Simulation4,642,6,sp2,1.4285714626312256,0.057148098945617676
Simulation4,683,5,sp4,2.0,-0.05713772773742676
Simulation4,337,7,sp1,-0.5142858028411865,0.9714337587356567
Simulation4,622,7,sp1,-0.8571429252624512,0.057148098945617676
Simulation4,542,4,background,-1.7714285850524902,0.28571951389312744
Simulation4,903,4,sp3,-1.6571428775787354,-0.8571377992630005
Simulation4,447,3,background,-0.2857142686843872,0.6285766363143921
Simulation4,508,4,background,-1.5428571701049805,0.4000052213668823
Simulation4,844,3,background,-0.17142856121063232,-0.6285663843154907
Simulation4,766,2,background,-0.8571429252624512,-0.3999948501586914
Simulation4,669,4,sp4,0.40000009536743164,-0.05713772773742676
Simulation4,942,0,sp3,-1.3142857551574707,-0.9714235067367554
Simulation4,1002,2,background,1.4285714626312256,-1.0857092142105103
Simulation4,771,3,background,-0.2857142686843872,-0.3999948501586914
Simulation4,838,3,background,-0.8571429252624512,-0.6285663843154907
Simulation4,1196,0,sp3,-1.085714340209961,-1.7714234590530396
Simulation4,69,1,sp2,1.7714285850524902,1.8857194185256958
Simulation4,123,3,background,-0.2857142686843872,1.657148003578186
Simulation4,719,5,sp4,2.0,-0.17142343521118164
Simulation4,934,3,background,1.8857142925262451,-0.8571377992630005
Simulation4,661,2,background,-0.5142858028411865,-0.05713772773742676
Simulation4,1080,2,sp3,-2.0,-1.428566336631775
Simulation4,783,4,sp4,1.085714340209961,-0.3999948501586914
Simulation4,455,6,sp2,0.6285715103149414,0.6285766363143921
Simulation4,900,0,sp3,-2.0,-0.8571377992630005
Simulation4,182,2,background,-1.7714285850524902,1.4285765886306763
Simulation4,1097,4,sp3,-0.05714285373687744,-1.428566336631775
Simulation4,325,7,sp1,-1.8857142925262451,0.9714337587356567
Simulation4,1101,3,background,0.40000009536743164,-1.428566336631775
Simulation4,1076,3,background,1.6571428775787354,-1.31428062915802
Simulation4,368,1,sp1,-1.085714340209961,0.8571480512619019
Simulation4,115,7,sp1,-1.2000000476837158,1.657148003578186
Simulation4,1026,3,background,0.05714297294616699,-1.1999949216842651
Simulation4,506,3,background,-1.7714285850524902,0.4000052213668823
Simulation4,254,7,sp1,-1.7714285850524902,1.2000051736831665
Simulation4,218,1,sp1,-1.7714285850524902,1.3142908811569214
Simulation4,49,1,background,-0.5142858028411865,1.8857194185256958
Simulation4,857,5,sp4,1.3142857551574707,-0.6285663843154907
Simulation4,644,4,sp2,1.6571428775787354,0.057148098945617676
Simulation4,1042,1,background,1.8857142925262451,-1.1999949216842651
Simulation4,1213,4,sp4,0.8571429252624512,-1.7714234590530396
Simulation4,341,7,sp1,-0.05714285373687744,0.9714337587356567
Simulation4,208,4,sp2,1.2000000476837158,1.4285765886306763
Simulation4,317,3,background,1.3142857551574707,1.0857194662094116
Simulation4,132,1,sp2,0.7428572177886963,1.657148003578186
Simulation4,815,5,sp4,0.6285715103149414,-0.5142806768417358
Simulation4,618,7,sp1,-1.3142857551574707,0.057148098945617676
Simulation4,599,1,sp2,0.6285715103149414,0.17143380641937256
Simulation4,1183,3,background,1.5428571701049805,-1.6571377515792847
Simulation4,604,6,sp2,1.2000000476837158,0.17143380641937256
Simulation4,601,6,sp2,0.8571429252624512,0.17143380641937256
Simulation4,461,6,sp2,1.3142857551574707,0.6285766363143921
Simulation4,108,4,background,-2.0,1.657148003578186
Simulation4,1063,2,background,0.17142868041992188,-1.31428062915802
Simulation4,125,2,background,-0.05714285373687744,1.657148003578186
Simulation4,466,4,sp2,1.8857142925262451,0.6285766363143921
Simulation4,1062,3,background,0.05714297294616699,-1.31428062915802
Simulation4,581,3,background,-1.4285714626312256,0.17143380641937256
Simulation4,1018,0,sp3,-0.8571429252624512,-1.1999949216842651
Simulation4,615,4,background,-1.6571428775787354,0.057148098945617676
Simulation4,470,4,background,-1.7714285850524902,0.5142909288406372
Simulation4,548,7,sp1,-1.085714340209961,0.28571951389312744
Simulation4,152,7,sp1,-1.085714340209961,1.5428622961044312
Simulation4,812,5,sp4,0.28571438789367676,-0.5142806768417358
Simulation4,29,6,sp2,1.3142857551574707,2.0000052452087402
Simulation4,526,1,sp2,0.5142858028411865,0.4000052213668823
Simulation4,641,6,sp2,1.3142857551574707,0.057148098945617676
Simulation4,80,1,sp1,-1.085714340209961,1.771433711051941
Simulation4,1187,1,background,2.0,-1.6571377515792847
Simulation4,663,3,background,-0.2857142686843872,-0.05713772773742676
Simulation4,1229,0,sp3,-1.4285714626312256,-1.8857091665267944
Simulation4,612,3,background,-2.0,0.057148098945617676
Simulation4,1284,5,sp4,0.7428572177886963,-1.9999948740005493
Simulation4,1261,1,sp3,-1.8857142925262451,-1.9999948740005493
Simulation4,813,5,sp4,0.40000009536743164,-0.5142806768417358
Simulation4,399,7,sp1,-1.6571428775787354,0.742862343788147
Simulation4,86,3,background,-0.3999999761581421,1.771433711051941
Simulation4,1267,0,sp3,-1.2000000476837158,-1.9999948740005493
Simulation4,198,4,sp2,0.05714297294616699,1.4285765886306763
Simulation4,133,6,sp2,0.8571429252624512,1.657148003578186
Simulation4,754,2,sp4,1.8857142925262451,-0.2857091426849365
Simulation4,1168,2,sp3,-0.17142856121063232,-1.6571377515792847
Simulation4,988,3,background,-0.17142856121063232,-1.0857092142105103
Simulation4,1228,0,sp3,-1.5428571701049805,-1.8857091665267944
Simulation4,431,6,sp2,2.0,0.742862343788147
Simulation4,173,4,sp2,1.3142857551574707,1.5428622961044312
Simulation4,33,6,sp2,1.7714285850524902,2.0000052452087402
Simulation4,1271,2,sp3,-0.7428572177886963,-1.9999948740005493
Simulation4,57,4,sp2,0.40000009536743164,1.8857194185256958
Simulation4,357,4,sp2,1.7714285850524902,0.9714337587356567
Simulation4,722,2,sp3,-1.7714285850524902,-0.2857091426849365
Simulation4,41,3,background,-1.4285714626312256,1.8857194185256958
Simulation4,284,2,sp2,1.6571428775787354,1.2000051736831665
Simulation4,204,2,sp2,0.7428572177886963,1.4285765886306763
Simulation4,88,2,background,-0.17142856121063232,1.771433711051941
Simulation4,792,0,sp3,-2.0,-0.5142806768417358
Simulation4,1224,0,sp3,-2.0,-1.8857091665267944
Simulation4,290,7,sp1,-1.7714285850524902,1.0857194662094116
Simulation4,617,1,background,-1.4285714626312256,0.057148098945617676
Simulation4,1079,2,background,2.0,-1.31428062915802
Simulation4,474,1,sp1,-1.3142857551574707,0.5142909288406372
Simulation4,979,4,sp3,-1.2000000476837158,-1.0857092142105103
Simulation4,1246,4,background,0.5142858028411865,-1.8857091665267944
Simulation4,288,7,sp1,-2.0,1.0857194662094116
Simulation4,1017,0,sp3,-0.971428632736206,-1.1999949216842651
Simulation4,946,4,sp3,-0.8571429252624512,-0.9714235067367554
Simulation4,164,6,sp2,0.28571438789367676,1.5428622961044312
Simulation4,533,6,sp2,1.3142857551574707,0.4000052213668823
Simulation4,87,3,background,-0.2857142686843872,1.771433711051941
Simulation4,112,4,background,-1.5428571701049805,1.657148003578186
Simulation4,967,3,background,1.5428571701049805,-0.9714235067367554
Simulation4,977,0,sp3,-1.4285714626312256,-1.0857092142105103
Simulation4,230,7,sp1,-0.3999999761581421,1.3142908811569214
Simulation4,20,6,sp2,0.28571438789367676,2.0000052452087402
Simulation4,1253,5,sp4,1.3142857551574707,-1.8857091665267944
Simulation4,1174,2,background,0.5142858028411865,-1.6571377515792847
Simulation4,883,3,background,0.17142868041992188,-0.7428520917892456
Simulation4,75,3,background,-1.6571428775787354,1.771433711051941
Simulation4,480,2,background,-0.6285715103149414,0.5142909288406372
Simulation4,1289,5,sp4,1.3142857551574707,-1.9999948740005493
Simulation4,1238,0,sp3,-0.3999999761581421,-1.8857091665267944
Simulation4,265,7,sp1,-0.5142858028411865,1.2000051736831665
Simulation4,786,2,sp4,1.4285714626312256,-0.3999948501586914
Simulation4,589,3,background,-0.5142858028411865,0.17143380641937256
Simulation4,71,6,sp2,2.0,1.8857194185256958
Simulation4,1028,3,background,0.28571438789367676,-1.1999949216842651
Simulation4,343,6,sp2,0.17142868041992188,0.9714337587356567
Simulation4,1032,5,sp4,0.7428572177886963,-1.1999949216842651
Simulation4,1212,4,sp4,0.7428572177886963,-1.7714234590530396
Simulation4,1039,1,background,1.5428571701049805,-1.1999949216842651
Simulation4,100,6,sp2,1.2000000476837158,1.771433711051941
Simulation4,350,3,background,0.971428632736206,0.9714337587356567
Simulation4,471,3,background,-1.6571428775787354,0.5142909288406372
Simulation4,84,3,background,-0.6285715103149414,1.771433711051941
Simulation4,408,4,sp1,-0.6285715103149414,0.742862343788147
Simulation4,593,3,background,-0.05714285373687744,0.17143380641937256
Simulation4,863,5,sp4,2.0,-0.6285663843154907
Simulation4,6,7,sp1,-1.3142857551574707,2.0000052452087402
Simulation4,1035,5,sp4,1.085714340209961,-1.1999949216842651
Simulation4,34,6,sp2,1.8857142925262451,2.0000052452087402
Simulation4,1148,3,background,1.6571428775787354,-1.5428520441055298
Simulation4,1066,3,background,0.5142858028411865,-1.31428062915802
Simulation4,18,1,sp2,0.05714297294616699,2.0000052452087402
Simulation4,901,0,sp3,-1.8857142925262451,-0.8571377992630005
Simulation4,155,7,sp1,-0.7428572177886963,1.5428622961044312
Simulation4,279,4,background,1.085714340209961,1.2000051736831665
Simulation4,888,5,sp4,0.7428572177886963,-0.7428520917892456
Simulation4,1270,4,sp3,-0.8571429252624512,-1.9999948740005493
Simulation4,705,4,sp4,0.40000009536743164,-0.17142343521118164
Simulation4,727,1,background,-1.2000000476837158,-0.2857091426849365
Simulation4,1268,0,sp3,-1.085714340209961,-1.9999948740005493
Simulation4,987,3,background,-0.2857142686843872,-1.0857092142105103
Simulation4,338,2,sp1,-0.3999999761581421,0.9714337587356567
Simulation4,240,1,background,0.7428572177886963,1.3142908811569214
Simulation4,200,6,sp2,0.28571438789367676,1.4285765886306763
Simulation4,379,6,sp2,0.17142868041992188,0.8571480512619019
Simulation4,972,1,sp3,-2.0,-1.0857092142105103
Simulation4,1176,2,sp4,0.7428572177886963,-1.6571377515792847
Simulation4,762,3,background,-1.3142857551574707,-0.3999948501586914
Simulation4,444,3,background,-0.6285715103149414,0.6285766363143921
Simulation4,799,2,background,-1.2000000476837158,-0.5142806768417358
Simulation4,530,6,sp2,0.971428632736206,0.4000052213668823
Simulation4,520,1,background,-0.17142856121063232,0.4000052213668823
Simulation4,425,4,background,1.3142857551574707,0.742862343788147
Simulation4,790,4,sp4,1.8857142925262451,-0.3999948501586914
Simulation4,345,6,sp2,0.40000009536743164,0.9714337587356567
Simulation4,582,7,sp1,-1.3142857551574707,0.17143380641937256
Simulation4,382,2,sp2,0.5142858028411865,0.8571480512619019
Simulation4,289,7,sp1,-1.8857142925262451,1.0857194662094116
Simulation4,609,4,sp2,1.7714285850524902,0.17143380641937256
Simulation4,320,6,sp2,1.6571428775787354,1.0857194662094116
Simulation4,1128,0,sp3,-0.6285715103149414,-1.5428520441055298
Simulation4,625,3,background,-0.5142858028411865,0.057148098945617676
Simulation4,187,1,sp1,-1.2000000476837158,1.4285765886306763
Simulation4,1175,4,background,0.6285715103149414,-1.6571377515792847
Simulation4,1003,4,background,1.5428571701049805,-1.0857092142105103
Simulation4,365,7,sp1,-1.4285714626312256,0.8571480512619019
Simulation4,147,1,background,-1.6571428775787354,1.5428622961044312
Simulation4,955,2,background,0.17142868041992188,-0.9714235067367554
Simulation4,860,5,sp4,1.6571428775787354,-0.6285663843154907
Simulation4,1060,4,background,-0.17142856121063232,-1.31428062915802
Simulation4,1139,3,background,0.6285715103149414,-1.5428520441055298
Simulation4,527,4,sp2,0.6285715103149414,0.4000052213668823
Simulation4,794,0,sp3,-1.7714285850524902,-0.5142806768417358
Simulation4,1200,4,sp3,-0.6285715103149414,-1.7714234590530396
Simulation4,207,6,sp2,1.085714340209961,1.4285765886306763
Simulation4,549,1,sp1,-0.971428632736206,0.28571951389312744
Simulation4,178,6,sp2,1.8857142925262451,1.5428622961044312
Simulation4,1215,5,sp4,1.085714340209961,-1.7714234590530396
Simulation4,281,4,background,1.3142857551574707,1.2000051736831665
Simulation4,228,7,sp1,-0.6285715103149414,1.3142908811569214
Simulation4,1204,2,sp3,-0.17142856121063232,-1.7714234590530396
Simulation4,787,5,sp4,1.5428571701049805,-0.3999948501586914
Simulation4,479,7,sp1,-0.7428572177886963,0.5142909288406372
Simulation4,1236,1,sp3,-0.6285715103149414,-1.8857091665267944
Simulation4,59,1,sp2,0.6285715103149414,1.8857194185256958
Simulation4,935,4,background,2.0,-0.8571377992630005
Simulation4,335,7,sp1,-0.7428572177886963,0.9714337587356567
Simulation4,585,2,sp1,-0.971428632736206,0.17143380641937256
Simulation4,355,1,sp2,1.5428571701049805,0.9714337587356567
Simulation4,374,7,sp1,-0.3999999761581421,0.8571480512619019
Simulation4,74,4,background,-1.7714285850524902,1.771433711051941
Simulation4,40,4,background,-1.5428571701049805,1.8857194185256958
Simulation4,1195,0,sp3,-1.2000000476837158,-1.7714234590530396
Simulation4,356,6,sp2,1.6571428775787354,0.9714337587356567
Simulation4,810,4,sp4,0.05714297294616699,-0.5142806768417358
Simulation4,802,1,background,-0.8571429252624512,-0.5142806768417358
Simulation4,39,3,background,-1.6571428775787354,1.8857194185256958
Simulation4,718,5,sp4,1.8857142925262451,-0.17142343521118164
Simulation4,363,7,sp1,-1.6571428775787354,0.8571480512619019
Simulation4,964,5,sp4,1.2000000476837158,-0.9714235067367554
Simulation4,729,3,background,-0.971428632736206,-0.2857091426849365
Simulation4,944,2,sp3,-1.085714340209961,-0.9714235067367554
Simulation4,1237,0,sp3,-0.5142858028411865,-1.8857091665267944
Simulation4,1257,2,background,1.7714285850524902,-1.8857091665267944
Simulation4,1153,2,sp3,-1.8857142925262451,-1.6571377515792847
Simulation4,316,3,background,1.2000000476837158,1.0857194662094116
Simulation4,241,2,background,0.8571429252624512,1.3142908811569214
Simulation4,823,5,sp4,1.5428571701049805,-0.5142806768417358
Simulation4,650,0,sp3,-1.7714285850524902,-0.05713772773742676
Simulation4,476,7,sp1,-1.085714340209961,0.5142909288406372
Simulation4,507,2,background,-1.6571428775787354,0.4000052213668823
Simulation4,1221,4,background,1.7714285850524902,-1.7714234590530396
Simulation4,749,2,sp4,1.3142857551574707,-0.2857091426849365
Simulation4,1223,3,background,2.0,-1.7714234590530396
Simulation4,945,2,sp3,-0.971428632736206,-0.9714235067367554
Simulation4,154,1,sp1,-0.8571429252624512,1.5428622961044312
Simulation4,716,5,sp4,1.6571428775787354,-0.17142343521118164
Simulation4,495,6,sp2,1.085714340209961,0.5142909288406372
Simulation4,862,5,sp4,1.8857142925262451,-0.6285663843154907
Simulation4,932,3,background,1.6571428775787354,-0.8571377992630005
Simulation4,656,3,background,-1.085714340209961,-0.05713772773742676
Simulation4,205,6,sp2,0.8571429252624512,1.4285765886306763
Simulation4,516,4,background,-0.6285715103149414,0.4000052213668823
Simulation4,1292,3,background,1.6571428775787354,-1.9999948740005493
Simulation4,923,3,background,0.6285715103149414,-0.8571377992630005
Simulation4,1278,1,background,0.05714297294616699,-1.9999948740005493
Simulation4,54,6,sp2,0.05714297294616699,1.8857194185256958
Simulation4,1102,3,background,0.5142858028411865,-1.428566336631775
Simulation4,0,4,background,-2.0,2.0000052452087402
Simulation4,1188,0,sp3,-2.0,-1.7714234590530396
Simulation4,688,0,sp3,-1.5428571701049805,-0.17142343521118164
Simulation4,569,1,sp2,1.3142857551574707,0.28571951389312744
Simulation4,209,2,sp2,1.3142857551574707,1.4285765886306763
Simulation4,1276,2,sp3,-0.17142856121063232,-1.9999948740005493
Simulation4,703,4,sp4,0.17142868041992188,-0.17142343521118164
Simulation4,1099,2,background,0.17142868041992188,-1.428566336631775
Simulation4,629,4,background,-0.05714285373687744,0.057148098945617676
Simulation4,983,0,sp3,-0.7428572177886963,-1.0857092142105103
Simulation4,630,4,sp2,0.05714297294616699,0.057148098945617676
Simulation4,726,3,background,-1.3142857551574707,-0.2857091426849365
Simulation4,907,2,sp3,-1.2000000476837158,-0.8571377992630005
Simulation4,415,4,sp2,0.17142868041992188,0.742862343788147
Simulation4,1263,4,sp3,-1.6571428775787354,-1.9999948740005493
Simulation4,513,7,sp1,-0.971428632736206,0.4000052213668823
Simulation4,1019,0,sp3,-0.7428572177886963,-1.1999949216842651
Simulation4,632,6,sp2,0.28571438789367676,0.057148098945617676
Simulation4,179,2,sp2,2.0,1.5428622961044312
Simulation4,1048,0,sp3,-1.5428571701049805,-1.31428062915802
Simulation4,1064,3,background,0.28571438789367676,-1.31428062915802
Simulation4,405,7,sp1,-0.971428632736206,0.742862343788147
Simulation4,697,3,background,-0.5142858028411865,-0.17142343521118164
Simulation4,424,4,background,1.2000000476837158,0.742862343788147
Simulation4,1124,4,sp3,-1.085714340209961,-1.5428520441055298
Simulation4,107,6,sp2,2.0,1.771433711051941
Simulation4,978,0,sp3,-1.3142857551574707,-1.0857092142105103
Simulation4,214,6,sp2,1.8857142925262451,1.4285765886306763
Simulation4,591,3,background,-0.2857142686843872,0.17143380641937256
Simulation4,505,2,background,-1.8857142925262451,0.4000052213668823
Simulation4,456,6,sp2,0.7428572177886963,0.6285766363143921
Simulation4,216,7,sp1,-2.0,1.3142908811569214
Simulation4,1231,2,sp3,-1.2000000476837158,-1.8857091665267944
Simulation4,184,1,background,-1.5428571701049805,1.4285765886306763
Simulation4,446,1,background,-0.3999999761581421,0.6285766363143921
Simulation4,1024,3,background,-0.17142856121063232,-1.1999949216842651
Simulation4,110,3,background,-1.7714285850524902,1.657148003578186
Simulation4,386,4,background,0.971428632736206,0.8571480512619019
Simulation4,11,7,sp1,-0.7428572177886963,2.0000052452087402
Simulation4,936,2,sp3,-2.0,-0.9714235067367554
Simulation4,149,3,background,-1.4285714626312256,1.5428622961044312
Simulation4,968,2,background,1.6571428775787354,-0.9714235067367554
Simulation4,161,3,background,-0.05714285373687744,1.5428622961044312
Simulation4,432,3,background,-2.0,0.6285766363143921
Simulation4,1249,4,sp4,0.8571429252624512,-1.8857091665267944
Simulation4,930,1,background,1.4285714626312256,-0.8571377992630005
Simulation4,301,7,sp1,-0.5142858028411865,1.0857194662094116
Simulation4,1287,5,sp4,1.085714340209961,-1.9999948740005493
Simulation4,587,7,sp1,-0.7428572177886963,0.17143380641937256
Simulation4,231,7,sp1,-0.2857142686843872,1.3142908811569214
Simulation4,326,7,sp1,-1.7714285850524902,0.9714337587356567
Simulation4,1069,5,sp4,0.8571429252624512,-1.31428062915802
Simulation4,712,4,sp4,1.2000000476837158,-0.17142343521118164
Simulation4,358,6,sp2,1.8857142925262451,0.9714337587356567
Simulation4,342,1,sp2,0.05714297294616699,0.9714337587356567
Simulation4,594,6,sp2,0.05714297294616699,0.17143380641937256
Simulation4,920,2,background,0.28571438789367676,-0.8571377992630005
Simulation4,1111,4,background,1.5428571701049805,-1.428566336631775
Simulation4,328,7,sp1,-1.5428571701049805,0.9714337587356567
Simulation4,203,1,sp2,0.6285715103149414,1.4285765886306763
Simulation4,1181,4,sp4,1.3142857551574707,-1.6571377515792847
Simulation4,251,6,sp2,2.0,1.3142908811569214
Simulation4,419,1,sp2,0.6285715103149414,0.742862343788147
Simulation4,737,4,background,-0.05714285373687744,-0.2857091426849365
Simulation4,163,2,sp2,0.17142868041992188,1.5428622961044312
Simulation4,648,0,sp3,-2.0,-0.05713772773742676
Simulation4,235,1,sp2,0.17142868041992188,1.3142908811569214
Simulation4,1160,0,sp3,-1.085714340209961,-1.6571377515792847
Simulation4,158,2,background,-0.3999999761581421,1.5428622961044312
Simulation4,38,3,background,-1.7714285850524902,1.8857194185256958
Simulation4,1277,0,sp3,-0.05714285373687744,-1.9999948740005493
Simulation4,7,7,sp1,-1.2000000476837158,2.0000052452087402
Simulation4,4,1,background,-1.5428571701049805,2.0000052452087402
Simulation4,1162,4,sp3,-0.8571429252624512,-1.6571377515792847
Simulation4,183,3,background,-1.6571428775787354,1.4285765886306763
Simulation4,256,7,sp1,-1.5428571701049805,1.2000051736831665
Simulation4,583,7,sp1,-1.2000000476837158,0.17143380641937256
Simulation4,76,2,background,-1.5428571701049805,1.771433711051941
Simulation4,1061,3,background,-0.05714285373687744,-1.31428062915802
Simulation4,367,7,sp1,-1.2000000476837158,0.8571480512619019
Simulation4,175,2,sp2,1.5428571701049805,1.5428622961044312
Simulation4,60,6,sp2,0.7428572177886963,1.8857194185256958
Simulation4,1007,3,background,2.0,-1.0857092142105103
Simulation4,1129,4,sp3,-0.5142858028411865,-1.5428520441055298
Simulation4,1283,3,background,0.6285715103149414,-1.9999948740005493
Simulation4,1071,5,sp4,1.085714340209961,-1.31428062915802
Simulation4,868,1,sp3,-1.5428571701049805,-0.7428520917892456
Simulation4,1012,0,sp3,-1.5428571701049805,-1.1999949216842651
Simulation4,851,4,sp4,0.6285715103149414,-0.6285663843154907
Simulation4,188,7,sp1,-1.085714340209961,1.4285765886306763
Simulation4,312,2,background,0.7428572177886963,1.0857194662094116
Simulation4,511,1,sp1,-1.2000000476837158,0.4000052213668823
Simulation4,910,0,sp3,-0.8571429252624512,-0.8571377992630005
Simulation4,150,1,sp1,-1.3142857551574707,1.5428622961044312
Simulation4,620,7,sp1,-1.085714340209961,0.057148098945617676
Simulation4,1059,3,background,-0.2857142686843872,-1.31428062915802
Simulation4,487,4,sp2,0.17142868041992188,0.5142909288406372
Simulation4,846,5,sp4,0.05714297294616699,-0.6285663843154907
Simulation4,192,3,background,-0.6285715103149414,1.4285765886306763
Simulation4,572,6,sp2,1.6571428775787354,0.28571951389312744
Simulation4,52,3,background,-0.17142856121063232,1.8857194185256958
Simulation4,143,4,sp2,2.0,1.657148003578186
Simulation4,1055,0,sp3,-0.7428572177886963,-1.31428062915802
Simulation4,89,2,background,-0.05714285373687744,1.771433711051941
Simulation4,706,4,sp4,0.5142858028411865,-0.17142343521118164
Simulation4,748,4,sp4,1.2000000476837158,-0.2857091426849365
Simulation4,576,3,background,-2.0,0.17143380641937256
Simulation4,565,6,sp2,0.8571429252624512,0.28571951389312744
Simulation4,252,7,sp1,-2.0,1.2000051736831665
Simulation4,1214,2,sp4,0.971428632736206,-1.7714234590530396
Simulation4,595,4,sp2,0.17142868041992188,0.17143380641937256
Simulation4,580,1,background,-1.5428571701049805,0.17143380641937256
Simulation4,867,0,sp3,-1.6571428775787354,-0.7428520917892456
Simulation4,294,7,sp1,-1.3142857551574707,1.0857194662094116
Simulation4,739,5,sp4,0.17142868041992188,-0.2857091426849365
Simulation4,575,6,sp2,2.0,0.28571951389312744
Simulation4,129,1,sp2,0.40000009536743164,1.657148003578186
Simulation4,541,4,background,-1.8857142925262451,0.28571951389312744
Simulation4,162,6,sp2,0.05714297294616699,1.5428622961044312
Simulation4,733,3,background,-0.5142858028411865,-0.2857091426849365
Simulation4,839,3,background,-0.7428572177886963,-0.6285663843154907
Simulation4,1136,1,background,0.28571438789367676,-1.5428520441055298
Simulation4,174,1,sp2,1.4285714626312256,1.5428622961044312
Simulation4,1092,0,sp3,-0.6285715103149414,-1.428566336631775
Simulation4,1118,4,sp3,-1.7714285850524902,-1.5428520441055298
Simulation4,598,2,sp2,0.5142858028411865,0.17143380641937256
Simulation4,1247,3,background,0.6285715103149414,-1.8857091665267944
Simulation4,758,0,sp3,-1.7714285850524902,-0.3999948501586914
Simulation4,383,6,sp2,0.6285715103149414,0.8571480512619019
Simulation4,1173,2,background,0.40000009536743164,-1.6571377515792847
Simulation4,711,5,sp4,1.085714340209961,-0.17142343521118164
Simulation4,177,4,sp2,1.7714285850524902,1.5428622961044312
Simulation4,781,2,sp4,0.8571429252624512,-0.3999948501586914
Simulation4,428,2,sp2,1.6571428775787354,0.742862343788147
Simulation4,1144,5,sp4,1.2000000476837158,-1.5428520441055298
Simulation4,1137,2,background,0.40000009536743164,-1.5428520441055298
Simulation4,784,5,sp4,1.2000000476837158,-0.3999948501586914
Simulation4,1279,3,background,0.17142868041992188,-1.9999948740005493
Simulation4,551,2,sp1,-0.7428572177886963,0.28571951389312744
Simulation4,1090,4,sp3,-0.8571429252624512,-1.428566336631775
Simulation4,873,1,sp3,-0.971428632736206,-0.7428520917892456
Simulation4,773,3,background,-0.05714285373687744,-0.3999948501586914
Simulation4,887,2,background,0.6285715103149414,-0.7428520917892456
Simulation4,239,6,sp2,0.6285715103149414,1.3142908811569214
Simulation4,803,2,background,-0.7428572177886963,-0.5142806768417358
Simulation4,1234,0,sp3,-0.8571429252624512,-1.8857091665267944
Simulation4,1027,2,background,0.17142868041992188,-1.1999949216842651
Simulation4,780,5,sp4,0.7428572177886963,-0.3999948501586914
Simulation4,951,3,background,-0.2857142686843872,-0.9714235067367554
Simulation4,391,4,sp2,1.5428571701049805,0.8571480512619019
Simulation4,850,5,sp4,0.5142858028411865,-0.6285663843154907
Simulation4,354,6,sp2,1.4285714626312256,0.9714337587356567
Simulation4,834,4,background,-1.3142857551574707,-0.6285663843154907
Simulation4,278,1,background,0.971428632736206,1.2000051736831665
Simulation4,1107,5,sp4,1.085714340209961,-1.428566336631775
Simulation4,693,3,background,-0.971428632736206,-0.17142343521118164
Simulation4,906,1,sp3,-1.3142857551574707,-0.8571377992630005
Simulation4,62,6,sp2,0.971428632736206,1.8857194185256958
Simulation4,554,3,background,-0.3999999761581421,0.28571951389312744
Simulation4,1290,3,background,1.4285714626312256,-1.9999948740005493
Simulation4,990,1,background,0.05714297294616699,-1.0857092142105103
Simulation4,779,5,sp4,0.6285715103149414,-0.3999948501586914
Simulation4,636,6,sp2,0.7428572177886963,0.057148098945617676
Simulation4,103,6,sp2,1.5428571701049805,1.771433711051941
Simulation4,397,7,sp1,-1.8857142925262451,0.742862343788147
Simulation4,1218,3,background,1.4285714626312256,-1.7714234590530396
Simulation4,760,4,sp3,-1.5428571701049805,-0.3999948501586914
Simulation4,453,4,sp2,0.40000009536743164,0.6285766363143921
Simulation4,788,5,sp4,1.6571428775787354,-0.3999948501586914
Simulation4,924,5,sp4,0.7428572177886963,-0.8571377992630005
Simulation4,791,5,sp4,2.0,-0.3999948501586914
Simulation4,1103,2,background,0.6285715103149414,-1.428566336631775
Simulation4,1225,0,sp3,-1.8857142925262451,-1.8857091665267944
Simulation4,373,7,sp1,-0.5142858028411865,0.8571480512619019
Simulation4,139,6,sp2,1.5428571701049805,1.657148003578186
Simulation4,295,7,sp1,-1.2000000476837158,1.0857194662094116
Simulation4,1025,2,background,-0.05714285373687744,-1.1999949216842651
Simulation4,381,6,sp2,0.40000009536743164,0.8571480512619019
Simulation4,640,6,sp2,1.2000000476837158,0.057148098945617676
Simulation4,467,2,sp2,2.0,0.6285766363143921
Simulation4,292,1,sp1,-1.5428571701049805,1.0857194662094116
Simulation4,501,4,sp2,1.7714285850524902,0.5142909288406372
Simulation4,713,5,sp4,1.3142857551574707,-0.17142343521118164
Simulation4,770,4,background,-0.3999999761581421,-0.3999948501586914
Simulation4,10,1,sp1,-0.8571429252624512,2.0000052452087402
Simulation4,724,1,sp3,-1.5428571701049805,-0.2857091426849365
Simulation4,730,3,background,-0.8571429252624512,-0.2857091426849365
Simulation4,109,3,background,-1.8857142925262451,1.657148003578186
Simulation4,1093,4,sp3,-0.5142858028411865,-1.428566336631775
Simulation4,1030,1,background,0.5142858028411865,-1.1999949216842651
Simulation4,47,7,sp1,-0.7428572177886963,1.8857194185256958
Simulation4,538,4,sp2,1.8857142925262451,0.4000052213668823
Simulation4,879,1,background,-0.2857142686843872,-0.7428520917892456
Simulation4,1034,5,sp4,0.971428632736206,-1.1999949216842651
Simulation4,970,2,background,1.8857142925262451,-0.9714235067367554
Simulation4,236,2,sp2,0.28571438789367676,1.3142908811569214
Simulation4,941,4,sp3,-1.4285714626312256,-0.9714235067367554
Simulation4,304,2,sp1,-0.17142856121063232,1.0857194662094116
Simulation4,499,6,sp2,1.5428571701049805,0.5142909288406372
Simulation4,679,4,sp4,1.5428571701049805,-0.05713772773742676
Simulation4,528,4,sp2,0.7428572177886963,0.4000052213668823
Simulation4,168,2,sp2,0.7428572177886963,1.5428622961044312
Simulation4,1049,1,sp3,-1.4285714626312256,-1.31428062915802
Simulation4,141,4,sp2,1.7714285850524902,1.657148003578186
Simulation4,406,1,sp1,-0.8571429252624512,0.742862343788147
Simulation4,989,3,background,-0.05714285373687744,-1.0857092142105103
Simulation4,291,7,sp1,-1.6571428775787354,1.0857194662094116
Simulation4,610,2,sp2,1.8857142925262451,0.17143380641937256
Simulation4,700,3,background,-0.17142856121063232,-0.17142343521118164
Simulation4,219,7,sp1,-1.6571428775787354,1.3142908811569214
Simulation4,745,4,sp4,0.8571429252624512,-0.2857091426849365
Simulation4,1016,1,sp3,-1.085714340209961,-1.1999949216842651
Simulation4,377,7,sp1,-0.05714285373687744,0.8571480512619019
Simulation4,276,4,background,0.7428572177886963,1.2000051736831665
Simulation4,448,4,background,-0.17142856121063232,0.6285766363143921
Simulation4,744,5,sp4,0.7428572177886963,-0.2857091426849365
Simulation4,763,4,background,-1.2000000476837158,-0.3999948501586914
Simulation4,814,5,sp4,0.5142858028411865,-0.5142806768417358
Simulation4,676,4,sp4,1.2000000476837158,-0.05713772773742676
Simulation4,704,4,sp4,0.28571438789367676,-0.17142343521118164
Simulation4,430,6,sp2,1.8857142925262451,0.742862343788147
Simulation4,190,2,sp1,-0.8571429252624512,1.4285765886306763
Simulation4,751,5,sp4,1.5428571701049805,-0.2857091426849365
Simulation4,1135,4,background,0.17142868041992188,-1.5428520441055298
Simulation4,106,6,sp2,1.8857142925262451,1.771433711051941
Simulation4,855,4,sp4,1.085714340209961,-0.6285663843154907
Simulation4,1172,3,background,0.28571438789367676,-1.6571377515792847
Simulation4,1180,5,sp4,1.2000000476837158,-1.6571377515792847
Simulation4,1265,4,sp3,-1.4285714626312256,-1.9999948740005493
Simulation4,389,4,background,1.3142857551574707,0.8571480512619019
Simulation4,2,4,background,-1.7714285850524902,2.0000052452087402
Simulation4,237,6,sp2,0.40000009536743164,1.3142908811569214
Simulation4,58,4,sp2,0.5142858028411865,1.8857194185256958
Simulation4,362,7,sp1,-1.7714285850524902,0.8571480512619019
Simulation4,1244,4,background,0.28571438789367676,-1.8857091665267944
Simulation4,1082,2,sp3,-1.7714285850524902,-1.428566336631775
Simulation4,969,3,background,1.7714285850524902,-0.9714235067367554
Simulation4,872,4,sp3,-1.085714340209961,-0.7428520917892456
Simulation4,45,4,sp1,-0.971428632736206,1.8857194185256958
Simulation4,874,0,sp3,-0.8571429252624512,-0.7428520917892456
Simulation4,493,2,sp2,0.8571429252624512,0.5142909288406372
Simulation4,380,2,sp2,0.28571438789367676,0.8571480512619019
Simulation4,21,2,sp2,0.40000009536743164,2.0000052452087402
Simulation4,677,4,sp4,1.3142857551574707,-0.05713772773742676
Simulation4,180,3,background,-2.0,1.4285765886306763
Simulation4,93,4,sp2,0.40000009536743164,1.771433711051941
Simulation4,1037,5,sp4,1.3142857551574707,-1.1999949216842651
Simulation4,687,4,sp3,-1.6571428775787354,-0.17142343521118164
Simulation4,1075,2,background,1.5428571701049805,-1.31428062915802
Simulation4,56,6,sp2,0.28571438789367676,1.8857194185256958
Simulation4,1184,3,background,1.6571428775787354,-1.6571377515792847
Simulation4,270,6,sp2,0.05714297294616699,1.2000051736831665
Simulation4,1291,2,background,1.5428571701049805,-1.9999948740005493
Simulation4,1010,0,sp3,-1.7714285850524902,-1.1999949216842651
Simulation4,1255,3,background,1.5428571701049805,-1.8857091665267944
Simulation4,960,4,sp4,0.7428572177886963,-0.9714235067367554
Simulation4,922,3,background,0.5142858028411865,-0.8571377992630005
Simulation4,811,4,sp4,0.17142868041992188,-0.5142806768417358
Simulation4,793,0,sp3,-1.8857142925262451,-0.5142806768417358
Simulation4,378,6,sp2,0.05714297294616699,0.8571480512619019
Simulation4,631,1,sp2,0.17142868041992188,0.057148098945617676
Simulation4,698,4,background,-0.3999999761581421,-0.17142343521118164
Simulation4,971,3,background,2.0,-0.9714235067367554
Simulation4,659,4,background,-0.7428572177886963,-0.05713772773742676
Simulation4,740,5,sp4,0.28571438789367676,-0.2857091426849365
Simulation4,678,2,sp4,1.4285714626312256,-0.05713772773742676
Simulation4,841,4,background,-0.5142858028411865,-0.6285663843154907
Simulation4,606,6,sp2,1.4285714626312256,0.17143380641937256
Simulation4,260,7,sp1,-1.085714340209961,1.2000051736831665
Simulation4,131,1,sp2,0.6285715103149414,1.657148003578186
Simulation4,384,3,background,0.7428572177886963,0.8571480512619019
Simulation4,913,4,background,-0.5142858028411865,-0.8571377992630005
Simulation4,774,4,sp4,0.05714297294616699,-0.3999948501586914
Simulation4,1115,3,background,2.0,-1.428566336631775
Simulation4,540,2,background,-2.0,0.28571951389312744
Simulation4,1203,0,sp3,-0.2857142686843872,-1.7714234590530396
Simulation4,458,2,sp2,0.971428632736206,0.6285766363143921
Simulation4,78,7,sp1,-1.3142857551574707,1.771433711051941
Simulation4,674,5,sp4,0.971428632736206,-0.05713772773742676
Simulation4,390,6,sp2,1.4285714626312256,0.8571480512619019
Simulation4,55,4,sp2,0.17142868041992188,1.8857194185256958
Simulation4,560,6,sp2,0.28571438789367676,0.28571951389312744
Simulation4,396,7,sp1,-2.0,0.742862343788147
Simulation4,997,5,sp4,0.8571429252624512,-1.0857092142105103
Simulation4,899,3,background,2.0,-0.7428520917892456
Simulation4,1014,1,sp3,-1.3142857551574707,-1.1999949216842651
Simulation4,336,7,sp1,-0.6285715103149414,0.9714337587356567
Simulation4,309,6,sp2,0.40000009536743164,1.0857194662094116
Simulation4,835,1,background,-1.2000000476837158,-0.6285663843154907
Simulation4,410,7,sp1,-0.3999999761581421,0.742862343788147
Simulation4,498,6,sp2,1.4285714626312256,0.5142909288406372
Simulation4,1164,0,sp3,-0.6285715103149414,-1.6571377515792847
Simulation4,494,6,sp2,0.971428632736206,0.5142909288406372
Simulation4,797,0,sp3,-1.4285714626312256,-0.5142806768417358
Simulation4,624,3,background,-0.6285715103149414,0.057148098945617676
Simulation4,491,6,sp2,0.6285715103149414,0.5142909288406372
Simulation4,66,4,sp2,1.4285714626312256,1.8857194185256958
Simulation4,1072,5,sp4,1.2000000476837158,-1.31428062915802
Simulation4,310,1,sp2,0.5142858028411865,1.0857194662094116
Simulation4,1256,3,background,1.6571428775787354,-1.8857091665267944
Simulation4,795,4,sp3,-1.6571428775787354,-0.5142806768417358
Simulation4,339,7,sp1,-0.2857142686843872,0.9714337587356567
Simulation4,481,3,background,-0.5142858028411865,0.5142909288406372
Simulation4,1077,3,background,1.7714285850524902,-1.31428062915802
Simulation4,1125,0,sp3,-0.971428632736206,-1.5428520441055298
Simulation4,197,2,background,-0.05714285373687744,1.4285765886306763
Simulation4,1106,2,sp4,0.971428632736206,-1.428566336631775
Simulation4,1159,0,sp3,-1.2000000476837158,-1.6571377515792847
Simulation4,238,6,sp2,0.5142858028411865,1.3142908811569214
Simulation4,1199,0,sp3,-0.7428572177886963,-1.7714234590530396
Simulation4,274,6,sp2,0.5142858028411865,1.2000051736831665
Simulation4,1156,0,sp3,-1.5428571701049805,-1.6571377515792847
Simulation4,563,6,sp2,0.6285715103149414,0.28571951389312744
Simulation4,186,7,sp1,-1.3142857551574707,1.4285765886306763
Simulation4,918,3,background,0.05714297294616699,-0.8571377992630005
Simulation4,83,7,sp1,-0.7428572177886963,1.771433711051941
Simulation4,1260,1,sp3,-2.0,-1.9999948740005493
Simulation4,224,7,sp1,-1.085714340209961,1.3142908811569214
Simulation4,263,7,sp1,-0.7428572177886963,1.2000051736831665
Simulation4,985,3,background,-0.5142858028411865,-1.0857092142105103
Simulation4,262,7,sp1,-0.8571429252624512,1.2000051736831665
Simulation4,1041,4,background,1.7714285850524902,-1.1999949216842651
Simulation4,681,5,sp4,1.7714285850524902,-0.05713772773742676
Simulation4,25,4,sp2,0.8571429252624512,2.0000052452087402
Simulation4,215,6,sp2,2.0,1.4285765886306763
Simulation4,464,1,sp2,1.6571428775787354,0.6285766363143921
Simulation4,1046,0,sp3,-1.7714285850524902,-1.31428062915802
Simulation4,1152,2,sp3,-2.0,-1.6571377515792847
Simulation4,387,3,background,1.085714340209961,0.8571480512619019
Simulation4,77,1,background,-1.4285714626312256,1.771433711051941
Simulation4,280,4,background,1.2000000476837158,1.2000051736831665
Simulation4,919,1,background,0.17142868041992188,-0.8571377992630005
Simulation4,1085,0,sp3,-1.4285714626312256,-1.428566336631775
Simulation4,352,2,background,1.2000000476837158,0.9714337587356567
Simulation4,323,1,sp2,2.0,1.0857194662094116
Simulation4,393,2,sp2,1.7714285850524902,0.8571480512619019
Simulation4,475,1,sp1,-1.2000000476837158,0.5142909288406372
Simulation4,196,3,background,-0.17142856121063232,1.4285765886306763
Simulation4,1088,0,sp3,-1.085714340209961,-1.428566336631775
Simulation4,1248,2,sp4,0.7428572177886963,-1.8857091665267944
Simulation4,731,3,background,-0.7428572177886963,-0.2857091426849365
Simulation4,1169,4,sp3,-0.05714285373687744,-1.6571377515792847
Simulation4,1250,5,sp4,0.971428632736206,-1.8857091665267944
Simulation4,543,3,background,-1.6571428775787354,0.28571951389312744
Simulation4,222,7,sp1,-1.3142857551574707,1.3142908811569214
Simulation4,854,2,sp4,0.971428632736206,-0.6285663843154907
Simulation4,961,5,sp4,0.8571429252624512,-0.9714235067367554
Simulation4,300,2,sp1,-0.6285715103149414,1.0857194662094116
Simulation4,148,1,background,-1.5428571701049805,1.5428622961044312
Simulation4,1065,2,background,0.40000009536743164,-1.31428062915802
Simulation4,694,2,background,-0.8571429252624512,-0.17142343521118164
Simulation4,921,1,background,0.40000009536743164,-0.8571377992630005
Simulation4,176,6,sp2,1.6571428775787354,1.5428622961044312
Simulation4,1145,4,sp4,1.3142857551574707,-1.5428520441055298
Simulation4,544,3,background,-1.5428571701049805,0.28571951389312744
Simulation4,72,4,background,-2.0,1.771433711051941
Simulation4,126,6,sp2,0.05714297294616699,1.657148003578186
Simulation4,998,4,sp4,0.971428632736206,-1.0857092142105103
Simulation4,293,1,sp1,-1.4285714626312256,1.0857194662094116
Simulation4,561,2,sp2,0.40000009536743164,0.28571951389312744
Simulation4,925,5,sp4,0.8571429252624512,-0.8571377992630005
Simulation4,843,3,background,-0.2857142686843872,-0.6285663843154907
Simulation4,27,6,sp2,1.085714340209961,2.0000052452087402
Simulation4,119,7,sp1,-0.7428572177886963,1.657148003578186
Simulation4,952,3,background,-0.17142856121063232,-0.9714235067367554
Simulation4,68,4,sp2,1.6571428775787354,1.8857194185256958
Simulation4,1185,1,background,1.7714285850524902,-1.6571377515792847
Simulation4,550,1,sp1,-0.8571429252624512,0.28571951389312744
Simulation4,105,2,sp2,1.7714285850524902,1.771433711051941
Simulation4,1208,3,background,0.28571438789367676,-1.7714234590530396
Simulation4,898,3,background,1.8857142925262451,-0.7428520917892456
Simulation4,1146,4,background,1.4285714626312256,-1.5428520441055298
Simulation4,101,6,sp2,1.3142857551574707,1.771433711051941
Simulation4,503,2,sp2,2.0,0.5142909288406372
Simulation4,82,7,sp1,-0.8571429252624512,1.771433711051941
Simulation4,608,6,sp2,1.6571428775787354,0.17143380641937256
Simulation4,931,4,background,1.5428571701049805,-0.8571377992630005
Simulation4,416,2,sp2,0.28571438789367676,0.742862343788147
Simulation4,891,5,sp4,1.085714340209961,-0.7428520917892456
Simulation4,492,6,sp2,0.7428572177886963,0.5142909288406372
Simulation4,523,1,sp2,0.17142868041992188,0.4000052213668823
Simulation4,616,4,background,-1.5428571701049805,0.057148098945617676
Simulation4,614,3,background,-1.7714285850524902,0.057148098945617676
Simulation4,651,4,sp3,-1.6571428775787354,-0.05713772773742676
Simulation4,1117,2,sp3,-1.8857142925262451,-1.5428520441055298
Simulation4,938,0,sp3,-1.7714285850524902,-0.9714235067367554
Simulation4,261,7,sp1,-0.971428632736206,1.2000051736831665
Simulation4,427,6,sp2,1.5428571701049805,0.742862343788147
Simulation4,1126,0,sp3,-0.8571429252624512,-1.5428520441055298
Simulation4,1050,4,sp3,-1.3142857551574707,-1.31428062915802
Simulation4,1157,2,sp3,-1.4285714626312256,-1.6571377515792847
Simulation4,414,6,sp2,0.05714297294616699,0.742862343788147
Simulation4,916,3,background,-0.17142856121063232,-0.8571377992630005
Simulation4,48,3,background,-0.6285715103149414,1.8857194185256958
Simulation4,757,4,sp3,-1.8857142925262451,-0.3999948501586914
Simulation4,248,1,sp2,1.6571428775787354,1.3142908811569214
Simulation4,701,2,background,-0.05714285373687744,-0.17142343521118164
Simulation4,298,7,sp1,-0.8571429252624512,1.0857194662094116
Simulation4,246,6,sp2,1.4285714626312256,1.3142908811569214
Simulation4,303,2,sp1,-0.2857142686843872,1.0857194662094116
Simulation4,442,7,sp1,-0.8571429252624512,0.6285766363143921
Simulation4,1219,4,background,1.5428571701049805,-1.7714234590530396
Simulation4,1057,3,background,-0.5142858028411865,-1.31428062915802
Simulation4,451,6,sp2,0.17142868041992188,0.6285766363143921
Simulation4,111,2,background,-1.6571428775787354,1.657148003578186
Simulation4,820,4,sp4,1.2000000476837158,-0.5142806768417358
Simulation4,825,4,sp4,1.7714285850524902,-0.5142806768417358
Simulation4,746,5,sp4,0.971428632736206,-0.2857091426849365
Simulation4,1245,3,background,0.40000009536743164,-1.8857091665267944
Simulation4,1285,5,sp4,0.8571429252624512,-1.9999948740005493
Simulation4,273,2,sp2,0.40000009536743164,1.2000051736831665
Simulation4,37,3,background,-1.8857142925262451,1.8857194185256958
Simulation4,684,4,sp3,-2.0,-0.17142343521118164
Simulation4,645,4,sp2,1.7714285850524902,0.057148098945617676
Simulation4,1096,4,sp3,-0.17142856121063232,-1.428566336631775
Simulation4,1131,4,sp3,-0.2857142686843872,-1.5428520441055298
Simulation4,400,7,sp1,-1.5428571701049805,0.742862343788147
Simulation4,965,5,sp4,1.3142857551574707,-0.9714235067367554
Simulation4,559,6,sp2,0.17142868041992188,0.28571951389312744
Simulation4,488,4,sp2,0.28571438789367676,0.5142909288406372
Simulation4,689,4,sp3,-1.4285714626312256,-0.17142343521118164
Simulation4,91,6,sp2,0.17142868041992188,1.771433711051941
Simulation4,1166,1,sp3,-0.3999999761581421,-1.6571377515792847
Simulation4,939,2,sp3,-1.6571428775787354,-0.9714235067367554
Simulation4,809,3,background,-0.05714285373687744,-0.5142806768417358
Simulation4,28,4,sp2,1.2000000476837158,2.0000052452087402
Simulation4,24,6,sp2,0.7428572177886963,2.0000052452087402
Simulation4,360,2,sp1,-2.0,0.8571480512619019
Simulation4,574,6,sp2,1.8857142925262451,0.28571951389312744
Simulation4,195,2,background,-0.2857142686843872,1.4285765886306763
Simulation4,500,4,sp2,1.6571428775787354,0.5142909288406372
Simulation4,653,4,sp3,-1.4285714626312256,-0.05713772773742676
Simulation4,1073,4,sp4,1.3142857551574707,-1.31428062915802
Simulation4,229,4,sp1,-0.5142858028411865,1.3142908811569214
Simulation4,870,2,sp3,-1.3142857551574707,-0.7428520917892456
Simulation4,418,6,sp2,0.5142858028411865,0.742862343788147
Simulation4,954,2,background,0.05714297294616699,-0.9714235067367554
Simulation4,512,7,sp1,-1.085714340209961,0.4000052213668823
Simulation4,315,3,background,1.085714340209961,1.0857194662094116
Simulation4,573,6,sp2,1.7714285850524902,0.28571951389312744
Simulation4,185,3,background,-1.4285714626312256,1.4285765886306763
Simulation4,670,5,sp4,0.5142858028411865,-0.05713772773742676
Simulation4,570,6,sp2,1.4285714626312256,0.28571951389312744
Simulation4,394,6,sp2,1.8857142925262451,0.8571480512619019
Simulation4,117,7,sp1,-0.971428632736206,1.657148003578186
Simulation4,948,3,background,-0.6285715103149414,-0.9714235067367554
Simulation4,717,2,sp4,1.7714285850524902,-0.17142343521118164
Simulation4,1127,4,sp3,-0.7428572177886963,-1.5428520441055298
Simulation4,1123,0,sp3,-1.2000000476837158,-1.5428520441055298
Simulation4,122,2,background,-0.3999999761581421,1.657148003578186
Simulation4,138,1,sp2,1.4285714626312256,1.657148003578186
Simulation4,768,3,background,-0.6285715103149414,-0.3999948501586914
Simulation4,691,3,background,-1.2000000476837158,-0.17142343521118164
Simulation4,638,6,sp2,0.971428632736206,0.057148098945617676
Simulation4,307,6,sp2,0.17142868041992188,1.0857194662094116
Simulation4,166,2,sp2,0.5142858028411865,1.5428622961044312
Simulation4,285,6,sp2,1.7714285850524902,1.2000051736831665
Simulation4,914,2,background,-0.3999999761581421,-0.8571377992630005
Simulation4,1120,0,sp3,-1.5428571701049805,-1.5428520441055298
Simulation4,411,7,sp1,-0.2857142686843872,0.742862343788147
Simulation4,366,7,sp1,-1.3142857551574707,0.8571480512619019
Simulation4,287,6,sp2,2.0,1.2000051736831665
Simulation4,943,0,sp3,-1.2000000476837158,-0.9714235067367554
Simulation4,243,2,background,1.085714340209961,1.3142908811569214
Simulation4,905,0,sp3,-1.4285714626312256,-0.8571377992630005
Simulation4,1094,2,sp3,-0.3999999761581421,-1.428566336631775
Simulation4,708,4,sp4,0.7428572177886963,-0.17142343521118164
Simulation4,1178,5,sp4,0.971428632736206,-1.6571377515792847
Simulation4,65,1,sp2,1.3142857551574707,1.8857194185256958
Simulation4,135,6,sp2,1.085714340209961,1.657148003578186
Simulation4,172,2,sp2,1.2000000476837158,1.5428622961044312
Simulation4,12,2,background,-0.6285715103149414,2.0000052452087402
Simulation4,1086,0,sp3,-1.3142857551574707,-1.428566336631775
Simulation4,371,7,sp1,-0.7428572177886963,0.8571480512619019
Simulation4,637,6,sp2,0.8571429252624512,0.057148098945617676
Simulation4,1045,0,sp3,-1.8857142925262451,-1.31428062915802
Simulation4,1020,2,background,-0.6285715103149414,-1.1999949216842651
Simulation4,340,7,sp1,-0.17142856121063232,0.9714337587356567
Simulation4,973,1,sp3,-1.8857142925262451,-1.0857092142105103
Simulation4,1165,0,sp3,-0.5142858028411865,-1.6571377515792847
Simulation4,742,5,sp4,0.5142858028411865,-0.2857091426849365
Simulation4,1252,5,sp4,1.2000000476837158,-1.8857091665267944
Simulation4,308,2,sp2,0.28571438789367676,1.0857194662094116
Simulation4,134,2,sp2,0.971428632736206,1.657148003578186
Simulation4,568,4,sp2,1.2000000476837158,0.28571951389312744
Simulation4,370,2,sp1,-0.8571429252624512,0.8571480512619019
Simulation4,884,3,background,0.28571438789367676,-0.7428520917892456
Simulation4,70,4,sp2,1.8857142925262451,1.8857194185256958
Simulation4,314,4,background,0.971428632736206,1.0857194662094116
Simulation4,1155,1,sp3,-1.6571428775787354,-1.6571377515792847
Simulation4,536,6,sp2,1.6571428775787354,0.4000052213668823
Simulation4,19,2,sp2,0.17142868041992188,2.0000052452087402
Simulation4,736,3,background,-0.17142856121063232,-0.2857091426849365
Simulation4,759,0,sp3,-1.6571428775787354,-0.3999948501586914
Simulation4,44,7,sp1,-1.085714340209961,1.8857194185256958
Simulation4,707,5,sp4,0.6285715103149414,-0.17142343521118164
Simulation4,193,3,background,-0.5142858028411865,1.4285765886306763
Simulation4,1095,2,sp3,-0.2857142686843872,-1.428566336631775
Simulation4,443,7,sp1,-0.7428572177886963,0.6285766363143921
Simulation4,950,3,background,-0.3999999761581421,-0.9714235067367554
Simulation4,13,3,background,-0.5142858028411865,2.0000052452087402
Simulation4,856,5,sp4,1.2000000476837158,-0.6285663843154907
Simulation4,828,4,sp3,-2.0,-0.6285663843154907
Simulation4,157,4,background,-0.5142858028411865,1.5428622961044312
Simulation4,866,4,sp3,-1.7714285850524902,-0.7428520917892456
Simulation4,469,3,background,-1.8857142925262451,0.5142909288406372
Simulation4,776,5,sp4,0.28571438789367676,-0.3999948501586914
Simulation4,808,1,background,-0.17142856121063232,-0.5142806768417358
Simulation4,547,7,sp1,-1.2000000476837158,0.28571951389312744
Simulation4,672,5,sp4,0.7428572177886963,-0.05713772773742676
Simulation4,226,1,sp1,-0.8571429252624512,1.3142908811569214
Simulation4,433,4,background,-1.8857142925262451,0.6285766363143921
Simulation4,623,7,sp1,-0.7428572177886963,0.057148098945617676
Simulation4,957,3,background,0.40000009536743164,-0.9714235067367554
Simulation4,880,3,background,-0.17142856121063232,-0.7428520917892456
Simulation4,128,6,sp2,0.28571438789367676,1.657148003578186
Simulation4,426,1,sp2,1.4285714626312256,0.742862343788147
Simulation4,864,1,sp3,-2.0,-0.7428520917892456
Simulation4,827,5,sp4,2.0,-0.5142806768417358
Simulation4,489,6,sp2,0.40000009536743164,0.5142909288406372
Simulation4,667,5,sp4,0.17142868041992188,-0.05713772773742676
Simulation4,966,2,background,1.4285714626312256,-0.9714235067367554
Simulation4,392,6,sp2,1.6571428775787354,0.8571480512619019
Simulation4,750,4,sp4,1.4285714626312256,-0.2857091426849365
Simulation4,1100,3,background,0.28571438789367676,-1.428566336631775
Simulation4,911,0,sp3,-0.7428572177886963,-0.8571377992630005
Simulation4,181,4,background,-1.8857142925262451,1.4285765886306763
Simulation4,329,7,sp1,-1.4285714626312256,0.9714337587356567
Simulation4,395,2,sp2,2.0,0.8571480512619019
Simulation4,522,1,sp2,0.05714297294616699,0.4000052213668823
Simulation4,144,3,background,-2.0,1.5428622961044312
Simulation4,896,3,background,1.6571428775787354,-0.7428520917892456
Simulation4,673,5,sp4,0.8571429252624512,-0.05713772773742676
Simulation4,434,3,background,-1.7714285850524902,0.6285766363143921
Simulation4,994,3,background,0.5142858028411865,-1.0857092142105103
Simulation4,590,3,background,-0.3999999761581421,0.17143380641937256
Simulation4,454,6,sp2,0.5142858028411865,0.6285766363143921
Simulation4,1232,0,sp3,-1.085714340209961,-1.8857091665267944
Simulation4,439,7,sp1,-1.2000000476837158,0.6285766363143921
Simulation4,1031,3,background,0.6285715103149414,-1.1999949216842651
Simulation4,99,6,sp2,1.085714340209961,1.771433711051941
Simulation4,956,1,background,0.28571438789367676,-0.9714235067367554
Simulation4,734,3,background,-0.3999999761581421,-0.2857091426849365
Simulation4,1104,5,sp4,0.7428572177886963,-1.428566336631775
Simulation4,398,7,sp1,-1.7714285850524902,0.742862343788147
Simulation4,1190,1,sp3,-1.7714285850524902,-1.7714234590530396
