mode,k,section,cluster,count,fraction
independent,10,section1,0,102027,0.15333206091382764
independent,10,section1,1,64706,0.09724390929352163
independent,10,section1,2,62860,0.09446963400906824
independent,10,section1,3,67344,0.10120844786361266
independent,10,section1,4,101466,0.15248895775316765
independent,10,section1,5,67540,0.1015030079696543
independent,10,section1,6,45739,0.0687392076032576
independent,10,section1,7,57093,0.0858026537460982
independent,10,section1,8,30181,0.04535774775736062
independent,10,section1,9,66443,0.09985437309043145
independent,10,section2,0,34700,0.08598409665900987
independent,10,section2,1,54445,0.1349107822074868
independent,10,section2,2,33577,0.08320138367491568
independent,10,section2,3,29336,0.07269249163079866
independent,10,section2,4,29944,0.07419907176822454
independent,10,section2,5,46834,0.11605127328322963
independent,10,section2,6,55791,0.13824607310382767
independent,10,section2,7,41830,0.10365172228375744
independent,10,section2,8,31746,0.0786642977676348
independent,10,section2,9,45360,0.11239880762111491
independent,11,section1,0,65598,0.09858445834754787
independent,11,section1,1,50195,0.0754359414426532
independent,11,section1,2,63885,0.0960100631350513
independent,11,section1,3,59584,0.08954627223665801
independent,11,section1,4,64082,0.09630612609877683
independent,11,section1,5,82969,0.12469059917433
independent,11,section1,6,67631,0.10163976801888791
independent,11,section1,7,79208,0.11903835142523508
independent,11,section1,8,60461,0.09086427842542595
independent,11,section1,9,39865,0.059911421568111765
independent,11,section1,10,31921,0.0479727201273221
independent,11,section2,0,36445,0.09030808077053645
independent,11,section2,1,48987,0.12138625196066041
independent,11,section2,2,22480,0.055703818239035786
independent,11,section2,3,58462,0.14486461841149956
independent,11,section2,4,27015,0.06694122107328968
independent,11,section2,5,32115,0.07957865314709228
independent,11,section2,6,35135,0.08706199527706951
independent,11,section2,7,30276,0.07502174381695051
independent,11,section2,8,37097,0.09192368973369709
independent,11,section2,9,43071,0.10672683075504939
independent,11,section2,10,32480,0.08048309681511932
independent,12,section1,0,49874,0.07495352412612583
independent,12,section1,1,74085,0.11133921151068757
independent,12,section1,2,61404,0.09228147322133036
independent,12,section1,3,61934,0.0930779877937899
independent,12,section1,4,56640,0.08512185921529788
independent,12,section1,5,40571,0.06097243909293522
independent,12,section1,6,111838,0.16807659765043229
independent,12,section1,7,72195,0.10849881048814321
independent,12,section1,8,31256,0.04697331976753797
independent,12,section1,9,35920,0.053982648005181856
independent,12,section1,10,45779,0.06879932191061303
independent,12,section1,11,23903,0.03592280721792489
independent,12,section2,0,30129,0.07465748842188208
independent,12,section2,1,18873,0.046765932456642456
independent,12,section2,2,60869,0.1508289907647629
independent,12,section2,3,27247,0.06751610033625481
independent,12,section2,4,57763,0.14313254683903132
independent,12,section2,5,31102,0.07706851222733502
independent,12,section2,6,51123,0.12667910586451187
independent,12,section2,7,31457,0.07794817661678598
independent,12,section2,8,19242,0.04768028783609994
independent,12,section2,9,42572,0.10549034475410284
independent,12,section2,10,21218,0.05257667328273405
independent,12,section2,11,11968,0.029655840599856775
independent,13,section1,0,42388,0.06370313150455591
independent,13,section1,1,60389,0.09075607267218616
independent,13,section1,2,59769,0.0898243009081769
independent,13,section1,3,34653,0.052078527319698406
independent,13,section1,4,71609,0.10761813588538606
independent,13,section1,5,57196,0.08595744808753845
independent,13,section1,6,38628,0.05805238661314489
independent,13,section1,7,58462,0.08786006591533801
independent,13,section1,8,57663,0.08665928262591317
independent,13,section1,9,52058,0.07823576530773266
independent,13,section1,10,37206,0.05591532298665913
independent,13,section1,11,30936,0.04649240530869448
independent,13,section1,12,64442,0.09684715486497575
independent,13,section2,0,48839,0.12101951863773439
independent,13,section2,1,27399,0.06789274537061128
independent,13,section2,2,50787,0.12584652210435546
independent,13,section2,3,30301,0.07508369201339073
independent,13,section2,4,20061,0.04970971075148118
independent,13,section2,5,43869,0.10870421718542086
independent,13,section2,6,27537,0.06823469941496123
independent,13,section2,7,23313,0.05776793214442355
independent,13,section2,8,24896,0.061690491943017574
independent,13,section2,9,40334,0.09994474220877533
independent,13,section2,10,26713,0.06619288686029196
independent,13,section2,11,24596,0.06094711358573506
independent,13,section2,12,14918,0.03696572777980142
independent,14,section1,0,51903,0.07800282236673034
independent,14,section1,1,35672,0.05360993929957815
independent,14,section1,2,39277,0.05902774124998685
independent,14,section1,3,36277,0.054519168198329124
independent,14,section1,4,54779,0.08232504106558622
independent,14,section1,5,50559,0.07598298163958768
independent,14,section1,6,56817,0.08538786502534569
independent,14,section1,7,54473,0.08186516661431713
independent,14,section1,8,67604,0.101599190861423
independent,14,section1,9,41844,0.06288557692452199
independent,14,section1,10,59043,0.08873322622967574
independent,14,section1,11,30874,0.04639922813229356
independent,14,section1,12,39182,0.05888496977001769
independent,14,section1,13,47095,0.07077708262260689
independent,14,section2,0,35182,0.0871784578863771
independent,14,section2,1,26547,0.06578155083592896
independent,14,section2,2,34409,0.08526301965244584
independent,14,section2,3,28597,0.0708613029440261
independent,14,section2,4,24053,0.05960159875905373
independent,14,section2,5,26027,0.06449302834997261
independent,14,section2,6,31126,0.07712798249591761
independent,14,section2,7,19758,0.04895889861062585
independent,14,section2,8,36104,0.089463107371092
independent,14,section2,9,31473,0.07798782346250771
independent,14,section2,10,34356,0.08513168947599259
independent,14,section2,11,26515,0.06570225714448549
independent,14,section2,12,25213,0.062475995073879416
independent,14,section2,13,24203,0.059973287937694984
independent,15,section1,0,52325,0.0786370283093302
independent,15,section1,1,36585,0.05498204836496598
independent,15,section1,2,57682,0.086687836921907
independent,15,section1,3,68268,0.10259708836352324
independent,15,section1,4,45317,0.06810500166065774
independent,15,section1,5,35676,0.053615950730313694
independent,15,section1,6,50223,0.07547802145780201
independent,15,section1,7,27039,0.04063576891459109
independent,15,section1,8,51351,0.07717324492522531
independent,15,section1,9,45034,0.06767969293611803
independent,15,section1,10,38196,0.05740315209370618
independent,15,section1,11,56076,0.08427424748158624
independent,15,section1,12,35738,0.053709127906714615
independent,15,section1,13,34930,0.0524948188981348
independent,15,section1,14,30959,0.04652697103542386
independent,15,section2,0,30491,0.07555449830633632
independent,15,section2,1,31794,0.0787832383048
independent,15,section2,2,31367,0.07772516310960123
independent,15,section2,3,23090,0.057215354232176885
independent,15,section2,4,27569,0.0683139931064047
independent,15,section2,5,20880,0.051739133666862426
independent,15,section2,6,54028,0.13387748629086413
independent,15,section2,7,19772,0.04899358960063237
independent,15,section2,8,23729,0.058798750133188624
independent,15,section2,9,22573,0.055934265529793366
independent,15,section2,10,21442,0.05313172912283832
independent,15,section2,11,20680,0.05124354809534075
independent,15,section2,12,24394,0.06044657215849818
independent,15,section2,13,23390,0.05795873258945939
independent,15,section2,14,28364,0.07028394575320335
independent,16,section1,0,33012,0.04961233786044163
independent,16,section1,1,34846,0.052368578852688384
independent,16,section1,2,51928,0.07804039380882749
independent,16,section1,3,34286,0.05152697854971228
independent,16,section1,4,50860,0.07643534180243733
independent,16,section1,5,55243,0.08302236703090927
independent,16,section1,6,42698,0.06416901738656054
independent,16,section1,7,36864,0.055401345658770154
independent,16,section1,8,42083,0.06324475991097071
independent,16,section1,9,41147,0.0618380851188535
independent,16,section1,10,36794,0.055296145620898136
independent,16,section1,11,30759,0.046226399498646674
independent,16,section1,12,40667,0.06111671343058826
independent,16,section1,13,46383,0.06970704795168012
independent,16,section1,14,52453,0.07882939409286759
independent,16,section1,15,35376,0.05316509342514792
independent,16,section2,0,19792,0.04904314815778454
independent,16,section2,1,25338,0.06278573605608047
independent,16,section2,2,29604,0.0733565762966377
independent,16,section2,3,36851,0.09131411948072544
independent,16,section2,4,28376,0.07031368088749464
independent,16,section2,5,39139,0.09698361841893335
independent,16,section2,6,26414,0.06545198643086705
independent,16,section2,7,29366,0.0727668294665269
independent,16,section2,8,15754,0.039037275468762005
independent,16,section2,9,17117,0.04241469113868219
independent,16,section2,10,30229,0.07490528120764292
independent,16,section2,11,12390,0.0307015261557675
independent,16,section2,12,17147,0.04248902897441044
independent,16,section2,13,30916,0.07660761764581986
independent,16,section2,14,24232,0.060045147845565625
independent,16,section2,15,20898,0.051783736368299374
independent,17,section1,0,48135,0.07234005461384824
independent,17,section1,1,41721,0.06270072542940401
independent,17,section1,2,49516,0.07441550107529467
independent,17,section1,3,29065,0.043680558582143945
independent,17,section1,4,49464,0.0743373524757326
independent,17,section1,5,29945,0.04500307334396355
independent,17,section1,6,40406,0.06072446757509404
independent,17,section1,7,47176,0.07089881409500165
independent,17,section1,8,33763,0.05074098398103995
independent,17,section1,9,40783,0.06129104492191903
independent,17,section1,10,52176,0.07841310251443119
independent,17,section1,11,33719,0.05067485824294897
independent,17,section1,12,33469,0.05029914382197749
independent,17,section1,13,33123,0.04977915506335297
independent,17,section1,14,24479,0.03678845324384317
independent,17,section1,15,43640,0.06558470932478107
independent,17,section1,16,34819,0.05232800169522347
independent,17,section2,0,27790,0.06886161516293615
independent,17,section2,1,22373,0.055438679958271696
independent,17,section2,2,25008,0.061968019863069705
independent,17,section2,3,33464,0.08292137782700594
independent,17,section2,4,24233,0.060047625773423235
independent,17,section2,5,23185,0.05745075737864968
independent,17,section2,6,31572,0.07823313832041094
independent,17,section2,7,24589,0.060929768090731806
independent,17,section2,8,19072,0.04725904010030652
independent,17,section2,9,21413,0.05305986921496768
independent,17,section2,10,20595,0.05103292422744404
independent,17,section2,11,17994,0.044587833869804715
independent,17,section2,12,23846,0.0590886676925288
independent,17,section2,13,20487,0.05076530801882234
independent,17,section2,14,30189,0.07480616409333858
independent,17,section2,15,23689,0.05869963301888429
independent,17,section2,16,14064,0.034849577389403884
independent,18,section1,0,33027,0.049634880725699916
independent,18,section1,1,51543,0.07746179360053142
independent,18,section1,2,33618,0.05052306961687649
independent,18,section1,3,52991,0.07963793152679821
independent,18,section1,4,43577,0.06549002929069626
independent,18,section1,5,36847,0.05537579707814409
independent,18,section1,6,36875,0.0554178770932929
independent,18,section1,7,39742,0.0597265700729938
independent,18,section1,8,30194,0.04537728490725114
independent,18,section1,9,27762,0.04172233502004061
independent,18,section1,10,35242,0.05296371049550721
independent,18,section1,11,33501,0.05034723526786184
independent,18,section1,12,45662,0.06862348756159838
independent,18,section1,13,41041,0.06167878220436159
independent,18,section1,14,30290,0.04552155924490418
independent,18,section1,15,27701,0.04163066070132357
independent,18,section1,16,34482,0.05182153865575392
independent,18,section1,17,31304,0.0470454569363645
independent,18,section2,0,26356,0.06530826661512577
independent,18,section2,1,30033,0.07441960734755168
independent,18,section2,2,47916,0.11873239122516187
independent,18,section2,3,21756,0.05390979847012734
independent,18,section2,4,17384,0.043076297876663616
independent,18,section2,5,25608,0.06345477657763472
independent,18,section2,6,23105,0.05725252315004101
independent,18,section2,7,14293,0.0354170228687962
independent,18,section2,8,23374,0.05791908574373766
independent,18,section2,9,22376,0.05544611374184452
independent,18,section2,10,22406,0.05552045157757277
independent,18,section2,11,23810,0.0589994622896549
independent,18,section2,12,20311,0.05032919271588327
independent,18,section2,13,15536,0.03849708719580338
independent,18,section2,14,26469,0.06558827246303552
independent,18,section2,15,19266,0.04773975810468254
independent,18,section2,16,12739,0.03156632297807282
independent,18,section2,17,10825,0.026823569058610428
independent,19,section1,0,15613,0.0234641170185107
independent,19,section1,1,53369,0.08020601173130708
independent,19,section1,2,41727,0.06270974257550732
independent,19,section1,3,45843,0.06889550480238173
independent,19,section1,4,34218,0.05142478422720804
independent,19,section1,5,33234,0.0499459722662643
independent,19,section1,6,31982,0.048064394446039146
independent,19,section1,7,32014,0.04811248589192349
independent,19,section1,8,23270,0.0349714983040251
independent,19,section1,9,39994,0.06010529020933305
independent,19,section1,10,17103,0.025703374967500702
independent,19,section1,11,34260,0.05148790424993124
independent,19,section1,12,41546,0.06243772533472398
independent,19,section1,13,38059,0.057197260591013814
independent,19,section1,14,29184,0.04385939864652637
independent,19,section1,15,47796,0.0718305858590109
independent,19,section1,16,31038,0.04664569679245085
independent,19,section1,17,41605,0.06252639393807324
independent,19,section1,18,33544,0.050411858148268936
independent,19,section2,0,22014,0.0545491038573903
independent,19,section2,1,19142,0.047432495050339106
independent,19,section2,2,12306,0.0304933802157284
independent,19,section2,3,38647,0.09576447791299005
independent,19,section2,4,27312,0.06767716564699935
independent,19,section2,5,22714,0.056283653357716144
independent,19,section2,6,32050,0.07941758783634774
independent,19,section2,7,27854,0.06902020254582308
independent,19,section2,8,15472,0.03833849981291645
independent,19,section2,9,18489,0.04581440815932085
independent,19,section2,10,28129,0.06970163270666538
independent,19,section2,11,10391,0.025748148368408403
independent,19,section2,12,23264,0.05764651367940074
independent,19,section2,13,21612,0.05355297685863174
independent,19,section2,14,17587,0.04357931723175811
independent,19,section2,15,18550,0.04596556175863496
independent,19,section2,16,12484,0.030934451374382686
independent,19,section2,17,13696,0.03393769993780401
independent,19,section2,18,21850,0.054142723688742525
independent,2,section1,0,352678,0.5300248422375147
independent,2,section1,1,312721,0.4699751577624854
independent,2,section2,0,171875,0.42589385052643575
independent,2,section2,1,231688,0.5741061494735642
independent,20,section1,0,48680,0.07315911205156606
independent,20,section1,1,29028,0.04362495284784017
independent,20,section1,2,49763,0.07478670692321449
independent,20,section1,3,44021,0.0661572981023416
independent,20,section1,4,31621,0.04752186282215633
independent,20,section1,5,30223,0.04542086778008383
independent,20,section1,6,26457,0.0397611057425695
independent,20,section1,7,32695,0.0491359319746498
independent,20,section1,8,33039,0.04965291501790655
independent,20,section1,9,31058,0.046675753946128565
independent,20,section1,10,35587,0.05348219639644784
independent,20,section1,11,28814,0.043303341303488584
independent,20,section1,12,29448,0.044256153075072246
independent,20,section1,13,27591,0.04146534635609612
independent,20,section1,14,35662,0.05359491072273929
independent,20,section1,15,29197,0.043878935796416885
independent,20,section1,16,29191,0.043869918650313575
independent,20,section1,17,35318,0.05307792767948254
independent,20,section1,18,25132,0.03776981931142066
independent,20,section1,19,32874,0.04940494350006538
independent,20,section2,0,17384,0.043076297876663616
independent,20,section2,1,15741,0.03900506240661309
independent,20,section2,2,23205,0.05750031593580184
independent,20,section2,3,15700,0.038903467364451154
independent,20,section2,4,17828,0.044176497845441726
independent,20,section2,5,15905,0.039411442575260865
independent,20,section2,6,28782,0.07131971959768363
independent,20,section2,7,26172,0.06485232788932584
independent,20,section2,8,19930,0.04938510220213449
independent,20,section2,9,25290,0.06266679551891527
independent,20,section2,10,19483,0.048277468449783555
independent,20,section2,11,20184,0.05001449587796701
independent,20,section2,12,13302,0.03296139636190632
independent,20,section2,13,16489,0.04085855244410414
independent,20,section2,14,16226,0.04020685741755314
independent,20,section2,15,19654,0.048701194113434584
independent,20,section2,16,29377,0.0727940866729606
independent,20,section2,17,20063,0.049714666607196395
independent,20,section2,18,20367,0.05046795667590934
independent,20,section2,19,22481,0.0557062961668934
independent,3,section1,0,176486,0.26523334119828856
independent,3,section1,1,275966,0.41473762359125876
independent,3,section1,2,212947,0.3200290352104527
independent,3,section2,0,164272,0.40705416502503944
independent,3,section2,1,133217,0.33010211540701206
independent,3,section2,2,106074,0.2628437195679485
independent,4,section1,0,214203,0.3219166244614134
independent,4,section1,1,121318,0.18232368849367073
independent,4,section1,2,175085,0.2631278375831644
independent,4,section1,3,154793,0.23263184946175153
independent,4,section2,0,113656,0.281631368584335
independent,4,section2,1,89091,0.22076107076218582
independent,4,section2,2,120597,0.2988306658439946
independent,4,section2,3,80219,0.19877689480948452
independent,5,section1,0,70162,0.10544350081680315
independent,5,section1,1,133919,0.20126119816831706
independent,5,section1,2,203330,0.3055760528645219
independent,5,section1,3,111765,0.16796688903950863
independent,5,section1,4,146223,0.21975235911084928
independent,5,section2,0,69603,0.17247121267311424
independent,5,section2,1,74857,0.18549024563698852
independent,5,section2,2,110678,0.27425209942437734
independent,5,section2,3,73520,0.18217725609136615
independent,5,section2,4,74905,0.18560918617415373
independent,6,section1,0,128607,0.1932780181515151
independent,6,section1,1,121646,0.1828166258139853
independent,6,section1,2,87858,0.1320380703908482
independent,6,section1,3,74688,0.11224543469407078
independent,6,section1,4,96482,0.14499871505668027
independent,6,section1,5,156118,0.23462313589290035
independent,6,section2,0,55099,0.1365313470263627
independent,6,section2,1,83973,0.20807903598694627
independent,6,section2,2,81991,0.2031677829731665
independent,6,section2,3,69808,0.17297918788392394
independent,6,section2,4,59500,0.14743670752769703
independent,6,section2,5,53192,0.13180593860190354
independent,7,section1,0,56639,0.085120356357614
independent,7,section1,1,140948,0.2118247848283511
independent,7,section1,2,105242,0.15816374836752084
independent,7,section1,3,108700,0.1633606302383983
independent,7,section1,4,71518,0.10748137583615244
independent,7,section1,5,66631,0.10013691033500201
independent,7,section1,6,115721,0.1739121940369613
independent,7,section2,0,52755,0.1307230841281287
independent,7,section2,1,47830,0.11851928942940755
independent,7,section2,2,78552,0.19464618907085138
independent,7,section2,3,46420,0.11502541115017978
independent,7,section2,4,68213,0.16902689295103862
independent,7,section2,5,63047,0.15622591763863386
independent,7,section2,6,46746,0.11583321563176009
independent,8,section1,0,89796,0.13495060858221908
independent,8,section1,1,71457,0.1073897015174354
independent,8,section1,2,89696,0.1348003228138305
independent,8,section1,3,70478,0.1059184038449111
independent,8,section1,4,124705,0.1874138674689923
independent,8,section1,5,109091,0.1639482475927977
independent,8,section1,6,45990,0.06911642488191296
independent,8,section1,7,64186,0.09646242329790096
independent,8,section2,0,57496,0.1424709401010499
independent,8,section2,1,49612,0.12293495687166564
independent,8,section2,2,53319,0.1321206354398198
independent,8,section2,3,81245,0.20131924879139068
independent,8,section2,4,43157,0.10693993255080371
independent,8,section2,5,57356,0.14212403020098474
independent,8,section2,6,35459,0.08786484390293461
independent,8,section2,7,25919,0.06422541214135091
independent,9,section1,0,102957,0.15472971855984155
independent,9,section1,1,69526,0.10448768332985171
independent,9,section1,2,68731,0.10329291147116242
independent,9,section1,3,62540,0.09398871955022475
independent,9,section1,4,77867,0.11702301927114409
independent,9,section1,5,103178,0.15506185010798032
independent,9,section1,6,68282,0.10261812837109764
independent,9,section1,7,68579,0.10306447710321176
independent,9,section1,8,43739,0.06573349223548577
independent,9,section2,0,38207,0.09467418965564237
independent,9,section2,1,51842,0.12846073599413227
independent,9,section2,2,67990,0.16847431503879196
independent,9,section2,3,49900,0.12364860009465685
independent,9,section2,4,60754,0.15054402906113792
independent,9,section2,5,28898,0.0716071592291662
independent,9,section2,6,43241,0.10714807849084282
independent,9,section2,7,27153,0.06728317511763962
independent,9,section2,8,35578,0.08815971731799001
joint,10,section1,0,32417,0.048718137538529514
joint,10,section1,1,100872,0.1515962602889394
joint,10,section1,2,113685,0.17085237579256957
joint,10,section1,3,41699,0.06266766256035852
joint,10,section1,4,73407,0.11032027400101292
joint,10,section1,5,67520,0.10147295081597658
joint,10,section1,6,62591,0.09406536529210294
joint,10,section1,7,105525,0.15858905709206056
joint,10,section1,8,4290,0.00644725946387055
joint,10,section1,9,63393,0.09527065715457943
joint,10,section2,0,25563,0.06334326982404234
joint,10,section2,1,38612,0.09567775043797375
joint,10,section2,2,79074,0.19593966741252294
joint,10,section2,3,28906,0.07162698265202706
joint,10,section2,4,42715,0.10584468843774082
joint,10,section2,5,23507,0.05824865014879957
joint,10,section2,6,37941,0.09401506084551854
joint,10,section2,7,50725,0.12569289057718375
joint,10,section2,8,58262,0.1443690328399779
joint,10,section2,9,18258,0.04524200682421332
joint,11,section1,0,39926,0.060003095886828804
joint,11,section1,1,65461,0.09837856684485549
joint,11,section1,2,87222,0.13108225290389677
joint,11,section1,3,68268,0.10259708836352324
joint,11,section1,4,32864,0.049389914923226516
joint,11,section1,5,37745,0.056725363278273634
joint,11,section1,6,58932,0.0885664090267644
joint,11,section1,7,63914,0.09605364600788399
joint,11,section1,8,86807,0.1304585669650841
joint,11,section1,9,58032,0.08721383711126708
joint,11,section1,10,66228,0.09953125868839599
joint,11,section2,0,19140,0.04742753919462389
joint,11,section2,1,37024,0.09174280100009169
joint,11,section2,2,40955,0.10148353540835012
joint,11,section2,3,38225,0.09471879235707932
joint,11,section2,4,25965,0.0643393968228009
joint,11,section2,5,27027,0.06697095620758098
joint,11,section2,6,55126,0.1365982510785181
joint,11,section2,7,23353,0.05786704925872788
joint,11,section2,8,45719,0.11328838372199632
joint,11,section2,9,37045,0.09179483748510146
joint,11,section2,10,53984,0.13376845746512936
joint,12,section1,0,37275,0.05601902016684726
joint,12,section1,1,60023,0.09020602675988391
joint,12,section1,2,41804,0.06282546261716654
joint,12,section1,3,20659,0.031047536891398997
joint,12,section1,4,99261,0.14917515656019922
joint,12,section1,5,45247,0.06799980162278572
joint,12,section1,6,66801,0.10039239614126261
joint,12,section1,7,102474,0.15400383829852465
joint,12,section1,8,51596,0.07754144505777737
joint,12,section1,9,31169,0.0468425711490399
joint,12,section1,10,58529,0.08796075738015838
joint,12,section1,11,50561,0.07598598735495544
joint,12,section2,0,37821,0.09371770950260554
joint,12,section2,1,29860,0.07399092582818544
joint,12,section2,2,29203,0.07236292722573676
joint,12,section2,3,51336,0.12720690449818245
joint,12,section2,4,49410,0.12243441544442875
joint,12,section2,5,17881,0.04430782802189497
joint,12,section2,6,32320,0.08008662835790199
joint,12,section2,7,49921,0.12370063657966662
joint,12,section2,8,19059,0.04722682703815761
joint,12,section2,9,24658,0.061100745112906786
joint,12,section2,10,35859,0.08885601504597795
joint,12,section2,11,26235,0.06500843734435516
joint,13,section1,0,63053,0.09475968554205823
joint,13,section1,1,37836,0.05686212332750726
joint,13,section1,2,86727,0.13033833835037323
joint,13,section1,3,86321,0.12972817813071555
joint,13,section1,4,53713,0.08072299477456384
joint,13,section1,5,45255,0.06801182448425681
joint,13,section1,6,64770,0.09734009218529033
joint,13,section1,7,50045,0.07521051279007032
joint,13,section1,8,47257,0.0710205455673964
joint,13,section1,9,40897,0.061462370697882025
joint,13,section1,10,31693,0.04763006857539612
joint,13,section1,11,394,0.0005921259274510481
joint,13,section1,12,57438,0.08632113964703884
joint,13,section2,0,34193,0.08472778723520244
joint,13,section2,1,26883,0.06661413459608537
joint,13,section2,2,34854,0.08636569754908155
joint,13,section2,3,43052,0.10667975012575484
joint,13,section2,4,47358,0.1173497074806164
joint,13,section2,5,21095,0.05227188815624822
joint,13,section2,6,21545,0.05338695569217198
joint,13,section2,7,14220,0.03523613413519079
joint,13,section2,8,32002,0.07929864729918253
joint,13,section2,9,17078,0.04231805195223546
joint,13,section2,10,25012,0.06197793157450014
joint,13,section2,11,50505,0.1251477464485099
joint,13,section2,12,35766,0.08862556775522037
joint,14,section1,0,344,0.0005169830432567527
joint,14,section1,1,47468,0.07133764853869633
joint,14,section1,2,40613,0.06103555911565842
joint,14,section1,3,79196,0.11902031713302845
joint,14,section1,4,98839,0.14854095061759937
joint,14,section1,5,48634,0.0730899805981073
joint,14,section1,6,30281,0.04550803352574921
joint,14,section1,7,40736,0.06122041061077639
joint,14,section1,8,34519,0.051877144390057695
joint,14,section1,9,65655,0.09867012123552936
joint,14,section1,10,35681,0.05362346501873312
joint,14,section1,11,41573,0.0624783024921889
joint,14,section1,12,48215,0.0724602832285591
joint,14,section1,13,53645,0.08062080045205959
joint,14,section2,0,57977,0.14366282340055953
joint,14,section2,1,34205,0.08475752236949373
joint,14,section2,2,26748,0.06627961433530824
joint,14,section2,3,31702,0.07855526894190003
joint,14,section2,4,36060,0.08935407854535724
joint,14,section2,5,22098,0.054757249797429394
joint,14,section2,6,23806,0.05898955057822446
joint,14,section2,7,11874,0.02942291538124159
joint,14,section2,8,21010,0.05206126428835151
joint,14,section2,9,22241,0.055111593481067395
joint,14,section2,10,25355,0.0628278608296598
joint,14,section2,11,18318,0.04539068249566982
joint,14,section2,12,39048,0.096758126983891
joint,14,section2,13,33121,0.08207144857184628
joint,15,section1,0,81779,0.12290219853050575
joint,15,section1,1,41518,0.06239564531957517
joint,15,section1,2,50157,0.07537883285066554
joint,15,section1,3,37532,0.05640525459160594
joint,15,section1,4,355,0.0005335144777794977
joint,15,section1,5,26964,0.040523054588299655
joint,15,section1,6,40632,0.06106411341165226
joint,15,section1,7,62266,0.09357693654484002
joint,15,section1,8,53206,0.07996104592883367
joint,15,section1,9,74168,0.1114639486984501
joint,15,section1,10,37483,0.05633161456509553
joint,15,section1,11,30890,0.04642327385523573
joint,15,section1,12,33131,0.04979117792482405
joint,15,section1,13,44944,0.0675444357445683
joint,15,section1,14,50374,0.07570495296806878
joint,15,section2,0,41332,0.10241771421066848
joint,15,section2,1,43759,0.10843164512108394
joint,15,section2,2,27883,0.06909206245369372
joint,15,section2,3,16135,0.039981365982510786
joint,15,section2,4,50385,0.1248503951055969
joint,15,section2,5,6977,0.017288502662533484
joint,15,section2,6,20139,0.04990298912437463
joint,15,section2,7,20651,0.05117168818747011
joint,15,section2,8,33541,0.08311217827204179
joint,15,section2,9,32109,0.07956378557994663
joint,15,section2,10,26646,0.06602686569383219
joint,15,section2,11,24277,0.060156654599158
joint,15,section2,12,20623,0.05110230620745708
joint,15,section2,13,24553,0.0608405626878579
joint,15,section2,14,14553,0.03606128411177437
joint,16,section1,0,37609,0.05652097463326515
joint,16,section1,1,45266,0.06802835591877957
joint,16,section1,2,12282,0.018458098073486737
joint,16,section1,3,81769,0.1228871699536669
joint,16,section1,4,82579,0.12410448467761448
joint,16,section1,5,28851,0.04335894703779236
joint,16,section1,6,40627,0.06105659912323283
joint,16,section1,7,39282,0.05903525553840628
joint,16,section1,8,44575,0.0669898812592144
joint,16,section1,9,30101,0.04523751914264975
joint,16,section1,10,38006,0.05711760913376786
joint,16,section1,11,361,0.0005425316238828132
joint,16,section1,12,63987,0.09616335461880766
joint,16,section1,13,40777,0.06128202777581571
joint,16,section1,14,32227,0.04843259457859119
joint,16,section1,15,47100,0.07078459691102632
joint,16,section2,0,26726,0.06622509992244086
joint,16,section2,1,21652,0.05365209397293607
joint,16,section2,2,43649,0.10815907305674703
joint,16,section2,3,39444,0.09773938641550389
joint,16,section2,4,32139,0.07963812341567487
joint,16,section2,5,22404,0.05551549572185755
joint,16,section2,6,18403,0.04560130636356653
joint,16,section2,7,16462,0.040791648391948716
joint,16,section2,8,12649,0.031343309470888064
joint,16,section2,9,17234,0.04270460869802237
joint,16,section2,10,20697,0.05128567286892009
joint,16,section2,11,49799,0.1233983293810384
joint,16,section2,12,21332,0.0528591570585014
joint,16,section2,13,19661,0.04871853960843784
joint,16,section2,14,23202,0.05749288215222902
joint,16,section2,15,18110,0.04487527350128728
joint,17,section1,0,23500,0.03531715557131886
joint,17,section1,1,74438,0.1118697202730993
joint,17,section1,2,45952,0.06905931628992529
joint,17,section1,3,37508,0.05636918600719268
joint,17,section1,4,44725,0.06721530991179728
joint,17,section1,5,30477,0.04580259363179085
joint,17,section1,6,32852,0.04937188063101988
joint,17,section1,7,29161,0.043824832919797
joint,17,section1,8,37891,0.05694478050012098
joint,17,section1,9,37791,0.05679449473173239
joint,17,section1,10,58005,0.08717325995380215
joint,17,section1,11,28342,0.04259399247669443
joint,17,section1,12,34277,0.051513452830557305
joint,17,section1,13,57839,0.0869237855782771
joint,17,section1,14,31008,0.04660061106193427
joint,17,section1,15,30754,0.04621888521022725
joint,17,section1,16,30879,0.046406742420712986
joint,17,section2,0,22948,0.056863488476396495
joint,17,section2,1,38643,0.0957545662015596
joint,17,section2,2,25790,0.06390575944771944
joint,17,section2,3,18781,0.04653796309374249
joint,17,section2,4,23466,0.058147055106637625
joint,17,section2,5,14763,0.036581648961872125
joint,17,section2,6,23954,0.059356283901150504
joint,17,section2,7,26136,0.06476312248645193
joint,17,section2,8,44243,0.10963096220416639
joint,17,section2,9,17555,0.043500023540314646
joint,17,section2,10,34645,0.08584781062684141
joint,17,section2,11,21982,0.054469810165946826
joint,17,section2,12,20470,0.050723183245243
joint,17,section2,13,26166,0.06483746032218018
joint,17,section2,14,13720,0.03399717020638661
joint,17,section2,15,9323,0.02310172141648268
joint,17,section2,16,20978,0.05198197059690804
joint,18,section1,0,39134,0.05881283260119116
joint,18,section1,1,23067,0.03466641819419627
joint,18,section1,2,39979,0.06008274734407476
joint,18,section1,3,35229,0.05294417334561669
joint,18,section1,4,46684,0.07015940811452978
joint,18,section1,5,40914,0.06148791927850808
joint,18,section1,6,31666,0.047589491417931194
joint,18,section1,7,42505,0.06387896585357057
joint,18,section1,8,30390,0.04567184501329278
joint,18,section1,9,61297,0.09212066744915456
joint,18,section1,10,54760,0.08229648676959238
joint,18,section1,11,36021,0.05413443663125433
joint,18,section1,12,28312,0.04254890674617786
joint,18,section1,13,26186,0.03935383131023641
joint,18,section1,14,31413,0.04720926842390806
joint,18,section1,15,51886,0.07797727378610428
joint,18,section1,16,45743,0.06874521903399314
joint,18,section1,17,213,0.0003201086866676986
joint,18,section2,0,19019,0.047127709923853275
joint,18,section2,1,44798,0.11100621216513902
joint,18,section2,2,15252,0.03779335568424261
joint,18,section2,3,14993,0.037151572369122046
joint,18,section2,4,18192,0.04507846358561117
joint,18,section2,5,18976,0.04702115902597612
joint,18,section2,6,23160,0.05738880918220947
joint,18,section2,7,12298,0.03047355679286753
joint,18,section2,8,23755,0.05886317625748644
joint,18,section2,9,27358,0.06779115032844933
joint,18,section2,10,27800,0.06888639444151223
joint,18,section2,11,20588,0.05101557873244078
joint,18,section2,12,19951,0.049437138687144264
joint,18,section2,13,20719,0.05134018728178748
joint,18,section2,14,12093,0.02996558158205782
joint,18,section2,15,17948,0.04447384918835473
joint,18,section2,16,24755,0.061341104115094795
joint,18,section2,17,41908,0.10384500065665088
joint,19,section1,0,28389,0.04266462678783707
joint,19,section1,1,54721,0.08223787531992083
joint,19,section1,2,18590,0.02793812434343905
joint,19,section1,3,52795,0.07934337142075656
joint,19,section1,4,13882,0.02086267036770419
joint,19,section1,5,36591,0.0549910655110693
joint,19,section1,6,40340,0.06062527896795757
joint,19,section1,7,48101,0.07228895745259611
joint,19,section1,8,57055,0.08574554515411054
joint,19,section1,9,197,0.00029606296372552407
joint,19,section1,10,31663,0.04758498284487954
joint,19,section1,11,55168,0.08290965270461784
joint,19,section1,12,31753,0.04772024003642927
joint,19,section1,13,15956,0.023979597204083564
joint,19,section1,14,32975,0.04955673212613785
joint,19,section1,15,30922,0.04647136530112008
joint,19,section1,16,36322,0.05458679679410399
joint,19,section1,17,47521,0.07141729999594229
joint,19,section1,18,32458,0.04877975470356884
joint,19,section2,0,18532,0.04592095905719801
joint,19,section2,1,15147,0.03753317325919373
joint,19,section2,2,15732,0.03898276105589462
joint,19,section2,3,25592,0.06341512973191299
joint,19,section2,4,43131,0.1068755064265059
joint,19,section2,5,15277,0.03785530388068282
joint,19,section2,6,20073,0.04973944588577248
joint,19,section2,7,28332,0.07020465206175987
joint,19,section2,8,19119,0.04737550270961411
joint,19,section2,9,47282,0.11716138496343817
joint,19,section2,10,9618,0.023832710134477145
joint,19,section2,11,26713,0.06619288686029196
joint,19,section2,12,11712,0.02902149106830904
joint,19,section2,13,11119,0.027552079848747284
joint,19,section2,14,10216,0.02531451099332694
joint,19,section2,15,21278,0.052725348954190544
joint,19,section2,16,16772,0.04155980602780731
joint,19,section2,17,24550,0.06083312890428508
joint,19,section2,18,23368,0.057904218176592005
joint,2,section1,0,369722,0.5556395486016661
joint,2,section1,1,295677,0.4443604513983339
joint,2,section2,0,211301,0.5235886342405027
joint,2,section2,1,192262,0.4764113657594973
joint,20,section1,0,44010,0.06614076666781886
joint,20,section1,1,29962,0.045028621924589604
joint,20,section1,2,33158,0.04983175508228897
joint,20,section1,3,54542,0.08196886379450526
joint,20,section1,4,43769,0.06577857796600235
joint,20,section1,5,30239,0.045444913503026006
joint,20,section1,6,26614,0.03999705439893959
joint,20,section1,7,28299,0.04252936959628734
joint,20,section1,8,29786,0.04476411897222569
joint,20,section1,9,47977,0.07210260309979426
joint,20,section1,10,29125,0.0437707300431771
joint,20,section1,11,51443,0.07731150783214281
joint,20,section1,12,37542,0.056420283168444794
joint,20,section1,13,31788,0.04777284005536528
joint,20,section1,14,5869,0.0088202717467264
joint,20,section1,15,20834,0.03131053698607903
joint,20,section1,16,42255,0.06350325143259909
joint,20,section1,17,162,0.00024346294478951727
joint,20,section1,18,32584,0.04896911477173846
joint,20,section1,19,45441,0.06829135601345959
joint,20,section2,0,19533,0.04840136484266397
joint,20,section2,1,15850,0.0392751565430924
joint,20,section2,2,23306,0.05775058664942029
joint,20,section2,3,19061,0.04723178289387283
joint,20,section2,4,22603,0.05600860336552162
joint,20,section2,5,15529,0.038479741700800124
joint,20,section2,6,9914,0.024566176780329217
joint,20,section2,7,19741,0.048916773837046505
joint,20,section2,8,23207,0.057505271791517064
joint,20,section2,9,16296,0.04038031236758573
joint,20,section2,10,8197,0.020311574648815674
joint,20,section2,11,30439,0.07542564605774067
joint,20,section2,12,14540,0.03602907104962546
joint,20,section2,13,23238,0.05758208755510292
joint,20,section2,14,43404,0.10755198073163298
joint,20,section2,15,4912,0.012171581636572233
joint,20,section2,16,19534,0.04840384277052158
joint,20,section2,17,44876,0.11119949053803248
joint,20,section2,18,13962,0.034596828747927834
joint,20,section2,19,15421,0.03821212549217842
joint,3,section1,0,284290,0.4272474109519251
joint,3,section1,1,188640,0.2834990734882379
joint,3,section1,2,192469,0.289253515559837
joint,3,section2,0,184125,0.4562484667821381
joint,3,section2,1,111655,0.2766730349412607
joint,3,section2,2,107783,0.2670784982766012
joint,4,section1,0,149204,0.22423237786651318
joint,4,section1,1,120767,0.18149561390984958
joint,4,section1,2,207259,0.31148078070450963
joint,4,section1,3,188169,0.2827912275191276
joint,4,section2,0,87460,0.21671957042642662
joint,4,section2,1,114022,0.2825382901802197
joint,4,section2,2,119647,0.2964766343792667
joint,4,section2,3,82434,0.20426550501408702
joint,5,section1,0,138802,0.20859965223873195
joint,5,section1,1,125370,0.18841326782877643
joint,5,section1,2,117529,0.176629360729427
joint,5,section1,3,140096,0.21054435008168032
joint,5,section1,4,143602,0.21581336912138432
joint,5,section2,0,92644,0.22956514844026832
joint,5,section2,1,77014,0.19083513602584976
joint,5,section2,2,76171,0.1887462428418859
joint,5,section2,3,66946,0.16588735835544885
joint,5,section2,4,90788,0.2249661143365472
joint,6,section1,0,152736,0.22954047120599821
joint,6,section1,1,85036,0.12779700600692218
joint,6,section1,2,119749,0.17996570478765372
joint,6,section1,3,125162,0.18810067343052814
joint,6,section1,4,76994,0.11571102451311169
joint,6,section1,5,105722,0.1588851200557861
joint,6,section2,0,78543,0.19462388772013292
joint,6,section2,1,31857,0.07893934775982932
joint,6,section2,2,67359,0.1669107425606411
joint,6,section2,3,80842,0.20032064386477452
joint,6,section2,4,51267,0.12703592747600748
joint,6,section2,5,93695,0.2321694506186147
joint,7,section1,0,113251,0.1702001355577631
joint,7,section1,1,63079,0.09479875984183926
joint,7,section1,2,87602,0.1316533388237734
joint,7,section1,3,96381,0.14484692643060781
joint,7,section1,4,81210,0.12204707250837467
joint,7,section1,5,125770,0.1890144109023308
joint,7,section1,6,98106,0.147439355935311
joint,7,section2,0,85589,0.21208336740484138
joint,7,section2,1,39666,0.09828948639989295
joint,7,section2,2,50048,0.12401533341758288
joint,7,section2,3,48301,0.11968639345034109
joint,7,section2,4,54279,0.13449944618312382
joint,7,section2,5,62645,0.1552297906398753
joint,7,section2,6,63035,0.15619618250434256
joint,8,section1,0,48500,0.07288859766846659
joint,8,section1,1,89881,0.13507835148534938
joint,8,section1,2,100343,0.15080124857416377
joint,8,section1,3,82246,0.12360403306888047
joint,8,section1,4,42711,0.06418855453645106
joint,8,section1,5,117886,0.17716588092257426
joint,8,section1,6,75023,0.11274889201817255
joint,8,section1,7,108809,0.16352444172594188
joint,8,section2,0,22974,0.05692791460069432
joint,8,section2,1,35320,0.08752041193072704
joint,8,section2,2,53923,0.13361730386581525
joint,8,section2,3,83813,0.20768256752972894
joint,8,section2,4,29909,0.07411234429320825
joint,8,section2,5,73322,0.1816866263755597
joint,8,section2,6,46305,0.11474044944655482
joint,8,section2,7,57997,0.1437123819577117
joint,9,section1,0,81069,0.12183516957494676
joint,9,section1,1,100784,0.15146400881275746
joint,9,section1,2,55755,0.08379183016505885
joint,9,section1,3,68170,0.10244980831050242
joint,9,section1,4,65542,0.09850029831725025
joint,9,section1,5,79267,0.11912702002858436
joint,9,section1,6,50567,0.07599500450105877
joint,9,section1,7,68634,0.10314713427582549
joint,9,section1,8,95611,0.14368972601401564
joint,9,section2,0,41206,0.10210549530060982
joint,9,section2,1,50674,0.12556651625644571
joint,9,section2,2,36116,0.0894928425053833
joint,9,section2,3,37548,0.09304123519747846
joint,9,section2,4,41605,0.10309418851579555
joint,9,section2,5,40297,0.09985305887804383
joint,9,section2,6,34263,0.08490124218523502
joint,9,section2,7,73030,0.18096307144113807
joint,9,section2,8,48824,0.12098234971987025
