mode,n_clusters,n_clusters_observed,cluster_asw,cluster_asw_scaled,dbi,calinski_harabasz,metric_n_obs,silhouette_sample_size,label_key,n_labeled,n_true_labels,ari,nmi,homogeneity,completeness,v_measure,label_asw,label_asw_scaled,section,spatial_neighbor_agreement
joint,2,2.0,0.11404883116483688,0.5570244155824184,2.791773817971744,135263.30336053338,1068962.0,10000.0,cell_type_common,956139.0,16.0,0.4528871160871462,0.3997281515182428,0.2870405556999097,0.658079970759465,0.3997281515182428,0.02469717524945736,0.5123485876247287,,
joint,2,2.0,0.11404883116483688,0.5570244155824184,2.791773817971744,135263.30336053338,1068962.0,10000.0,spatial_cluster,344594.0,8.0,0.20947672274013676,0.36052012421240637,0.2409235083070521,0.7158987708427591,0.36052012421240637,0.06080184876918793,0.530400924384594,,
joint,2,2.0,0.11404883116483688,0.5570244155824184,2.791773817971744,135263.30336053338,1068962.0,10000.0,codex_coarse_label,665399.0,10.0,0.16934767527846023,0.16793537051401822,0.11916712257438684,0.2842712328350076,0.16793537051401825,-0.006588565185666084,0.49670571740716696,,
joint,2,2.0,0.11404883116483688,0.5570244155824184,2.791773817971744,135263.30336053338,1068962.0,10000.0,section,1068962.0,2.0,0.0021930445843686757,0.0007190660203727768,0.0007334454035816206,0.000705239618731592,0.0007190660203727768,0.00887122843414545,0.5044356142170727,,
joint_section_spatial,2,,,,,,,,cluster,,,,,,,,,,section1,0.9505206650445823
joint_section_spatial,2,,,,,,,,cluster,,,,,,,,,,section2,0.9516304352315087
independent,2,2.0,0.11572034657001495,0.5578601732850075,2.777584899386211,85493.411494205,665399.0,10000.0,cell_type_common,611545.0,16.0,0.42872487943920806,0.3738013899122044,0.26292751240164985,0.6463684321146786,0.37380138991220446,0.016841620206832886,0.5084208101034164,section1,
independent,2,2.0,0.11572034657001495,0.5578601732850075,2.777584899386211,85493.411494205,665399.0,10000.0,codex_coarse_label,665399.0,10.0,0.19956899572178188,0.1707536317298483,0.12139622183188326,0.28774552494134836,0.1707536317298483,-0.006558096967637539,0.49672095151618123,section1,
independent_section_spatial,2,,,,,,,,cluster,,,,,,,,,,section1,0.9504297421547072
independent,2,2.0,0.1056177020072937,0.5528088510036469,2.9780023057362706,44369.39486849022,403563.0,10000.0,cell_type_common,344594.0,16.0,0.22561829534317626,0.13655267705741758,0.10363639431337042,0.2001103613955212,0.13655267705741758,-0.0017710962565615773,0.4991144518717192,section2,
independent,2,2.0,0.1056177020072937,0.5528088510036469,2.9780023057362706,44369.39486849022,403563.0,10000.0,spatial_cluster,344594.0,8.0,0.1423065900326396,0.252391312402237,0.16739939663574058,0.5126980338019973,0.25239131240223706,0.06038723140954971,0.5301936157047749,section2,
independent_section_spatial,2,,,,,,,,cluster,,,,,,,,,,section2,0.9676634544461873
joint,3,3.0,0.0967925563454628,0.5483962781727314,2.931643703435753,100447.52767232449,1068962.0,10000.0,cell_type_common,956139.0,16.0,0.5785670105585486,0.40201298332080493,0.33368579402096116,0.5055273096838935,0.4020129833208049,0.02469717524945736,0.5123485876247287,,
joint,3,3.0,0.0967925563454628,0.5483962781727314,2.931643703435753,100447.52767232449,1068962.0,10000.0,spatial_cluster,344594.0,8.0,0.27852097532907966,0.4336625137841868,0.3248906902286003,0.6519232476023681,0.4336625137841868,0.06080184876918793,0.530400924384594,,
joint,3,3.0,0.0967925563454628,0.5483962781727314,2.931643703435753,100447.52767232449,1068962.0,10000.0,codex_coarse_label,665399.0,10.0,0.2554674893266065,0.1539145022103126,0.12765325900471655,0.19377943776323944,0.15391450221031264,-0.006588565185666084,0.49670571740716696,,
joint,3,3.0,0.0967925563454628,0.5483962781727314,2.931643703435753,100447.52767232449,1068962.0,10000.0,section,1068962.0,2.0,-0.0014660960229487645,0.0005190399136360077,0.0006803724234311225,0.0004195537295289825,0.0005190399136360078,0.00887122843414545,0.5044356142170727,,
joint_section_spatial,3,,,,,,,,cluster,,,,,,,,,,section1,0.9148906645987345
joint_section_spatial,3,,,,,,,,cluster,,,,,,,,,,section2,0.9163166593567795
independent,3,3.0,0.09508111327886581,0.5475405566394329,2.8612189308663596,64872.41650458811,665399.0,10000.0,cell_type_common,611545.0,16.0,0.4844459542377321,0.3315221617392509,0.27009720239656904,0.42910933964087905,0.3315221617392509,0.016841620206832886,0.5084208101034164,section1,
independent,3,3.0,0.09508111327886581,0.5475405566394329,2.8612189308663596,64872.41650458811,665399.0,10000.0,codex_coarse_label,665399.0,10.0,0.2531895701999305,0.16600705229116489,0.13779115093440436,0.2087542842621497,0.16600705229116489,-0.006558096967637539,0.49672095151618123,section1,
independent_section_spatial,3,,,,,,,,cluster,,,,,,,,,,section1,0.9024437467845108
independent,3,3.0,0.10622140765190125,0.5531107038259506,2.513623219876599,43245.50520788599,403563.0,10000.0,cell_type_common,344594.0,16.0,0.5056738390814947,0.3730438948562234,0.3392307347650604,0.4143440490836695,0.37304389485622347,-0.0017710962565615773,0.4991144518717192,section2,
independent,3,3.0,0.10622140765190125,0.5531107038259506,2.513623219876599,43245.50520788599,403563.0,10000.0,spatial_cluster,344594.0,8.0,0.2212199439307504,0.3365082754708176,0.25510004539239717,0.4942275270273782,0.3365082754708175,0.06038723140954971,0.5301936157047749,section2,
independent_section_spatial,3,,,,,,,,cluster,,,,,,,,,,section2,0.9266739848136062
joint,4,4.0,0.08143332600593567,0.5407166630029678,3.2749768138630873,82042.67785467212,1068962.0,10000.0,cell_type_common,956139.0,16.0,0.32549235821938716,0.3717851145205954,0.3460649883615477,0.4016353202762946,0.3717851145205954,0.02469717524945736,0.5123485876247287,,
joint,4,4.0,0.08143332600593567,0.5407166630029678,3.2749768138630873,82042.67785467212,1068962.0,10000.0,spatial_cluster,344594.0,8.0,0.3155646095057221,0.4505783412290038,0.37462911172039587,0.5651527732134921,0.4505783412290038,0.06080184876918793,0.530400924384594,,
joint,4,4.0,0.08143332600593567,0.5407166630029678,3.2749768138630873,82042.67785467212,1068962.0,10000.0,codex_coarse_label,665399.0,10.0,0.1347792296688298,0.14609191497137558,0.13391266549093125,0.1607081964972219,0.14609191497137555,-0.006588565185666084,0.49670571740716696,,
joint,4,4.0,0.08143332600593567,0.5407166630029678,3.2749768138630873,82042.67785467212,1068962.0,10000.0,section,1068962.0,2.0,0.008908945910985037,0.008211440502040661,0.012634018300541438,0.006082309094627296,0.008211440502040663,0.00887122843414545,0.5044356142170727,,
joint_section_spatial,4,,,,,,,,cluster,,,,,,,,,,section1,0.8571566333382927
joint_section_spatial,4,,,,,,,,cluster,,,,,,,,,,section2,0.900223756885542
independent,4,4.0,0.09279833734035492,0.5463991686701775,2.8834213866546192,54618.87799123911,665399.0,10000.0,cell_type_common,611545.0,16.0,0.382228708629456,0.31565147444143987,0.2824903995115306,0.3576334683896178,0.31565147444143987,0.016841620206832886,0.5084208101034164,section1,
independent,4,4.0,0.09279833734035492,0.5463991686701775,2.8834213866546192,54618.87799123911,665399.0,10000.0,codex_coarse_label,665399.0,10.0,0.2012446692878911,0.1448725266891387,0.1328072005602254,0.15934914708166478,0.14487252668913872,-0.006558096967637539,0.49672095151618123,section1,
independent_section_spatial,4,,,,,,,,cluster,,,,,,,,,,section1,0.840047850988655
independent,4,4.0,0.1075335294008255,0.5537667647004128,2.591297026521912,37954.88208404022,403563.0,10000.0,cell_type_common,344594.0,16.0,0.24259767640504634,0.31163406584710773,0.32245896175919464,0.3015123445341523,0.3116340658471077,-0.0017710962565615773,0.4991144518717192,section2,
independent,4,4.0,0.1075335294008255,0.5537667647004128,2.591297026521912,37954.88208404022,403563.0,10000.0,spatial_cluster,344594.0,8.0,0.20429487384568856,0.3220317206752813,0.2695802833151188,0.3998243628767183,0.3220317206752813,0.06038723140954971,0.5301936157047749,section2,
independent_section_spatial,4,,,,,,,,cluster,,,,,,,,,,section2,0.9323393538720514
joint,5,5.0,0.09445660561323166,0.5472283028066158,2.791033356195632,81370.52372281546,1068962.0,10000.0,cell_type_common,956139.0,16.0,0.3215729672179346,0.3449435829425609,0.34532040436083505,0.3445675830199233,0.3449435829425609,0.02469717524945736,0.5123485876247287,,
joint,5,5.0,0.09445660561323166,0.5472283028066158,2.791033356195632,81370.52372281546,1068962.0,10000.0,spatial_cluster,344594.0,8.0,0.33014218218988584,0.4438714572403389,0.39276633258547766,0.5102650238099713,0.44387145724033883,0.06080184876918793,0.530400924384594,,
joint,5,5.0,0.09445660561323166,0.5472283028066158,2.791033356195632,81370.52372281546,1068962.0,10000.0,codex_coarse_label,665399.0,10.0,0.14569829546090057,0.1457676689579443,0.14434075740419922,0.14722307427406903,0.1457676689579443,-0.006588565185666084,0.49670571740716696,,
joint,5,5.0,0.09445660561323166,0.5472283028066158,2.791033356195632,81370.52372281546,1068962.0,10000.0,section,1068962.0,2.0,0.0008925759872361193,0.0014240009832049746,0.002437723064587035,0.001005758426961384,0.0014240009832049746,0.00887122843414545,0.5044356142170727,,
joint_section_spatial,5,,,,,,,,cluster,,,,,,,,,,section1,0.8472362697669619
joint_section_spatial,5,,,,,,,,cluster,,,,,,,,,,section2,0.8482467421443493
independent,5,5.0,0.09670127928256989,0.5483506396412849,2.835461334606093,51626.10858488729,665399.0,10000.0,cell_type_common,611545.0,16.0,0.18681338036601852,0.2956844289822322,0.2821568192921892,0.31057448339075666,0.2956844289822322,0.016841620206832886,0.5084208101034164,section1,
independent,5,5.0,0.09670127928256989,0.5483506396412849,2.835461334606093,51626.10858488729,665399.0,10000.0,codex_coarse_label,665399.0,10.0,0.08071894764973296,0.13873302345071797,0.13518040850491622,0.1424774075147564,0.13873302345071795,-0.006558096967637539,0.49672095151618123,section1,
independent_section_spatial,5,,,,,,,,cluster,,,,,,,,,,section1,0.8193715349737526
independent,5,5.0,0.11751611530780792,0.558758057653904,2.5004841886588567,35792.450504239096,403563.0,10000.0,cell_type_common,344594.0,16.0,0.38125613523983065,0.41069880377699625,0.454099100640621,0.37487072017553796,0.4106988037769962,-0.0017710962565615773,0.4991144518717192,section2,
independent,5,5.0,0.11751611530780792,0.558758057653904,2.5004841886588567,35792.450504239096,403563.0,10000.0,spatial_cluster,344594.0,8.0,0.28649194917487275,0.4135039423740574,0.36464694225608607,0.4774786276492303,0.41350394237405746,0.06038723140954971,0.5301936157047749,section2,
independent_section_spatial,5,,,,,,,,cluster,,,,,,,,,,section2,0.9057487100320561
joint,6,6.0,0.096652090549469,0.5483260452747345,2.725333509327719,75744.57879154349,1068962.0,10000.0,cell_type_common,956139.0,16.0,0.24366987144891067,0.34052571945223387,0.35678690541858676,0.3256821853926399,0.34052571945223387,0.02469717524945736,0.5123485876247287,,
joint,6,6.0,0.096652090549469,0.5483260452747345,2.725333509327719,75744.57879154349,1068962.0,10000.0,spatial_cluster,344594.0,8.0,0.30593845734368513,0.4144701821775404,0.3777543153601859,0.4590916378333946,0.4144701821775404,0.06080184876918793,0.530400924384594,,
joint,6,6.0,0.096652090549469,0.5483260452747345,2.725333509327719,75744.57879154349,1068962.0,10000.0,codex_coarse_label,665399.0,10.0,0.10631362574571868,0.14246177788703887,0.14797269069922406,0.13734660975804716,0.14246177788703887,-0.006588565185666084,0.49670571740716696,,
joint,6,6.0,0.096652090549469,0.5483260452747345,2.725333509327719,75744.57879154349,1068962.0,10000.0,section,1068962.0,2.0,0.0030301642570010985,0.005760181179276237,0.010541437307646031,0.003962788202712453,0.005760181179276238,0.00887122843414545,0.5044356142170727,,
joint_section_spatial,6,,,,,,,,cluster,,,,,,,,,,section1,0.7917733069431524
joint_section_spatial,6,,,,,,,,cluster,,,,,,,,,,section2,0.795004332243871
independent,6,6.0,0.10522177815437317,0.5526108890771866,2.476008337164679,49552.94041012692,665399.0,10000.0,cell_type_common,611545.0,16.0,0.3146273017433855,0.32891342530832135,0.3321762886373614,0.32571403863095755,0.3289134253083213,0.016841620206832886,0.5084208101034164,section1,
independent,6,6.0,0.10522177815437317,0.5526108890771866,2.476008337164679,49552.94041012692,665399.0,10000.0,codex_coarse_label,665399.0,10.0,0.1482921586023374,0.1383333657536354,0.14350853715683637,0.133518454385806,0.1383333657536354,-0.006558096967637539,0.49672095151618123,section1,
independent_section_spatial,6,,,,,,,,cluster,,,,,,,,,,section1,0.8350768987229217
independent,6,6.0,0.11520125716924667,0.5576006285846233,2.620001990609636,31937.072818769513,403563.0,10000.0,cell_type_common,344594.0,16.0,0.2824181048476798,0.3914706791370403,0.4629823764843359,0.33909454608452166,0.3914706791370403,-0.0017710962565615773,0.4991144518717192,section2,
independent,6,6.0,0.11520125716924667,0.5576006285846233,2.620001990609636,31937.072818769513,403563.0,10000.0,spatial_cluster,344594.0,8.0,0.2517483351407152,0.38155792669635363,0.3549980595570737,0.41241343641765615,0.3815579266963537,0.06038723140954971,0.5301936157047749,section2,
independent_section_spatial,6,,,,,,,,cluster,,,,,,,,,,section2,0.8697568079002947
joint,7,7.0,0.10862068086862564,0.5543103404343128,2.450994962956855,73846.04967721674,1068962.0,10000.0,cell_type_common,956139.0,16.0,0.24470919120992765,0.34055557910212436,0.3742209267132507,0.3124474453573154,0.34055557910212436,0.02469717524945736,0.5123485876247287,,
joint,7,7.0,0.10862068086862564,0.5543103404343128,2.450994962956855,73846.04967721674,1068962.0,10000.0,spatial_cluster,344594.0,8.0,0.30035417799232467,0.41286003081753336,0.3944347490194203,0.433091070390038,0.4128600308175333,0.06080184876918793,0.530400924384594,,
joint,7,7.0,0.10862068086862564,0.5543103404343128,2.450994962956855,73846.04967721674,1068962.0,10000.0,codex_coarse_label,665399.0,10.0,0.0973928097413264,0.13802107343268882,0.15009396208621692,0.12774577337110302,0.13802107343268882,-0.006588565185666084,0.49670571740716696,,
joint,7,7.0,0.10862068086862564,0.5543103404343128,2.450994962956855,73846.04967721674,1068962.0,10000.0,section,1068962.0,2.0,0.0013217614674652328,0.0020815640529598025,0.004064332598212148,0.0013990453334577664,0.0020815640529598025,0.00887122843414545,0.5044356142170727,,
joint_section_spatial,7,,,,,,,,cluster,,,,,,,,,,section1,0.7754435058263288
joint_section_spatial,7,,,,,,,,cluster,,,,,,,,,,section2,0.7674997460123946
independent,7,7.0,0.1133979856967926,0.5566989928483963,2.3413398815012205,48578.240344265905,665399.0,10000.0,cell_type_common,611545.0,16.0,0.2961233394461992,0.3375868458402735,0.35623349866620196,0.3207951733872817,0.3375868458402735,0.016841620206832886,0.5084208101034164,section1,
independent,7,7.0,0.1133979856967926,0.5566989928483963,2.3413398815012205,48578.240344265905,665399.0,10000.0,codex_coarse_label,665399.0,10.0,0.15022657677800055,0.14766060352838783,0.15945564236710927,0.13749035170046645,0.14766060352838783,-0.006558096967637539,0.49672095151618123,section1,
independent_section_spatial,7,,,,,,,,cluster,,,,,,,,,,section1,0.7877747035988933
independent,7,7.0,0.11716490238904953,0.5585824511945248,2.454903157459887,29819.39204402225,403563.0,10000.0,cell_type_common,344594.0,16.0,0.24607708417854138,0.3479876996380011,0.4318173055464656,0.29141474036372356,0.34798769963800114,-0.0017710962565615773,0.4991144518717192,section2,
independent,7,7.0,0.11716490238904953,0.5585824511945248,2.454903157459887,29819.39204402225,403563.0,10000.0,spatial_cluster,344594.0,8.0,0.27643999131348423,0.4353557482179013,0.42103169315111816,0.45068877648480754,0.43535574821790124,0.06038723140954971,0.5301936157047749,section2,
independent_section_spatial,7,,,,,,,,cluster,,,,,,,,,,section2,0.8317189633341014
joint,8,8.0,0.10757264494895935,0.5537863224744797,2.50129627840981,68146.3195956703,1068962.0,10000.0,cell_type_common,956139.0,16.0,0.2454580759608234,0.3518521991708559,0.3986124869150355,0.3149107626646827,0.3518521991708559,0.02469717524945736,0.5123485876247287,,
joint,8,8.0,0.10757264494895935,0.5537863224744797,2.50129627840981,68146.3195956703,1068962.0,10000.0,spatial_cluster,344594.0,8.0,0.2543899586382127,0.3798129371484743,0.3704655089458261,0.3896442758428035,0.37981293714847425,0.06080184876918793,0.530400924384594,,
joint,8,8.0,0.10757264494895935,0.5537863224744797,2.50129627840981,68146.3195956703,1068962.0,10000.0,codex_coarse_label,665399.0,10.0,0.09833537358083594,0.12797140963178993,0.14325322977443597,0.11563573959278756,0.12797140963178993,-0.006588565185666084,0.49670571740716696,,
joint,8,8.0,0.10757264494895935,0.5537863224744797,2.50129627840981,68146.3195956703,1068962.0,10000.0,section,1068962.0,2.0,0.00326973071169699,0.0064884653319748934,0.01317045196101444,0.00430456039784937,0.006488465331974895,0.00887122843414545,0.5044356142170727,,
joint_section_spatial,8,,,,,,,,cluster,,,,,,,,,,section1,0.7270602550750251
joint_section_spatial,8,,,,,,,,cluster,,,,,,,,,,section2,0.7243668687829823
independent,8,8.0,0.1265966296195984,0.5632983148097992,2.2093004274673067,48306.048531317894,665399.0,10000.0,cell_type_common,611545.0,16.0,0.25407889780145404,0.33733382532122896,0.36959685613253623,0.3102512227683749,0.3373338253212289,0.016841620206832886,0.5084208101034164,section1,
independent,8,8.0,0.1265966296195984,0.5632983148097992,2.2093004274673067,48306.048531317894,665399.0,10000.0,codex_coarse_label,665399.0,10.0,0.1133544592132911,0.1395477655150406,0.15656536231678572,0.12586688566267085,0.1395477655150406,-0.006558096967637539,0.49672095151618123,section1,
independent_section_spatial,8,,,,,,,,cluster,,,,,,,,,,section1,0.7646800390943379
independent,8,8.0,0.13159184157848358,0.5657959207892418,2.3345291368490475,30220.14039062107,403563.0,10000.0,cell_type_common,344594.0,16.0,0.24689669748644702,0.3669434283928316,0.47057842536835887,0.3007168659128861,0.3669434283928316,-0.0017710962565615773,0.4991144518717192,section2,
independent,8,8.0,0.13159184157848358,0.5657959207892418,2.3345291368490475,30220.14039062107,403563.0,10000.0,spatial_cluster,344594.0,8.0,0.30989379921446447,0.4598850353900018,0.4567947336261331,0.46301743489116876,0.45988503539000186,0.06038723140954971,0.5301936157047749,section2,
independent_section_spatial,8,,,,,,,,cluster,,,,,,,,,,section2,0.8737470977269968
joint,9,9.0,0.11077014356851578,0.5553850717842579,2.4033068297103397,67102.44558051098,1068962.0,10000.0,cell_type_common,956139.0,16.0,0.19366739056544738,0.32516281281100173,0.3838558810227627,0.28203808460804214,0.32516281281100173,0.02469717524945736,0.5123485876247287,,
joint,9,9.0,0.11077014356851578,0.5553850717842579,2.4033068297103397,67102.44558051098,1068962.0,10000.0,spatial_cluster,344594.0,8.0,0.2799692803847958,0.4125669743801098,0.419547588029089,0.4058148519151818,0.4125669743801098,0.06080184876918793,0.530400924384594,,
joint,9,9.0,0.11077014356851578,0.5553850717842579,2.4033068297103397,67102.44558051098,1068962.0,10000.0,codex_coarse_label,665399.0,10.0,0.08385652938922833,0.1378843822331868,0.16041379896473806,0.12090395092131398,0.13788438223318678,-0.006588565185666084,0.49670571740716696,,
joint,9,9.0,0.11077014356851578,0.5553850717842579,2.4033068297103397,67102.44558051098,1068962.0,10000.0,section,1068962.0,2.0,0.003520166671660607,0.0051409469609913295,0.011022708766943634,0.0033521996972901117,0.00514094696099133,0.00887122843414545,0.5044356142170727,,
joint_section_spatial,9,,,,,,,,cluster,,,,,,,,,,section1,0.7574522955399693
joint_section_spatial,9,,,,,,,,cluster,,,,,,,,,,section2,0.7406431379156827
independent,9,9.0,0.124385766685009,0.5621928833425045,2.2784896001472337,46195.223407323036,665399.0,10000.0,cell_type_common,611545.0,16.0,0.16251749959237818,0.3117741881756578,0.35433386030328246,0.2783420303237979,0.3117741881756577,0.016841620206832886,0.5084208101034164,section1,
independent,9,9.0,0.124385766685009,0.5621928833425045,2.2784896001472337,46195.223407323036,665399.0,10000.0,codex_coarse_label,665399.0,10.0,0.0768330229660736,0.13530767068650643,0.1571743519386147,0.11878224267071023,0.13530767068650645,-0.006558096967637539,0.49672095151618123,section1,
independent_section_spatial,9,,,,,,,,cluster,,,,,,,,,,section1,0.7511883847135328
independent,9,9.0,0.12972411513328552,0.5648620575666428,2.2750755620729644,28701.578500962572,403563.0,10000.0,cell_type_common,344594.0,16.0,0.20449202562609536,0.36569017694545697,0.4879604881769884,0.2924178154180251,0.36569017694545697,-0.0017710962565615773,0.4991144518717192,section2,
independent,9,9.0,0.12972411513328552,0.5648620575666428,2.2750755620729644,28701.578500962572,403563.0,10000.0,spatial_cluster,344594.0,8.0,0.2868534530156606,0.46529899029384486,0.47740499596418995,0.45379176737935645,0.4652989902938449,0.06038723140954971,0.5301936157047749,section2,
independent_section_spatial,9,,,,,,,,cluster,,,,,,,,,,section2,0.8126789786642151
joint,10,10.0,0.12549592554569244,0.5627479627728462,2.151849186289048,67823.97108304712,1068962.0,10000.0,cell_type_common,956139.0,16.0,0.2144407366604429,0.3186803716974463,0.38099162039752266,0.2738862291801767,0.3186803716974463,0.02469717524945736,0.5123485876247287,,
joint,10,10.0,0.12549592554569244,0.5627479627728462,2.151849186289048,67823.97108304712,1068962.0,10000.0,spatial_cluster,344594.0,8.0,0.2936538397023854,0.4533543507581831,0.4659560325059593,0.441416339778393,0.4533543507581831,0.06080184876918793,0.530400924384594,,
joint,10,10.0,0.12549592554569244,0.5627479627728462,2.151849186289048,67823.97108304712,1068962.0,10000.0,codex_coarse_label,665399.0,10.0,0.09119210101946909,0.13583520831266482,0.1572307257714443,0.11956512101521877,0.1358352083126648,-0.006588565185666084,0.49670571740716696,,
joint,10,10.0,0.12549592554569244,0.5627479627728462,2.151849186289048,67823.97108304712,1068962.0,10000.0,section,1068962.0,2.0,0.014747133834910544,0.036035035851895776,0.07860782009375435,0.02337532174268377,0.03603503585189578,0.00887122843414545,0.5044356142170727,,
joint_section_spatial,10,,,,,,,,cluster,,,,,,,,,,section1,0.7626689650370179
joint_section_spatial,10,,,,,,,,cluster,,,,,,,,,,section2,0.7403978230577795
independent,10,10.0,0.1321820765733719,0.5660910382866859,2.190319730406404,45129.922254360645,665399.0,10000.0,cell_type_common,611545.0,16.0,0.1414217029192836,0.3073851647106836,0.3572078109854875,0.2697596208273444,0.3073851647106836,0.016841620206832886,0.5084208101034164,section1,
independent,10,10.0,0.1321820765733719,0.5660910382866859,2.190319730406404,45129.922254360645,665399.0,10000.0,codex_coarse_label,665399.0,10.0,0.06332152390916154,0.13328237642053326,0.15826384545818764,0.11511225529642616,0.13328237642053323,-0.006558096967637539,0.49672095151618123,section1,
independent_section_spatial,10,,,,,,,,cluster,,,,,,,,,,section1,0.7610413701653694
independent,10,10.0,0.12925292551517487,0.5646264627575874,2.3545890812100616,27655.783023111297,403563.0,10000.0,cell_type_common,344594.0,16.0,0.18556102363501253,0.35173917563961954,0.48504326715680984,0.2759108073254194,0.3517391756396196,-0.0017710962565615773,0.4991144518717192,section2,
independent,10,10.0,0.12925292551517487,0.5646264627575874,2.3545890812100616,27655.783023111297,403563.0,10000.0,spatial_cluster,344594.0,8.0,0.3007599895849338,0.4590386121319719,0.4838978685342338,0.43660873744677403,0.45903861213197183,0.06038723140954971,0.5301936157047749,section2,
independent_section_spatial,10,,,,,,,,cluster,,,,,,,,,,section2,0.838415563369288
joint,11,11.0,0.12816974520683289,0.5640848726034164,2.173478697776747,66046.48712740566,1068962.0,10000.0,cell_type_common,956139.0,16.0,0.16309482071407183,0.32756489535873456,0.40635660685730424,0.2743659090783525,0.3275648953587346,0.02469717524945736,0.5123485876247287,,
joint,11,11.0,0.12816974520683289,0.5640848726034164,2.173478697776747,66046.48712740566,1068962.0,10000.0,spatial_cluster,344594.0,8.0,0.31111545751582736,0.4582052146673584,0.48698316598441715,0.4326387132026657,0.4582052146673583,0.06080184876918793,0.530400924384594,,
joint,11,11.0,0.12816974520683289,0.5640848726034164,2.173478697776747,66046.48712740566,1068962.0,10000.0,codex_coarse_label,665399.0,10.0,0.06865555372044899,0.1293094355164997,0.1576135818386937,0.10962334522320576,0.12930943551649973,-0.006588565185666084,0.49670571740716696,,
joint,11,11.0,0.12816974520683289,0.5640848726034164,2.173478697776747,66046.48712740566,1068962.0,10000.0,section,1068962.0,2.0,0.0028687264449701183,0.005425716318567218,0.012377745540290388,0.0034743361881796903,0.0054257163185672174,0.00887122843414545,0.5044356142170727,,
joint_section_spatial,11,,,,,,,,cluster,,,,,,,,,,section1,0.7320730368796267
joint_section_spatial,11,,,,,,,,cluster,,,,,,,,,,section2,0.720443895996412
independent,11,11.0,0.13648217916488647,0.5682410895824432,2.123169464364424,44121.20858613755,665399.0,10000.0,cell_type_common,611545.0,16.0,0.15553143397651498,0.3117885947579494,0.3724834282024519,0.26810229167159455,0.31178859475794946,0.016841620206832886,0.5084208101034164,section1,
independent,11,11.0,0.13648217916488647,0.5682410895824432,2.123169464364424,44121.20858613755,665399.0,10000.0,codex_coarse_label,665399.0,10.0,0.07007289460050731,0.12748972007810255,0.15583634339156704,0.1078684535948633,0.12748972007810255,-0.006558096967637539,0.49672095151618123,section1,
independent_section_spatial,11,,,,,,,,cluster,,,,,,,,,,section1,0.727734286746248
independent,11,11.0,0.12394209206104279,0.5619710460305214,2.361557358875955,26080.481720059466,403563.0,10000.0,cell_type_common,344594.0,16.0,0.1435454388991034,0.33762571994429286,0.4785042233127195,0.2608328032620598,0.3376257199442928,-0.0017710962565615773,0.4991144518717192,section2,
independent,11,11.0,0.12394209206104279,0.5619710460305214,2.361557358875955,26080.481720059466,403563.0,10000.0,spatial_cluster,344594.0,8.0,0.27671152497444496,0.4443617659933807,0.47914931393520543,0.41428364281390867,0.4443617659933807,0.06038723140954971,0.5301936157047749,section2,
independent_section_spatial,11,,,,,,,,cluster,,,,,,,,,,section2,0.797969998901452
joint,12,12.0,0.12051370739936829,0.5602568536996841,2.188217332541272,61453.059895750564,1068962.0,10000.0,cell_type_common,956139.0,16.0,0.11463566134311655,0.3074838946917774,0.3892724625926107,0.2540966141241883,0.3074838946917774,0.02469717524945736,0.5123485876247287,,
joint,12,12.0,0.12051370739936829,0.5602568536996841,2.188217332541272,61453.059895750564,1068962.0,10000.0,spatial_cluster,344594.0,8.0,0.2881783847879537,0.44865778162116493,0.488589953059265,0.4147597126050904,0.448657781621165,0.06080184876918793,0.530400924384594,,
joint,12,12.0,0.12051370739936829,0.5602568536996841,2.188217332541272,61453.059895750564,1068962.0,10000.0,codex_coarse_label,665399.0,10.0,0.04584745042686512,0.13393968924017402,0.16492729346735352,0.11275462302352895,0.13393968924017402,-0.006588565185666084,0.49670571740716696,,
joint,12,12.0,0.12051370739936829,0.5602568536996841,2.188217332541272,61453.059895750564,1068962.0,10000.0,section,1068962.0,2.0,0.008412101351888059,0.015409231362669624,0.035990388655361576,0.009803236173395546,0.015409231362669622,0.00887122843414545,0.5044356142170727,,
joint_section_spatial,12,,,,,,,,cluster,,,,,,,,,,section1,0.7387702716715835
joint_section_spatial,12,,,,,,,,cluster,,,,,,,,,,section2,0.7261716262392737
independent,12,12.0,0.13777893781661987,0.5688894689083099,2.140783070815916,40879.85409486634,665399.0,10000.0,cell_type_common,611545.0,16.0,0.22129239463493053,0.3130036835908467,0.37654176578112797,0.26781267140174037,0.3130036835908467,0.016841620206832886,0.5084208101034164,section1,
independent,12,12.0,0.13777893781661987,0.5688894689083099,2.140783070815916,40879.85409486634,665399.0,10000.0,codex_coarse_label,665399.0,10.0,0.10641058918016286,0.13336937454068243,0.16456807360962467,0.11211474116048294,0.13336937454068246,-0.006558096967637539,0.49672095151618123,section1,
independent_section_spatial,12,,,,,,,,cluster,,,,,,,,,,section1,0.7135903921306364
independent,12,12.0,0.13182605803012848,0.5659130290150642,2.2238540652855208,24711.485680166217,403563.0,10000.0,cell_type_common,344594.0,16.0,0.17344223947733808,0.3456060993033536,0.48763755511506773,0.26764936875183054,0.3456060993033536,-0.0017710962565615773,0.4991144518717192,section2,
independent,12,12.0,0.13182605803012848,0.5659130290150642,2.2238540652855208,24711.485680166217,403563.0,10000.0,spatial_cluster,344594.0,8.0,0.2579741201191104,0.43886458945758805,0.4714789766219615,0.41047044531374555,0.438864589457588,0.06038723140954971,0.5301936157047749,section2,
independent_section_spatial,12,,,,,,,,cluster,,,,,,,,,,section2,0.7923199103981287
joint,13,13.0,0.12856370210647583,0.5642818510532379,2.090238349166733,61840.13321149043,1068962.0,10000.0,cell_type_common,956139.0,16.0,0.14027090087960756,0.318883463753228,0.41133061538155197,0.2603658596510568,0.31888346375322807,0.02469717524945736,0.5123485876247287,,
joint,13,13.0,0.12856370210647583,0.5642818510532379,2.090238349166733,61840.13321149043,1068962.0,10000.0,spatial_cluster,344594.0,8.0,0.2671052364104511,0.4367635213387752,0.4801207020163548,0.4005884783539447,0.43676352133877516,0.06080184876918793,0.530400924384594,,
joint,13,13.0,0.12856370210647583,0.5642818510532379,2.090238349166733,61840.13321149043,1068962.0,10000.0,codex_coarse_label,665399.0,10.0,0.05525713036156508,0.12923927162354398,0.1610083438574498,0.10794107270111404,0.12923927162354398,-0.006588565185666084,0.49670571740716696,,
joint,13,13.0,0.12856370210647583,0.5642818510532379,2.090238349166733,61840.13321149043,1068962.0,10000.0,section,1068962.0,2.0,0.012313398080997125,0.03566474210768278,0.08570505447129359,0.022517517439553825,0.035664742107682786,0.00887122843414545,0.5044356142170727,,
joint_section_spatial,13,,,,,,,,cluster,,,,,,,,,,section1,0.710605716770439
joint_section_spatial,13,,,,,,,,cluster,,,,,,,,,,section2,0.6969849399804574
independent,13,13.0,0.13101373612880707,0.5655068680644035,2.2651286031299245,39625.41258869345,665399.0,10000.0,cell_type_common,611545.0,16.0,0.16323753635251256,0.30511914161506587,0.377640434940507,0.2559642859734944,0.30511914161506587,0.016841620206832886,0.5084208101034164,section1,
independent,13,13.0,0.13101373612880707,0.5655068680644035,2.2651286031299245,39625.41258869345,665399.0,10000.0,codex_coarse_label,665399.0,10.0,0.08076967391072536,0.12918984402469966,0.1645054997856042,0.10635730636419485,0.12918984402469963,-0.006558096967637539,0.49672095151618123,section1,
independent_section_spatial,13,,,,,,,,cluster,,,,,,,,,,section1,0.7003244168786948
independent,13,13.0,0.12901665270328522,0.5645083263516426,2.0831207822573763,24678.659181163403,403563.0,10000.0,cell_type_common,344594.0,16.0,0.13436492072797204,0.3371419332571594,0.49485749546652297,0.2556605896396701,0.3371419332571595,-0.0017710962565615773,0.4991144518717192,section2,
independent,13,13.0,0.12901665270328522,0.5645083263516426,2.0831207822573763,24678.659181163403,403563.0,10000.0,spatial_cluster,344594.0,8.0,0.2643652765689593,0.4350333182188377,0.48295179404266764,0.3957654693207024,0.4350333182188377,0.06038723140954971,0.5301936157047749,section2,
independent_section_spatial,13,,,,,,,,cluster,,,,,,,,,,section2,0.7624728563652597
joint,14,14.0,0.12054292112588882,0.5602714605629444,2.203496401866184,57246.769757911745,1068962.0,10000.0,cell_type_common,956139.0,16.0,0.11373479762606979,0.3003511442079238,0.39423976972337776,0.2425803683695742,0.3003511442079238,0.02469717524945736,0.5123485876247287,,
joint,14,14.0,0.12054292112588882,0.5602714605629444,2.203496401866184,57246.769757911745,1068962.0,10000.0,spatial_cluster,344594.0,8.0,0.24778336577662835,0.42751641432322485,0.4768376552306661,0.3874417520539269,0.4275164143232249,0.06080184876918793,0.530400924384594,,
joint,14,14.0,0.12054292112588882,0.5602714605629444,2.203496401866184,57246.769757911745,1068962.0,10000.0,codex_coarse_label,665399.0,10.0,0.04782398784236055,0.1329934112234633,0.16825685255348458,0.10994998265686341,0.1329934112234633,-0.006588565185666084,0.49670571740716696,,
joint,14,14.0,0.12054292112588882,0.5602714605629444,2.203496401866184,57246.769757911745,1068962.0,10000.0,section,1068962.0,2.0,0.015561142437793676,0.0397796129958873,0.09781441846992418,0.024966564565958024,0.0397796129958873,0.00887122843414545,0.5044356142170727,,
joint_section_spatial,14,,,,,,,,cluster,,,,,,,,,,section1,0.7284143298482063
joint_section_spatial,14,,,,,,,,cluster,,,,,,,,,,section2,0.6982305117168819
independent,14,14.0,0.13201119005680084,0.5660055950284004,2.2482507123449165,38394.74442616988,665399.0,10000.0,cell_type_common,611545.0,16.0,0.13569972003775788,0.2979607975637007,0.3777945795907485,0.2459812015412571,0.29796079756370075,0.016841620206832886,0.5084208101034164,section1,
independent,14,14.0,0.13201119005680084,0.5660055950284004,2.2482507123449165,38394.74442616988,665399.0,10000.0,codex_coarse_label,665399.0,10.0,0.062401310857555986,0.12569467075459478,0.1631676499259745,0.1022190975352997,0.12569467075459476,-0.006558096967637539,0.49672095151618123,section1,
independent_section_spatial,14,,,,,,,,cluster,,,,,,,,,,section1,0.6807003517187933
independent,14,14.0,0.12722329795360565,0.5636116489768028,2.2263349424059653,23746.863829434693,403563.0,10000.0,cell_type_common,344594.0,16.0,0.1329957272846317,0.3110952213219135,0.4680998562645875,0.23295885797292143,0.31109522132191353,-0.0017710962565615773,0.4991144518717192,section2,
independent,14,14.0,0.12722329795360565,0.5636116489768028,2.2263349424059653,23746.863829434693,403563.0,10000.0,spatial_cluster,344594.0,8.0,0.24057175619973295,0.42596243693645763,0.4827862872493655,0.38110630086617225,0.42596243693645763,0.06038723140954971,0.5301936157047749,section2,
independent_section_spatial,14,,,,,,,,cluster,,,,,,,,,,section2,0.7806389584773629
joint,15,15.0,0.13026395440101624,0.5651319772005081,2.1136402207943314,56724.57000354691,1068962.0,10000.0,cell_type_common,956139.0,16.0,0.12116963256797657,0.31143855519869457,0.4162099159199275,0.24880705062795225,0.3114385551986946,0.02469717524945736,0.5123485876247287,,
joint,15,15.0,0.13026395440101624,0.5651319772005081,2.1136402207943314,56724.57000354691,1068962.0,10000.0,spatial_cluster,344594.0,8.0,0.26216598441675715,0.43467012202931177,0.4918065721272554,0.3894277075511725,0.43467012202931177,0.06080184876918793,0.530400924384594,,
joint,15,15.0,0.13026395440101624,0.5651319772005081,2.1136402207943314,56724.57000354691,1068962.0,10000.0,codex_coarse_label,665399.0,10.0,0.04980614759888592,0.1281220697610985,0.16539098874125607,0.10456057162768186,0.12812206976109852,-0.006588565185666084,0.49670571740716696,,
joint,15,15.0,0.13026395440101624,0.5651319772005081,2.1136402207943314,56724.57000354691,1068962.0,10000.0,section,1068962.0,2.0,0.011329353942928319,0.035402902481156885,0.08875604404918748,0.02211131925384797,0.03540290248115688,0.00887122843414545,0.5044356142170727,,
joint_section_spatial,15,,,,,,,,cluster,,,,,,,,,,section1,0.7052036948257111
joint_section_spatial,15,,,,,,,,cluster,,,,,,,,,,section2,0.6953883284642051
independent,15,15.0,0.13235656917095184,0.5661782845854759,2.13772920423387,37890.7582004092,665399.0,10000.0,cell_type_common,611545.0,16.0,0.12431111631447099,0.30487834861313007,0.3907809939707179,0.24993654969797358,0.30487834861313007,0.016841620206832886,0.5084208101034164,section1,
independent,15,15.0,0.13235656917095184,0.5661782845854759,2.13772920423387,37890.7582004092,665399.0,10000.0,codex_coarse_label,665399.0,10.0,0.05673331748336535,0.12786610971252318,0.16837731715107299,0.10306814388313686,0.12786610971252318,-0.006558096967637539,0.49672095151618123,section1,
independent_section_spatial,15,,,,,,,,cluster,,,,,,,,,,section1,0.686701011974269
independent,15,15.0,0.12202244997024536,0.5610112249851227,2.148563553131921,22806.53323177536,403563.0,10000.0,cell_type_common,344594.0,16.0,0.11811717424213791,0.331294582307061,0.5066015479420237,0.2461244358736329,0.3312945823070611,-0.0017710962565615773,0.4991144518717192,section2,
independent,15,15.0,0.12202244997024536,0.5610112249851227,2.148563553131921,22806.53323177536,403563.0,10000.0,spatial_cluster,344594.0,8.0,0.25884960039448357,0.4431630772976725,0.5091192889211141,0.39233608556830346,0.4431630772976725,0.06038723140954971,0.5301936157047749,section2,
independent_section_spatial,15,,,,,,,,cluster,,,,,,,,,,section2,0.756789728823835
joint,16,16.0,0.12831322848796844,0.5641566142439842,2.154129026483266,55131.72330123456,1068962.0,10000.0,cell_type_common,956139.0,16.0,0.09986068547565853,0.30764612694611704,0.4181995359582202,0.2433224604270163,0.30764612694611704,0.02469717524945736,0.5123485876247287,,
joint,16,16.0,0.12831322848796844,0.5641566142439842,2.154129026483266,55131.72330123456,1068962.0,10000.0,spatial_cluster,344594.0,8.0,0.24740810203951355,0.4260807378709392,0.49052590176772215,0.37660276562300504,0.4260807378709392,0.06080184876918793,0.530400924384594,,
joint,16,16.0,0.12831322848796844,0.5641566142439842,2.154129026483266,55131.72330123456,1068962.0,10000.0,codex_coarse_label,665399.0,10.0,0.041854546097884214,0.12898739499415054,0.16794143892812288,0.10470179638163814,0.12898739499415052,-0.006588565185666084,0.49670571740716696,,
joint,16,16.0,0.12831322848796844,0.5641566142439842,2.154129026483266,55131.72330123456,1068962.0,10000.0,section,1068962.0,2.0,0.015732437849498463,0.04380396052917276,0.11207185316756668,0.027221902807079798,0.04380396052917276,0.00887122843414545,0.5044356142170727,,
joint_section_spatial,16,,,,,,,,cluster,,,,,,,,,,section1,0.6971894557501088
joint_section_spatial,16,,,,,,,,cluster,,,,,,,,,,section2,0.6993113012507753
independent,16,16.0,0.13402864336967468,0.5670143216848373,2.173735796306431,36261.53121753697,665399.0,10000.0,cell_type_common,611545.0,16.0,0.12044625379092784,0.2952861632332372,0.3859872273931965,0.23910108440593503,0.29528616323323725,0.016841620206832886,0.5084208101034164,section1,
independent,16,16.0,0.13402864336967468,0.5670143216848373,2.173735796306431,36261.53121753697,665399.0,10000.0,codex_coarse_label,665399.0,10.0,0.057124721893710664,0.12119332441072014,0.16253369481409838,0.09661846288426021,0.12119332441072016,-0.006558096967637539,0.49672095151618123,section1,
independent_section_spatial,16,,,,,,,,cluster,,,,,,,,,,section1,0.6576224691250413
independent,16,16.0,0.13048429787158966,0.5652421489357948,2.14561416944577,22335.143872843855,403563.0,10000.0,cell_type_common,344594.0,16.0,0.11257387323274266,0.32128769110278993,0.496233531215847,0.23754264851205475,0.32128769110279,-0.0017710962565615773,0.4991144518717192,section2,
independent,16,16.0,0.13048429787158966,0.5652421489357948,2.14561416944577,22335.143872843855,403563.0,10000.0,spatial_cluster,344594.0,8.0,0.23364896475204733,0.4313588259731316,0.49973459940217324,0.3794419894535508,0.4313588259731316,0.06038723140954971,0.5301936157047749,section2,
independent_section_spatial,16,,,,,,,,cluster,,,,,,,,,,section2,0.756771144364903
joint,17,17.0,0.11874881386756897,0.5593744069337845,2.297593880998535,51273.79623368907,1068962.0,10000.0,cell_type_common,956139.0,16.0,0.11228824604737773,0.30637473093915885,0.42036966816889104,0.241016419648814,0.30637473093915885,0.02469717524945736,0.5123485876247287,,
joint,17,17.0,0.11874881386756897,0.5593744069337845,2.297593880998535,51273.79623368907,1068962.0,10000.0,spatial_cluster,344594.0,8.0,0.26309091316248384,0.4315181999879851,0.5022246624522592,0.3782637613946087,0.43151819998798513,0.06080184876918793,0.530400924384594,,
joint,17,17.0,0.11874881386756897,0.5593744069337845,2.297593880998535,51273.79623368907,1068962.0,10000.0,codex_coarse_label,665399.0,10.0,0.04928058626618213,0.1314410282307503,0.1773697323540544,0.1044058362674375,0.1314410282307503,-0.006588565185666084,0.49670571740716696,,
joint,17,17.0,0.11874881386756897,0.5593744069337845,2.297593880998535,51273.79623368907,1068962.0,10000.0,section,1068962.0,2.0,0.002495290341387679,0.006541305648153903,0.01703674103979417,0.004047719607902237,0.006541305648153903,0.00887122843414545,0.5044356142170727,,
joint_section_spatial,17,,,,,,,,cluster,,,,,,,,,,section1,0.6691243399323814
joint_section_spatial,17,,,,,,,,cluster,,,,,,,,,,section2,0.6632809912372212
independent,17,17.0,0.12840214371681213,0.5642010718584061,2.1842246938035546,34701.841170057334,665399.0,10000.0,cell_type_common,611545.0,16.0,0.11872361583079641,0.29280184784212915,0.387725780360606,0.23521577225937054,0.29280184784212915,0.016841620206832886,0.5084208101034164,section1,
independent,17,17.0,0.12840214371681213,0.5642010718584061,2.1842246938035546,34701.841170057334,665399.0,10000.0,codex_coarse_label,665399.0,10.0,0.054992590152564004,0.12331272373001828,0.16744661118130422,0.09759074129031028,0.12331272373001827,-0.006558096967637539,0.49672095151618123,section1,
independent_section_spatial,17,,,,,,,,cluster,,,,,,,,,,section1,0.6483623610294976
independent,17,17.0,0.1331210881471634,0.5665605440735817,2.1335185469750284,22171.811229413834,403563.0,10000.0,cell_type_common,344594.0,16.0,0.11845430718439785,0.3241219991278306,0.5105868470836322,0.23741772781394713,0.3241219991278306,-0.0017710962565615773,0.4991144518717192,section2,
independent,17,17.0,0.1331210881471634,0.5665605440735817,2.1335185469750284,22171.811229413834,403563.0,10000.0,spatial_cluster,344594.0,8.0,0.24555843778025607,0.44745347615782505,0.5270626904563227,0.3887373572921394,0.4474534761578251,0.06038723140954971,0.5301936157047749,section2,
independent_section_spatial,17,,,,,,,,cluster,,,,,,,,,,section2,0.7607680419992252
joint,18,18.0,0.1258033663034439,0.562901683151722,2.167168209498501,52146.18583239185,1068962.0,10000.0,cell_type_common,956139.0,16.0,0.1182307261283148,0.3025156782872975,0.4217333023961318,0.2358456743109701,0.30251567828729753,0.02469717524945736,0.5123485876247287,,
joint,18,18.0,0.1258033663034439,0.562901683151722,2.167168209498501,52146.18583239185,1068962.0,10000.0,spatial_cluster,344594.0,8.0,0.24001644400710936,0.42621622110444907,0.49983373919800256,0.37150018383021216,0.42621622110444907,0.06080184876918793,0.530400924384594,,
joint,18,18.0,0.1258033663034439,0.562901683151722,2.167168209498501,52146.18583239185,1068962.0,10000.0,codex_coarse_label,665399.0,10.0,0.05497795216398034,0.12339685737596061,0.1671832835281224,0.097786036793757,0.1233968573759606,-0.006588565185666084,0.49670571740716696,,
joint,18,18.0,0.1258033663034439,0.562901683151722,2.167168209498501,52146.18583239185,1068962.0,10000.0,section,1068962.0,2.0,0.010249161675460321,0.03363324417649086,0.08962001467257534,0.020701039674023338,0.033633244176490856,0.00887122843414545,0.5044356142170727,,
joint_section_spatial,18,,,,,,,,cluster,,,,,,,,,,section1,0.635294011562987
joint_section_spatial,18,,,,,,,,cluster,,,,,,,,,,section2,0.6479554204258897
independent,18,18.0,0.11869942396879196,0.559349711984396,2.1967643155092955,33700.980584751145,665399.0,10000.0,cell_type_common,611545.0,16.0,0.10455189600170037,0.2884339042705615,0.3867611595744932,0.2299684508116715,0.28843390427056154,0.016841620206832886,0.5084208101034164,section1,
independent,18,18.0,0.11869942396879196,0.559349711984396,2.1967643155092955,33700.980584751145,665399.0,10000.0,codex_coarse_label,665399.0,10.0,0.04977551631444347,0.12186419252010555,0.16771292326642917,0.09570163737273431,0.12186419252010557,-0.006558096967637539,0.49672095151618123,section1,
independent_section_spatial,18,,,,,,,,cluster,,,,,,,,,,section1,0.6253693898948851
independent,18,18.0,0.13668327033519745,0.5683416351675987,2.0518349862236867,21389.36839445164,403563.0,10000.0,cell_type_common,344594.0,16.0,0.1433307946372604,0.33125925905718856,0.5222860847640247,0.242547273314603,0.33125925905718856,-0.0017710962565615773,0.4991144518717192,section2,
independent,18,18.0,0.13668327033519745,0.5683416351675987,2.0518349862236867,21389.36839445164,403563.0,10000.0,spatial_cluster,344594.0,8.0,0.23900969514530257,0.4330046416783587,0.5104189326586654,0.37598039401980987,0.4330046416783588,0.06038723140954971,0.5301936157047749,section2,
independent_section_spatial,18,,,,,,,,cluster,,,,,,,,,,section2,0.72214168956685
joint,19,19.0,0.13070908188819885,0.5653545409440994,2.0864413629268452,51278.99384169933,1068962.0,10000.0,cell_type_common,956139.0,16.0,0.0983987274970751,0.30205723236703697,0.425906937817494,0.23400948848628803,0.30205723236703697,0.02469717524945736,0.5123485876247287,,
joint,19,19.0,0.13070908188819885,0.5653545409440994,2.0864413629268452,51278.99384169933,1068962.0,10000.0,spatial_cluster,344594.0,8.0,0.2315994207384052,0.43368395350593036,0.5128253937641697,0.3757037243364575,0.43368395350593036,0.06080184876918793,0.530400924384594,,
joint,19,19.0,0.13070908188819885,0.5653545409440994,2.0864413629268452,51278.99384169933,1068962.0,10000.0,codex_coarse_label,665399.0,10.0,0.043814362590125326,0.12878455032668143,0.17544823457008674,0.10172809327576805,0.12878455032668143,-0.006588565185666084,0.49670571740716696,,
joint,19,19.0,0.13070908188819885,0.5653545409440994,2.0864413629268452,51278.99384169933,1068962.0,10000.0,section,1068962.0,2.0,0.012669214894167447,0.04051419297463863,0.10907364883532016,0.02487729336783695,0.040514192974638624,0.00887122843414545,0.5044356142170727,,
joint_section_spatial,19,,,,,,,,cluster,,,,,,,,,,section1,0.6786411862155889
joint_section_spatial,19,,,,,,,,cluster,,,,,,,,,,section2,0.6893855482291489
independent,19,19.0,0.12583237886428833,0.5629161894321442,2.124577161935005,33073.43982860313,665399.0,10000.0,cell_type_common,611545.0,16.0,0.12052252342281439,0.2910984036212956,0.39160853263531326,0.23164457594954665,0.2910984036212955,0.016841620206832886,0.5084208101034164,section1,
independent,19,19.0,0.12583237886428833,0.5629161894321442,2.124577161935005,33073.43982860313,665399.0,10000.0,codex_coarse_label,665399.0,10.0,0.059304877525526156,0.12501841710041467,0.1733491098345479,0.09776186673825059,0.1250184171004147,-0.006558096967637539,0.49672095151618123,section1,
independent_section_spatial,19,,,,,,,,cluster,,,,,,,,,,section1,0.6273614277548759
independent,19,19.0,0.13262143731117249,0.5663107186555862,2.001309990337342,20835.04721099643,403563.0,10000.0,cell_type_common,344594.0,16.0,0.12795229125915752,0.3235772982393772,0.517938076062739,0.23528467355147656,0.3235772982393772,-0.0017710962565615773,0.4991144518717192,section2,
independent,19,19.0,0.13262143731117249,0.5663107186555862,2.001309990337342,20835.04721099643,403563.0,10000.0,spatial_cluster,344594.0,8.0,0.21448789605677482,0.425603544193198,0.5081327199388119,0.36613685105908955,0.42560354419319807,0.06038723140954971,0.5301936157047749,section2,
independent_section_spatial,19,,,,,,,,cluster,,,,,,,,,,section2,0.7227388701805335
joint,20,20.0,0.12473920732736588,0.5623696036636829,2.128274014838163,49334.72393407513,1068962.0,10000.0,cell_type_common,956139.0,16.0,0.10738802261442283,0.30070740967085136,0.42806212978342534,0.23175648028946996,0.3007074096708514,0.02469717524945736,0.5123485876247287,,
joint,20,20.0,0.12473920732736588,0.5623696036636829,2.128274014838163,49334.72393407513,1068962.0,10000.0,spatial_cluster,344594.0,8.0,0.23228180502382023,0.42929991009110746,0.5089110219123062,0.37122725455599753,0.42929991009110746,0.06080184876918793,0.530400924384594,,
joint,20,20.0,0.12473920732736588,0.5623696036636829,2.128274014838163,49334.72393407513,1068962.0,10000.0,codex_coarse_label,665399.0,10.0,0.05291620264744046,0.12969152714116444,0.17903204220101088,0.10167131829998642,0.12969152714116444,-0.006588565185666084,0.49670571740716696,,
joint,20,20.0,0.12473920732736588,0.5623696036636829,2.128274014838163,49334.72393407513,1068962.0,10000.0,section,1068962.0,2.0,0.012452130639965477,0.04428789324509925,0.12122697731969456,0.027092870455139417,0.04428789324509924,0.00887122843414545,0.5044356142170727,,
joint_section_spatial,20,,,,,,,,cluster,,,,,,,,,,section1,0.6489099021789934
joint_section_spatial,20,,,,,,,,cluster,,,,,,,,,,section2,0.6634643578986842
independent,20,20.0,0.12424346059560776,0.5621217302978039,2.0635927862831025,32592.108057712536,665399.0,10000.0,cell_type_common,611545.0,16.0,0.09874101615470081,0.28497814666795035,0.39018154273829647,0.2244582025061386,0.28497814666795035,0.016841620206832886,0.5084208101034164,section1,
independent,20,20.0,0.12424346059560776,0.5621217302978039,2.0635927862831025,32592.108057712536,665399.0,10000.0,codex_coarse_label,665399.0,10.0,0.047504836205103824,0.12563505491016838,0.17693983797420423,0.09739483085544896,0.12563505491016838,-0.006558096967637539,0.49672095151618123,section1,
independent_section_spatial,20,,,,,,,,cluster,,,,,,,,,,section1,0.6152987405551656
independent,20,20.0,0.1290348470211029,0.5645174235105515,2.1144102282289063,20262.152496035666,403563.0,10000.0,cell_type_common,344594.0,16.0,0.10267435386394101,0.3153393569805861,0.517710359104059,0.2267166747154243,0.3153393569805861,-0.0017710962565615773,0.4991144518717192,section2,
independent,20,20.0,0.1290348470211029,0.5645174235105515,2.1144102282289063,20262.152496035666,403563.0,10000.0,spatial_cluster,344594.0,8.0,0.19906813662328182,0.40514966963787163,0.4942090018796883,0.34328730385337,0.40514966963787163,0.06038723140954971,0.5301936157047749,section2,
independent_section_spatial,20,,,,,,,,cluster,,,,,,,,,,section2,0.6926283298188056
