mode,scope,k,n_iter,n_steps,inertia,labels_cache,centers_cache
joint,combined,2,1,176,121447024.0,/home/hujinlan/spa_mo_model/results/spatch_preprocessing_comparison/standardized_embedding/_label_cache/joint_combined_k2.npy,/home/hujinlan/spa_mo_model/results/spatch_preprocessing_comparison/standardized_embedding/_label_cache/joint_combined_k2_centers.npy
joint,combined,3,2,389,115209352.0,/home/hujinlan/spa_mo_model/results/spatch_preprocessing_comparison/standardized_embedding/_label_cache/joint_combined_k3.npy,/home/hujinlan/spa_mo_model/results/spatch_preprocessing_comparison/standardized_embedding/_label_cache/joint_combined_k3_centers.npy
joint,combined,4,2,318,110149360.0,/home/hujinlan/spa_mo_model/results/spatch_preprocessing_comparison/standardized_embedding/_label_cache/joint_combined_k4.npy,/home/hujinlan/spa_mo_model/results/spatch_preprocessing_comparison/standardized_embedding/_label_cache/joint_combined_k4_centers.npy
joint,combined,5,3,589,104909888.0,/home/hujinlan/spa_mo_model/results/spatch_preprocessing_comparison/standardized_embedding/_label_cache/joint_combined_k5.npy,/home/hujinlan/spa_mo_model/results/spatch_preprocessing_comparison/standardized_embedding/_label_cache/joint_combined_k5_centers.npy
joint,combined,6,2,486,100560240.0,/home/hujinlan/spa_mo_model/results/spatch_preprocessing_comparison/standardized_embedding/_label_cache/joint_combined_k6.npy,/home/hujinlan/spa_mo_model/results/spatch_preprocessing_comparison/standardized_embedding/_label_cache/joint_combined_k6_centers.npy
joint,combined,7,2,399,96949824.0,/home/hujinlan/spa_mo_model/results/spatch_preprocessing_comparison/standardized_embedding/_label_cache/joint_combined_k7.npy,/home/hujinlan/spa_mo_model/results/spatch_preprocessing_comparison/standardized_embedding/_label_cache/joint_combined_k7_centers.npy
joint,combined,8,3,547,95046424.0,/home/hujinlan/spa_mo_model/results/spatch_preprocessing_comparison/standardized_embedding/_label_cache/joint_combined_k8.npy,/home/hujinlan/spa_mo_model/results/spatch_preprocessing_comparison/standardized_embedding/_label_cache/joint_combined_k8_centers.npy
joint,combined,9,2,399,89491720.0,/home/hujinlan/spa_mo_model/results/spatch_preprocessing_comparison/standardized_embedding/_label_cache/joint_combined_k9.npy,/home/hujinlan/spa_mo_model/results/spatch_preprocessing_comparison/standardized_embedding/_label_cache/joint_combined_k9_centers.npy
joint,combined,10,2,513,87190144.0,/home/hujinlan/spa_mo_model/results/spatch_preprocessing_comparison/standardized_embedding/_label_cache/joint_combined_k10.npy,/home/hujinlan/spa_mo_model/results/spatch_preprocessing_comparison/standardized_embedding/_label_cache/joint_combined_k10_centers.npy
joint,combined,11,2,491,85386160.0,/home/hujinlan/spa_mo_model/results/spatch_preprocessing_comparison/standardized_embedding/_label_cache/joint_combined_k11.npy,/home/hujinlan/spa_mo_model/results/spatch_preprocessing_comparison/standardized_embedding/_label_cache/joint_combined_k11_centers.npy
joint,combined,12,2,406,82695072.0,/home/hujinlan/spa_mo_model/results/spatch_preprocessing_comparison/standardized_embedding/_label_cache/joint_combined_k12.npy,/home/hujinlan/spa_mo_model/results/spatch_preprocessing_comparison/standardized_embedding/_label_cache/joint_combined_k12_centers.npy
joint,combined,13,2,491,82493952.0,/home/hujinlan/spa_mo_model/results/spatch_preprocessing_comparison/standardized_embedding/_label_cache/joint_combined_k13.npy,/home/hujinlan/spa_mo_model/results/spatch_preprocessing_comparison/standardized_embedding/_label_cache/joint_combined_k13_centers.npy
joint,combined,14,2,406,79382560.0,/home/hujinlan/spa_mo_model/results/spatch_preprocessing_comparison/standardized_embedding/_label_cache/joint_combined_k14.npy,/home/hujinlan/spa_mo_model/results/spatch_preprocessing_comparison/standardized_embedding/_label_cache/joint_combined_k14_centers.npy
joint,combined,15,2,513,78250016.0,/home/hujinlan/spa_mo_model/results/spatch_preprocessing_comparison/standardized_embedding/_label_cache/joint_combined_k15.npy,/home/hujinlan/spa_mo_model/results/spatch_preprocessing_comparison/standardized_embedding/_label_cache/joint_combined_k15_centers.npy
joint,combined,16,2,513,76866448.0,/home/hujinlan/spa_mo_model/results/spatch_preprocessing_comparison/standardized_embedding/_label_cache/joint_combined_k16.npy,/home/hujinlan/spa_mo_model/results/spatch_preprocessing_comparison/standardized_embedding/_label_cache/joint_combined_k16_centers.npy
joint,combined,17,2,406,75526488.0,/home/hujinlan/spa_mo_model/results/spatch_preprocessing_comparison/standardized_embedding/_label_cache/joint_combined_k17.npy,/home/hujinlan/spa_mo_model/results/spatch_preprocessing_comparison/standardized_embedding/_label_cache/joint_combined_k17_centers.npy
joint,combined,18,2,406,75130168.0,/home/hujinlan/spa_mo_model/results/spatch_preprocessing_comparison/standardized_embedding/_label_cache/joint_combined_k18.npy,/home/hujinlan/spa_mo_model/results/spatch_preprocessing_comparison/standardized_embedding/_label_cache/joint_combined_k18_centers.npy
joint,combined,19,2,406,74109816.0,/home/hujinlan/spa_mo_model/results/spatch_preprocessing_comparison/standardized_embedding/_label_cache/joint_combined_k19.npy,/home/hujinlan/spa_mo_model/results/spatch_preprocessing_comparison/standardized_embedding/_label_cache/joint_combined_k19_centers.npy
joint,combined,20,2,450,73522848.0,/home/hujinlan/spa_mo_model/results/spatch_preprocessing_comparison/standardized_embedding/_label_cache/joint_combined_k20.npy,/home/hujinlan/spa_mo_model/results/spatch_preprocessing_comparison/standardized_embedding/_label_cache/joint_combined_k20_centers.npy
independent,section1,2,3,336,75418432.0,/home/hujinlan/spa_mo_model/results/spatch_preprocessing_comparison/standardized_embedding/_label_cache/independent_section1_k2.npy,/home/hujinlan/spa_mo_model/results/spatch_preprocessing_comparison/standardized_embedding/_label_cache/independent_section1_k2_centers.npy
independent,section1,3,1,137,70898168.0,/home/hujinlan/spa_mo_model/results/spatch_preprocessing_comparison/standardized_embedding/_label_cache/independent_section1_k3.npy,/home/hujinlan/spa_mo_model/results/spatch_preprocessing_comparison/standardized_embedding/_label_cache/independent_section1_k3_centers.npy
independent,section1,4,3,332,67061548.0,/home/hujinlan/spa_mo_model/results/spatch_preprocessing_comparison/standardized_embedding/_label_cache/independent_section1_k4.npy,/home/hujinlan/spa_mo_model/results/spatch_preprocessing_comparison/standardized_embedding/_label_cache/independent_section1_k4_centers.npy
independent,section1,5,2,278,63947192.0,/home/hujinlan/spa_mo_model/results/spatch_preprocessing_comparison/standardized_embedding/_label_cache/independent_section1_k5.npy,/home/hujinlan/spa_mo_model/results/spatch_preprocessing_comparison/standardized_embedding/_label_cache/independent_section1_k5_centers.npy
independent,section1,6,2,282,61211940.0,/home/hujinlan/spa_mo_model/results/spatch_preprocessing_comparison/standardized_embedding/_label_cache/independent_section1_k6.npy,/home/hujinlan/spa_mo_model/results/spatch_preprocessing_comparison/standardized_embedding/_label_cache/independent_section1_k6_centers.npy
independent,section1,7,2,258,59412804.0,/home/hujinlan/spa_mo_model/results/spatch_preprocessing_comparison/standardized_embedding/_label_cache/independent_section1_k7.npy,/home/hujinlan/spa_mo_model/results/spatch_preprocessing_comparison/standardized_embedding/_label_cache/independent_section1_k7_centers.npy
independent,section1,8,3,336,56795516.0,/home/hujinlan/spa_mo_model/results/spatch_preprocessing_comparison/standardized_embedding/_label_cache/independent_section1_k8.npy,/home/hujinlan/spa_mo_model/results/spatch_preprocessing_comparison/standardized_embedding/_label_cache/independent_section1_k8_centers.npy
independent,section1,9,2,258,54296304.0,/home/hujinlan/spa_mo_model/results/spatch_preprocessing_comparison/standardized_embedding/_label_cache/independent_section1_k9.npy,/home/hujinlan/spa_mo_model/results/spatch_preprocessing_comparison/standardized_embedding/_label_cache/independent_section1_k9_centers.npy
independent,section1,10,2,258,53044520.0,/home/hujinlan/spa_mo_model/results/spatch_preprocessing_comparison/standardized_embedding/_label_cache/independent_section1_k10.npy,/home/hujinlan/spa_mo_model/results/spatch_preprocessing_comparison/standardized_embedding/_label_cache/independent_section1_k10_centers.npy
independent,section1,11,2,260,53110408.0,/home/hujinlan/spa_mo_model/results/spatch_preprocessing_comparison/standardized_embedding/_label_cache/independent_section1_k11.npy,/home/hujinlan/spa_mo_model/results/spatch_preprocessing_comparison/standardized_embedding/_label_cache/independent_section1_k11_centers.npy
independent,section1,12,2,258,50766556.0,/home/hujinlan/spa_mo_model/results/spatch_preprocessing_comparison/standardized_embedding/_label_cache/independent_section1_k12.npy,/home/hujinlan/spa_mo_model/results/spatch_preprocessing_comparison/standardized_embedding/_label_cache/independent_section1_k12_centers.npy
independent,section1,13,2,258,49194332.0,/home/hujinlan/spa_mo_model/results/spatch_preprocessing_comparison/standardized_embedding/_label_cache/independent_section1_k13.npy,/home/hujinlan/spa_mo_model/results/spatch_preprocessing_comparison/standardized_embedding/_label_cache/independent_section1_k13_centers.npy
independent,section1,14,2,258,48401888.0,/home/hujinlan/spa_mo_model/results/spatch_preprocessing_comparison/standardized_embedding/_label_cache/independent_section1_k14.npy,/home/hujinlan/spa_mo_model/results/spatch_preprocessing_comparison/standardized_embedding/_label_cache/independent_section1_k14_centers.npy
independent,section1,15,3,332,47890712.0,/home/hujinlan/spa_mo_model/results/spatch_preprocessing_comparison/standardized_embedding/_label_cache/independent_section1_k15.npy,/home/hujinlan/spa_mo_model/results/spatch_preprocessing_comparison/standardized_embedding/_label_cache/independent_section1_k15_centers.npy
independent,section1,16,2,276,47853716.0,/home/hujinlan/spa_mo_model/results/spatch_preprocessing_comparison/standardized_embedding/_label_cache/independent_section1_k16.npy,/home/hujinlan/spa_mo_model/results/spatch_preprocessing_comparison/standardized_embedding/_label_cache/independent_section1_k16_centers.npy
independent,section1,17,2,275,46570156.0,/home/hujinlan/spa_mo_model/results/spatch_preprocessing_comparison/standardized_embedding/_label_cache/independent_section1_k17.npy,/home/hujinlan/spa_mo_model/results/spatch_preprocessing_comparison/standardized_embedding/_label_cache/independent_section1_k17_centers.npy
independent,section1,18,3,336,45005168.0,/home/hujinlan/spa_mo_model/results/spatch_preprocessing_comparison/standardized_embedding/_label_cache/independent_section1_k18.npy,/home/hujinlan/spa_mo_model/results/spatch_preprocessing_comparison/standardized_embedding/_label_cache/independent_section1_k18_centers.npy
independent,section1,19,3,337,44611180.0,/home/hujinlan/spa_mo_model/results/spatch_preprocessing_comparison/standardized_embedding/_label_cache/independent_section1_k19.npy,/home/hujinlan/spa_mo_model/results/spatch_preprocessing_comparison/standardized_embedding/_label_cache/independent_section1_k19_centers.npy
independent,section1,20,3,336,44417472.0,/home/hujinlan/spa_mo_model/results/spatch_preprocessing_comparison/standardized_embedding/_label_cache/independent_section1_k20.npy,/home/hujinlan/spa_mo_model/results/spatch_preprocessing_comparison/standardized_embedding/_label_cache/independent_section1_k20_centers.npy
independent,section2,2,2,177,45798844.0,/home/hujinlan/spa_mo_model/results/spatch_preprocessing_comparison/standardized_embedding/_label_cache/independent_section2_k2.npy,/home/hujinlan/spa_mo_model/results/spatch_preprocessing_comparison/standardized_embedding/_label_cache/independent_section2_k2_centers.npy
independent,section2,3,1,97,42490988.0,/home/hujinlan/spa_mo_model/results/spatch_preprocessing_comparison/standardized_embedding/_label_cache/independent_section2_k3.npy,/home/hujinlan/spa_mo_model/results/spatch_preprocessing_comparison/standardized_embedding/_label_cache/independent_section2_k3_centers.npy
independent,section2,4,3,239,39703592.0,/home/hujinlan/spa_mo_model/results/spatch_preprocessing_comparison/standardized_embedding/_label_cache/independent_section2_k4.npy,/home/hujinlan/spa_mo_model/results/spatch_preprocessing_comparison/standardized_embedding/_label_cache/independent_section2_k4_centers.npy
independent,section2,5,2,165,38918600.0,/home/hujinlan/spa_mo_model/results/spatch_preprocessing_comparison/standardized_embedding/_label_cache/independent_section2_k5.npy,/home/hujinlan/spa_mo_model/results/spatch_preprocessing_comparison/standardized_embedding/_label_cache/independent_section2_k5_centers.npy
independent,section2,6,3,240,37159436.0,/home/hujinlan/spa_mo_model/results/spatch_preprocessing_comparison/standardized_embedding/_label_cache/independent_section2_k6.npy,/home/hujinlan/spa_mo_model/results/spatch_preprocessing_comparison/standardized_embedding/_label_cache/independent_section2_k6_centers.npy
independent,section2,7,3,265,34996868.0,/home/hujinlan/spa_mo_model/results/spatch_preprocessing_comparison/standardized_embedding/_label_cache/independent_section2_k7.npy,/home/hujinlan/spa_mo_model/results/spatch_preprocessing_comparison/standardized_embedding/_label_cache/independent_section2_k7_centers.npy
independent,section2,8,3,212,33482232.0,/home/hujinlan/spa_mo_model/results/spatch_preprocessing_comparison/standardized_embedding/_label_cache/independent_section2_k8.npy,/home/hujinlan/spa_mo_model/results/spatch_preprocessing_comparison/standardized_embedding/_label_cache/independent_section2_k8_centers.npy
independent,section2,9,2,166,32843054.0,/home/hujinlan/spa_mo_model/results/spatch_preprocessing_comparison/standardized_embedding/_label_cache/independent_section2_k9.npy,/home/hujinlan/spa_mo_model/results/spatch_preprocessing_comparison/standardized_embedding/_label_cache/independent_section2_k9_centers.npy
independent,section2,10,3,262,31753812.0,/home/hujinlan/spa_mo_model/results/spatch_preprocessing_comparison/standardized_embedding/_label_cache/independent_section2_k10.npy,/home/hujinlan/spa_mo_model/results/spatch_preprocessing_comparison/standardized_embedding/_label_cache/independent_section2_k10_centers.npy
independent,section2,11,2,164,31200456.0,/home/hujinlan/spa_mo_model/results/spatch_preprocessing_comparison/standardized_embedding/_label_cache/independent_section2_k11.npy,/home/hujinlan/spa_mo_model/results/spatch_preprocessing_comparison/standardized_embedding/_label_cache/independent_section2_k11_centers.npy
independent,section2,12,2,196,30557806.0,/home/hujinlan/spa_mo_model/results/spatch_preprocessing_comparison/standardized_embedding/_label_cache/independent_section2_k12.npy,/home/hujinlan/spa_mo_model/results/spatch_preprocessing_comparison/standardized_embedding/_label_cache/independent_section2_k12_centers.npy
independent,section2,13,3,239,29774214.0,/home/hujinlan/spa_mo_model/results/spatch_preprocessing_comparison/standardized_embedding/_label_cache/independent_section2_k13.npy,/home/hujinlan/spa_mo_model/results/spatch_preprocessing_comparison/standardized_embedding/_label_cache/independent_section2_k13_centers.npy
independent,section2,14,2,196,29470120.0,/home/hujinlan/spa_mo_model/results/spatch_preprocessing_comparison/standardized_embedding/_label_cache/independent_section2_k14.npy,/home/hujinlan/spa_mo_model/results/spatch_preprocessing_comparison/standardized_embedding/_label_cache/independent_section2_k14_centers.npy
independent,section2,15,2,196,28781506.0,/home/hujinlan/spa_mo_model/results/spatch_preprocessing_comparison/standardized_embedding/_label_cache/independent_section2_k15.npy,/home/hujinlan/spa_mo_model/results/spatch_preprocessing_comparison/standardized_embedding/_label_cache/independent_section2_k15_centers.npy
independent,section2,16,2,196,27952212.0,/home/hujinlan/spa_mo_model/results/spatch_preprocessing_comparison/standardized_embedding/_label_cache/independent_section2_k16.npy,/home/hujinlan/spa_mo_model/results/spatch_preprocessing_comparison/standardized_embedding/_label_cache/independent_section2_k16_centers.npy
independent,section2,17,3,227,27589408.0,/home/hujinlan/spa_mo_model/results/spatch_preprocessing_comparison/standardized_embedding/_label_cache/independent_section2_k17.npy,/home/hujinlan/spa_mo_model/results/spatch_preprocessing_comparison/standardized_embedding/_label_cache/independent_section2_k17_centers.npy
independent,section2,18,2,196,26773570.0,/home/hujinlan/spa_mo_model/results/spatch_preprocessing_comparison/standardized_embedding/_label_cache/independent_section2_k18.npy,/home/hujinlan/spa_mo_model/results/spatch_preprocessing_comparison/standardized_embedding/_label_cache/independent_section2_k18_centers.npy
independent,section2,19,3,198,26779842.0,/home/hujinlan/spa_mo_model/results/spatch_preprocessing_comparison/standardized_embedding/_label_cache/independent_section2_k19.npy,/home/hujinlan/spa_mo_model/results/spatch_preprocessing_comparison/standardized_embedding/_label_cache/independent_section2_k19_centers.npy
independent,section2,20,3,263,26407754.0,/home/hujinlan/spa_mo_model/results/spatch_preprocessing_comparison/standardized_embedding/_label_cache/independent_section2_k20.npy,/home/hujinlan/spa_mo_model/results/spatch_preprocessing_comparison/standardized_embedding/_label_cache/independent_section2_k20_centers.npy
