mode,scope,k,label,n_labeled,n_label_classes,ari,nmi,homogeneity,completeness,v_measure,label_asw,label_asw_scaled,label_asw_n_obs,metric_space
joint,combined,2,cell_type_common,956139,16,0.45034475169600396,0.3971986798899573,0.28522393633183496,0.6539168764381789,0.3971986798899573,0.02469717524945736,0.5123485876247287,10000,standardized_embedding
joint,combined,2,spatial_cluster,344594,8,0.20924302144826737,0.3608862393728013,0.24114281900487633,0.7168497214939029,0.36088623937280123,0.06080184876918793,0.530400924384594,10000,standardized_embedding
joint,combined,2,codex_coarse_label,665399,10,0.16513905328499845,0.16548681018427522,0.1174120655477265,0.2802264054812649,0.16548681018427522,-0.006588565185666084,0.49670571740716696,10000,standardized_embedding
joint,combined,3,cell_type_common,956139,16,0.49770241971003704,0.34277732711444253,0.2863841326780496,0.4268254578979304,0.34277732711444253,0.02469717524945736,0.5123485876247287,10000,standardized_embedding
joint,combined,3,spatial_cluster,344594,8,0.2446041925598108,0.37856913628226085,0.2854478599309529,0.5618659042156325,0.3785691362822609,0.06080184876918793,0.530400924384594,10000,standardized_embedding
joint,combined,3,codex_coarse_label,665399,10,0.24640597401823996,0.1661451560779535,0.13815103751732707,0.20836753522191098,0.16614515607795352,-0.006588565185666084,0.49670571740716696,10000,standardized_embedding
joint,combined,4,cell_type_common,956139,16,0.4232037368458038,0.3105656093117618,0.28545365271204187,0.3405220481721654,0.31056560931176186,0.02469717524945736,0.5123485876247287,10000,standardized_embedding
joint,combined,4,spatial_cluster,344594,8,0.35967033868662734,0.512668580131766,0.4205134133249066,0.656551241888159,0.5126685801317659,0.06080184876918793,0.530400924384594,10000,standardized_embedding
joint,combined,4,codex_coarse_label,665399,10,0.202158066600075,0.12801388950989462,0.11665693071755653,0.14182062128227613,0.12801388950989462,-0.006588565185666084,0.49670571740716696,10000,standardized_embedding
joint,combined,5,cell_type_common,956139,16,0.26357652871093623,0.35458325140986313,0.3516419913864498,0.35757412997288507,0.3545832514098632,0.02469717524945736,0.5123485876247287,10000,standardized_embedding
joint,combined,5,spatial_cluster,344594,8,0.32909957055459665,0.4407649394862401,0.3822485201627433,0.5204357103341392,0.4407649394862401,0.06080184876918793,0.530400924384594,10000,standardized_embedding
joint,combined,5,codex_coarse_label,665399,10,0.0853568796120729,0.13639082203086253,0.1341220444712889,0.1387376765578923,0.13639082203086253,-0.006588565185666084,0.49670571740716696,10000,standardized_embedding
joint,combined,6,cell_type_common,956139,16,0.29420353824934947,0.34359014788280384,0.357910573447091,0.33037158964760516,0.34359014788280384,0.02469717524945736,0.5123485876247287,10000,standardized_embedding
joint,combined,6,spatial_cluster,344594,8,0.3833308247207581,0.5247734900556453,0.48248264315422223,0.5751904117583918,0.5247734900556452,0.06080184876918793,0.530400924384594,10000,standardized_embedding
joint,combined,6,codex_coarse_label,665399,10,0.13405574268222506,0.14889928747493264,0.15287255996163907,0.14512731959424843,0.14889928747493267,-0.006588565185666084,0.49670571740716696,10000,standardized_embedding
joint,combined,7,cell_type_common,956139,16,0.25612541225283153,0.34466274062981905,0.3750177323531311,0.3188538146272416,0.3446627406298191,0.02469717524945736,0.5123485876247287,10000,standardized_embedding
joint,combined,7,spatial_cluster,344594,8,0.24635564985232383,0.38252937135807696,0.35951533748105174,0.4086913618677821,0.38252937135807696,0.06080184876918793,0.530400924384594,10000,standardized_embedding
joint,combined,7,codex_coarse_label,665399,10,0.10297560690892874,0.13712279064173893,0.14804384878797916,0.12770230911122832,0.13712279064173893,-0.006588565185666084,0.49670571740716696,10000,standardized_embedding
joint,combined,8,cell_type_common,956139,16,0.1940493294575166,0.33048938401754185,0.3736475859796581,0.2962688237604541,0.33048938401754185,0.02469717524945736,0.5123485876247287,10000,standardized_embedding
joint,combined,8,spatial_cluster,344594,8,0.26820512542841074,0.40669087766307443,0.40180746160882763,0.4116944565173631,0.4066908776630745,0.06080184876918793,0.530400924384594,10000,standardized_embedding
joint,combined,8,codex_coarse_label,665399,10,0.06966559579196031,0.13643246199609882,0.1514748717724835,0.12410777724832352,0.13643246199609885,-0.006588565185666084,0.49670571740716696,10000,standardized_embedding
joint,combined,9,cell_type_common,956139,16,0.20673021884570295,0.32790310483988594,0.38380739099264627,0.28621399364240074,0.32790310483988594,0.02469717524945736,0.5123485876247287,10000,standardized_embedding
joint,combined,9,spatial_cluster,344594,8,0.3370227306812146,0.4835589962754945,0.48825937830706384,0.478948250733636,0.48355899627549453,0.06080184876918793,0.530400924384594,10000,standardized_embedding
joint,combined,9,codex_coarse_label,665399,10,0.08728946104722157,0.13533666632869637,0.15579638068409363,0.119626857630867,0.1353366663286964,-0.006588565185666084,0.49670571740716696,10000,standardized_embedding
joint,combined,10,cell_type_common,956139,16,0.19723995722824117,0.3143048648922734,0.3777523041358399,0.26910574789718245,0.31430486489227344,0.02469717524945736,0.5123485876247287,10000,standardized_embedding
joint,combined,10,spatial_cluster,344594,8,0.29591640709501477,0.454028944433603,0.4697761749829212,0.4393031899538124,0.4540289444336029,0.06080184876918793,0.530400924384594,10000,standardized_embedding
joint,combined,10,codex_coarse_label,665399,10,0.0857081168883587,0.13498061939836217,0.15615216872145748,0.11886462051920282,0.13498061939836217,-0.006588565185666084,0.49670571740716696,10000,standardized_embedding
joint,combined,11,cell_type_common,956139,16,0.11865412064375735,0.29466429402880057,0.3662149034630494,0.24650287154319778,0.29466429402880057,0.02469717524945736,0.5123485876247287,10000,standardized_embedding
joint,combined,11,spatial_cluster,344594,8,0.2554442939425949,0.41526403849202453,0.4409872801253391,0.3923763239328909,0.41526403849202453,0.06080184876918793,0.530400924384594,10000,standardized_embedding
joint,combined,11,codex_coarse_label,665399,10,0.056624511857678146,0.13077763314253932,0.15638902848645986,0.11237439212768692,0.13077763314253935,-0.006588565185666084,0.49670571740716696,10000,standardized_embedding
joint,combined,12,cell_type_common,956139,16,0.13505236816949087,0.3064780061841957,0.38937630228423703,0.25268196339102583,0.3064780061841957,0.02469717524945736,0.5123485876247287,10000,standardized_embedding
joint,combined,12,spatial_cluster,344594,8,0.2535203458354275,0.4153841469363286,0.44798285507567054,0.3872078963096921,0.4153841469363285,0.06080184876918793,0.530400924384594,10000,standardized_embedding
joint,combined,12,codex_coarse_label,665399,10,0.06576949018553037,0.12911017865659824,0.15883265790977674,0.10875817624375259,0.12911017865659824,-0.006588565185666084,0.49670571740716696,10000,standardized_embedding
joint,combined,13,cell_type_common,956139,16,0.10075705707642439,0.30101870519300816,0.3882232133624466,0.2458048694251312,0.3010187051930082,0.02469717524945736,0.5123485876247287,10000,standardized_embedding
joint,combined,13,spatial_cluster,344594,8,0.2765191285194195,0.43832143864361806,0.48606420133553857,0.3991187345985899,0.438321438643618,0.06080184876918793,0.530400924384594,10000,standardized_embedding
joint,combined,13,codex_coarse_label,665399,10,0.040864207455768256,0.13428722002120627,0.16802819570165023,0.11183095579663087,0.13428722002120627,-0.006588565185666084,0.49670571740716696,10000,standardized_embedding
joint,combined,14,cell_type_common,956139,16,0.14708470217985645,0.31550108110552166,0.4147721448210982,0.25457210197569635,0.3155010811055218,0.02469717524945736,0.5123485876247287,10000,standardized_embedding
joint,combined,14,spatial_cluster,344594,8,0.26684405980748144,0.4369433594342343,0.48660411282664556,0.3964802640755846,0.4369433594342343,0.06080184876918793,0.530400924384594,10000,standardized_embedding
joint,combined,14,codex_coarse_label,665399,10,0.0621290462580455,0.12691391494183213,0.1619986830400747,0.10432071775325014,0.12691391494183213,-0.006588565185666084,0.49670571740716696,10000,standardized_embedding
joint,combined,15,cell_type_common,956139,16,0.10820821117715762,0.2982722652783881,0.39962951435254035,0.23792724522845837,0.2982722652783881,0.02469717524945736,0.5123485876247287,10000,standardized_embedding
joint,combined,15,spatial_cluster,344594,8,0.22130060240311747,0.4065238561142329,0.45887318958763024,0.3648956962647989,0.40652385611423286,0.06080184876918793,0.530400924384594,10000,standardized_embedding
joint,combined,15,codex_coarse_label,665399,10,0.05192254179015011,0.13047196909003372,0.16901683541802637,0.10624291061816275,0.13047196909003372,-0.006588565185666084,0.49670571740716696,10000,standardized_embedding
joint,combined,16,cell_type_common,956139,16,0.11187509240457069,0.3065217351468413,0.41724700115473123,0.24223862261949292,0.3065217351468412,0.02469717524945736,0.5123485876247287,10000,standardized_embedding
joint,combined,16,spatial_cluster,344594,8,0.2520570331385794,0.42708409888881477,0.49101242533808037,0.3778846634407635,0.42708409888881477,0.06080184876918793,0.530400924384594,10000,standardized_embedding
joint,combined,16,codex_coarse_label,665399,10,0.05094538730801381,0.12671764846287212,0.1660668219473712,0.10244380979500119,0.1267176484628721,-0.006588565185666084,0.49670571740716696,10000,standardized_embedding
joint,combined,17,cell_type_common,956139,16,0.10559822170036906,0.3062956651312692,0.42095734824334935,0.24072597018407832,0.30629566513126927,0.02469717524945736,0.5123485876247287,10000,standardized_embedding
joint,combined,17,spatial_cluster,344594,8,0.24564515765622244,0.43552897919787253,0.5056947576697207,0.38246191181863565,0.43552897919787253,0.06080184876918793,0.530400924384594,10000,standardized_embedding
joint,combined,17,codex_coarse_label,665399,10,0.04591213401035586,0.12637122564555664,0.16755084738137668,0.1014399384578959,0.1263712256455566,-0.006588565185666084,0.49670571740716696,10000,standardized_embedding
joint,combined,18,cell_type_common,956139,16,0.1084748383980888,0.3030370230688547,0.4191057205817902,0.23731431402939962,0.3030370230688547,0.02469717524945736,0.5123485876247287,10000,standardized_embedding
joint,combined,18,spatial_cluster,344594,8,0.2436708244768972,0.43164402028755805,0.49970287830537513,0.37990189465359664,0.43164402028755805,0.06080184876918793,0.530400924384594,10000,standardized_embedding
joint,combined,18,codex_coarse_label,665399,10,0.05431436522620109,0.13025956826214793,0.17410494491459108,0.10405506536453736,0.13025956826214793,-0.006588565185666084,0.49670571740716696,10000,standardized_embedding
joint,combined,19,cell_type_common,956139,16,0.11195838626529359,0.30012724592926016,0.42408727619172937,0.2322429920521875,0.3001272459292601,0.02469717524945736,0.5123485876247287,10000,standardized_embedding
joint,combined,19,spatial_cluster,344594,8,0.23312653555434218,0.4353634124842602,0.5168989382484037,0.37604599868198363,0.4353634124842602,0.06080184876918793,0.530400924384594,10000,standardized_embedding
joint,combined,19,codex_coarse_label,665399,10,0.05773108486917621,0.1258899828018275,0.17198289907692393,0.09928163823234239,0.12588998280182748,-0.006588565185666084,0.49670571740716696,10000,standardized_embedding
joint,combined,20,cell_type_common,956139,16,0.10225464329264164,0.29931704289664124,0.4262493396486351,0.2306361662878411,0.29931704289664124,0.02469717524945736,0.5123485876247287,10000,standardized_embedding
joint,combined,20,spatial_cluster,344594,8,0.22819798806160987,0.42625520492058816,0.5098827666889704,0.3661944414099624,0.4262552049205882,0.06080184876918793,0.530400924384594,10000,standardized_embedding
joint,combined,20,codex_coarse_label,665399,10,0.04486065604874803,0.12874555824259187,0.17629868104778798,0.10139597590125714,0.12874555824259187,-0.006588565185666084,0.49670571740716696,10000,standardized_embedding
independent,section1,2,cell_type_common,611545,16,0.3972447715327267,0.3649743522742754,0.25662709772283787,0.6316590762721092,0.36497435227427544,0.016841618344187737,0.5084208091720939,10000,standardized_embedding
independent,section1,2,codex_coarse_label,665399,10,0.171686617859038,0.16690094659607088,0.11847100927831097,0.2823046969338023,0.1669009465960709,-0.006558096501976252,0.4967209517490119,10000,standardized_embedding
independent,section1,3,cell_type_common,611545,16,0.21263508101987572,0.32393804915334395,0.25897114491493756,0.4324163594476578,0.32393804915334395,0.016841618344187737,0.5084208091720939,10000,standardized_embedding
independent,section1,3,codex_coarse_label,665399,10,0.06336196942672964,0.14209391708568958,0.11512585254592436,0.18556140887900918,0.1420939170856896,-0.006558096501976252,0.4967209517490119,10000,standardized_embedding
independent,section1,4,cell_type_common,611545,16,0.26609189270083256,0.2999302051553506,0.27029838351193214,0.3368588016152647,0.2999302051553507,0.016841618344187737,0.5084208091720939,10000,standardized_embedding
independent,section1,4,codex_coarse_label,665399,10,0.14055014360455534,0.16034498781106896,0.14726239092577137,0.17597870414750494,0.16034498781106896,-0.006558096501976252,0.4967209517490119,10000,standardized_embedding
independent,section1,5,cell_type_common,611545,16,0.35116365051761433,0.32790544852927916,0.3143133078147639,0.342726277539897,0.32790544852927916,0.016841618344187737,0.5084208091720939,10000,standardized_embedding
independent,section1,5,codex_coarse_label,665399,10,0.1687055089789608,0.14462366018387274,0.14211047795785095,0.14722733248519404,0.14462366018387274,-0.006558096501976252,0.4967209517490119,10000,standardized_embedding
independent,section1,6,cell_type_common,611545,16,0.34161507300688637,0.3423476822604452,0.34433039423634776,0.34038767313181506,0.34234768226044526,0.016841618344187737,0.5084208091720939,10000,standardized_embedding
independent,section1,6,codex_coarse_label,665399,10,0.1606840968484137,0.14158869602330437,0.14594899643865777,0.13748137024238888,0.14158869602330437,-0.006558096501976252,0.4967209517490119,10000,standardized_embedding
independent,section1,7,cell_type_common,611545,16,0.1896927458401639,0.30458308422277675,0.3214834796491409,0.2893708505949246,0.30458308422277675,0.016841618344187737,0.5084208091720939,10000,standardized_embedding
independent,section1,7,codex_coarse_label,665399,10,0.0930015644387115,0.14016243724487362,0.15122898708732,0.1306050912626462,0.14016243724487362,-0.006558096501976252,0.4967209517490119,10000,standardized_embedding
independent,section1,8,cell_type_common,611545,16,0.25043739042717517,0.33877339434807285,0.370335766526737,0.3121684143123703,0.3387733943480729,0.016841618344187737,0.5084208091720939,10000,standardized_embedding
independent,section1,8,codex_coarse_label,665399,10,0.10940967464679113,0.1301714409977874,0.14594990526048074,0.11747171839585653,0.1301714409977874,-0.006558096501976252,0.4967209517490119,10000,standardized_embedding
independent,section1,9,cell_type_common,611545,16,0.20418449175372932,0.3168122828081915,0.3569675133662614,0.28477767775365104,0.3168122828081915,0.016841618344187737,0.5084208091720939,10000,standardized_embedding
independent,section1,9,codex_coarse_label,665399,10,0.0925220224451959,0.13428413568425054,0.15482858890517323,0.11855313101881568,0.13428413568425054,-0.006558096501976252,0.4967209517490119,10000,standardized_embedding
independent,section1,10,cell_type_common,611545,16,0.15181689708962148,0.3069858982096702,0.35752613725274546,0.26896477816736986,0.30698589820967026,0.016841618344187737,0.5084208091720939,10000,standardized_embedding
independent,section1,10,codex_coarse_label,665399,10,0.06849993209128741,0.13377341014622238,0.15940390480716932,0.11524345742183599,0.13377341014622235,-0.006558096501976252,0.4967209517490119,10000,standardized_embedding
independent,section1,11,cell_type_common,611545,16,0.13520955095476353,0.29800283430554564,0.35482488192880873,0.2568677497776405,0.29800283430554564,0.016841618344187737,0.5084208091720939,10000,standardized_embedding
independent,section1,11,codex_coarse_label,665399,10,0.06387772683662023,0.12520520566099314,0.1528221501716373,0.10604203471252471,0.12520520566099314,-0.006558096501976252,0.4967209517490119,10000,standardized_embedding
independent,section1,12,cell_type_common,611545,16,0.13247119306359684,0.310490854018082,0.37823783701743774,0.2633259782991587,0.310490854018082,0.016841618344187737,0.5084208091720939,10000,standardized_embedding
independent,section1,12,codex_coarse_label,665399,10,0.060074935030521866,0.13375666246815118,0.16682518957985493,0.11162922448557529,0.13375666246815118,-0.006558096501976252,0.4967209517490119,10000,standardized_embedding
independent,section1,13,cell_type_common,611545,16,0.15965668192626242,0.3072306516002175,0.379481114875383,0.25809183114997014,0.30723065160021745,0.016841618344187737,0.5084208091720939,10000,standardized_embedding
independent,section1,13,codex_coarse_label,665399,10,0.07945380456618575,0.12857612616693484,0.16336073600431958,0.10600446108885533,0.12857612616693484,-0.006558096501976252,0.4967209517490119,10000,standardized_embedding
independent,section1,14,cell_type_common,611545,16,0.11896056147493511,0.30008604570051206,0.3802372248501748,0.24784265685689535,0.30008604570051206,0.016841618344187737,0.5084208091720939,10000,standardized_embedding
independent,section1,14,codex_coarse_label,665399,10,0.05178434575199382,0.1265181529879487,0.16409906253111436,0.10294284596015256,0.1265181529879487,-0.006558096501976252,0.4967209517490119,10000,standardized_embedding
independent,section1,15,cell_type_common,611545,16,0.14376381340535183,0.29982910500515386,0.3857966419969809,0.2451925496587835,0.2998291050051538,0.016841618344187737,0.5084208091720939,10000,standardized_embedding
independent,section1,15,codex_coarse_label,665399,10,0.06722696482113888,0.12814923404641643,0.16924141768827536,0.10311313983371083,0.12814923404641645,-0.006558096501976252,0.4967209517490119,10000,standardized_embedding
independent,section1,16,cell_type_common,611545,16,0.11651725973225081,0.29898233696365867,0.3876213768245952,0.24333734452806796,0.29898233696365867,0.016841618344187737,0.5084208091720939,10000,standardized_embedding
independent,section1,16,codex_coarse_label,665399,10,0.05628762010954807,0.12802236008929846,0.17071791563896171,0.1024101728344436,0.1280223600892985,-0.006558096501976252,0.4967209517490119,10000,standardized_embedding
independent,section1,17,cell_type_common,611545,16,0.13409390022573087,0.291922844284348,0.38459923677529645,0.23523787141958402,0.29192284428434806,0.016841618344187737,0.5084208091720939,10000,standardized_embedding
independent,section1,17,codex_coarse_label,665399,10,0.0704036124303477,0.12910548225537605,0.17473887199628663,0.10237107955421546,0.12910548225537602,-0.006558096501976252,0.4967209517490119,10000,standardized_embedding
independent,section1,18,cell_type_common,611545,16,0.10852770163250768,0.29039643293913825,0.3878688413439723,0.23207532438840087,0.29039643293913825,0.016841618344187737,0.5084208091720939,10000,standardized_embedding
independent,section1,18,codex_coarse_label,665399,10,0.05280531723469128,0.12316048442050932,0.1693068161628104,0.09678164230623963,0.12316048442050931,-0.006558096501976252,0.4967209517490119,10000,standardized_embedding
independent,section1,19,cell_type_common,611545,16,0.10736543658273252,0.28912486426934036,0.3907617066832016,0.22944609729986387,0.2891248642693404,0.016841618344187737,0.5084208091720939,10000,standardized_embedding
independent,section1,19,codex_coarse_label,665399,10,0.05403981545328676,0.12829819358289588,0.17832175438601836,0.10019193494426898,0.1282981935828959,-0.006558096501976252,0.4967209517490119,10000,standardized_embedding
independent,section1,20,cell_type_common,611545,16,0.09634707046958103,0.2849325991084547,0.3909935908414063,0.22413397638582974,0.2849325991084547,0.016841618344187737,0.5084208091720939,10000,standardized_embedding
independent,section1,20,codex_coarse_label,665399,10,0.047186975751748586,0.12468984113592568,0.17570897251695697,0.09663170772668599,0.12468984113592568,-0.006558096501976252,0.4967209517490119,10000,standardized_embedding
independent,section2,2,cell_type_common,344594,16,0.5871925217904644,0.4962824905515786,0.38045701859256176,0.713498292765563,0.4962824905515785,-0.00177109579090029,0.49911445210454985,10000,standardized_embedding
independent,section2,2,spatial_cluster,344594,8,0.20904500603194756,0.36172990968185276,0.24166677832512706,0.718877304061186,0.36172990968185276,0.06038723140954971,0.5301936157047749,10000,standardized_embedding
independent,section2,3,cell_type_common,344594,16,0.4742861738951265,0.37355689274655396,0.340589582715526,0.41359029406672976,0.37355689274655385,-0.00177109579090029,0.49911445210454985,10000,standardized_embedding
independent,section2,3,spatial_cluster,344594,8,0.2958376557484413,0.43251077684195766,0.32852894428735024,0.6327950861283359,0.43251077684195766,0.06038723140954971,0.5301936157047749,10000,standardized_embedding
independent,section2,4,cell_type_common,344594,16,0.4003495231230544,0.41579160984663455,0.42845442301566156,0.4038557999511162,0.41579160984663455,-0.00177109579090029,0.49911445210454985,10000,standardized_embedding
independent,section2,4,spatial_cluster,344594,8,0.2878740131745988,0.4155848938969822,0.34677413473363133,0.5184643181635852,0.4155848938969822,0.06038723140954971,0.5301936157047749,10000,standardized_embedding
independent,section2,5,cell_type_common,344594,16,0.3154174616453967,0.37296086379116955,0.41439698439101086,0.3390579919684176,0.37296086379116955,-0.00177109579090029,0.49911445210454985,10000,standardized_embedding
independent,section2,5,spatial_cluster,344594,8,0.2964593449686508,0.4296244943157102,0.3803325060593802,0.49359565310008846,0.4296244943157102,0.06038723140954971,0.5301936157047749,10000,standardized_embedding
independent,section2,6,cell_type_common,344594,16,0.36158463968259763,0.3657582400567688,0.4236486357954923,0.32178695657820233,0.3657582400567688,-0.00177109579090029,0.49911445210454985,10000,standardized_embedding
independent,section2,6,spatial_cluster,344594,8,0.24936464466025787,0.3821356678423843,0.34965735007168114,0.42126537815667653,0.38213566784238423,0.06038723140954971,0.5301936157047749,10000,standardized_embedding
independent,section2,7,cell_type_common,344594,16,0.25855599816409447,0.3860808546663114,0.47827549460163366,0.32368567702782947,0.38608085466631137,-0.00177109579090029,0.49911445210454985,10000,standardized_embedding
independent,section2,7,spatial_cluster,344594,8,0.35416600916262314,0.4881227476929444,0.47141569693523316,0.5060575100737672,0.48812274769294434,0.06038723140954971,0.5301936157047749,10000,standardized_embedding
independent,section2,8,cell_type_common,344594,16,0.24136673858887708,0.36973054968746133,0.47405090543177825,0.30304255002007396,0.3697305496874612,-0.00177109579090029,0.49911445210454985,10000,standardized_embedding
independent,section2,8,spatial_cluster,344594,8,0.32713106589097246,0.47899310977212295,0.4756912597281048,0.4823411175558775,0.478993109772123,0.06038723140954971,0.5301936157047749,10000,standardized_embedding
independent,section2,9,cell_type_common,344594,16,0.2218295925999077,0.3548802039181428,0.47056626774031396,0.2848511537815232,0.35488020391814273,-0.00177109579090029,0.49911445210454985,10000,standardized_embedding
independent,section2,9,spatial_cluster,344594,8,0.2561805963235454,0.4334039367865529,0.4423934580606781,0.4247724772756651,0.433403936786553,0.06038723140954971,0.5301936157047749,10000,standardized_embedding
independent,section2,10,cell_type_common,344594,16,0.2148227796632132,0.34463832411907563,0.46947699878826327,0.27224549730207337,0.3446383241190757,-0.00177109579090029,0.49911445210454985,10000,standardized_embedding
independent,section2,10,spatial_cluster,344594,8,0.284119267149021,0.45055303274289754,0.47019358545547124,0.4324875083135631,0.45055303274289754,0.06038723140954971,0.5301936157047749,10000,standardized_embedding
independent,section2,11,cell_type_common,344594,16,0.15065115984215088,0.3426638990935521,0.4838841231278347,0.26525110742422425,0.3426638990935522,-0.00177109579090029,0.49911445210454985,10000,standardized_embedding
independent,section2,11,spatial_cluster,344594,8,0.23927140020133508,0.4253779638435441,0.4573014993471102,0.3976206587920173,0.4253779638435441,0.06038723140954971,0.5301936157047749,10000,standardized_embedding
independent,section2,12,cell_type_common,344594,16,0.17253434185192662,0.3594484143268411,0.5178625628168383,0.27524957451815957,0.35944841432684116,-0.00177109579090029,0.49911445210454985,10000,standardized_embedding
independent,section2,12,spatial_cluster,344594,8,0.2784653785699532,0.4479893736930183,0.48968461715280615,0.4128374468172153,0.4479893736930183,0.06038723140954971,0.5301936157047749,10000,standardized_embedding
independent,section2,13,cell_type_common,344594,16,0.15003034260932427,0.33676256318187897,0.4991152300220726,0.2541065484548305,0.33676256318187897,-0.00177109579090029,0.49911445210454985,10000,standardized_embedding
independent,section2,13,spatial_cluster,344594,8,0.26097805490881865,0.4501345082676225,0.5037735602932483,0.4068186812233573,0.4501345082676226,0.06038723140954971,0.5301936157047749,10000,standardized_embedding
independent,section2,14,cell_type_common,344594,16,0.19114739753222493,0.3434869514020573,0.5045230868897773,0.26037817702935057,0.3434869514020573,-0.00177109579090029,0.49911445210454985,10000,standardized_embedding
independent,section2,14,spatial_cluster,344594,8,0.2633107102473003,0.46028090836398877,0.5112780625558931,0.41853441882245046,0.46028090836398877,0.06038723140954971,0.5301936157047749,10000,standardized_embedding
independent,section2,15,cell_type_common,344594,16,0.1375398076603216,0.3272885594406256,0.4965967286388453,0.24407453446738764,0.3272885594406257,-0.00177109579090029,0.49911445210454985,10000,standardized_embedding
independent,section2,15,spatial_cluster,344594,8,0.2428833523508804,0.44113986949418904,0.5034987736583515,0.39252517374483187,0.44113986949418904,0.06038723140954971,0.5301936157047749,10000,standardized_embedding
independent,section2,16,cell_type_common,344594,16,0.12219479011006296,0.33163917791461717,0.5139626289308926,0.24479901099043924,0.3316391779146172,-0.00177109579090029,0.49911445210454985,10000,standardized_embedding
independent,section2,16,spatial_cluster,344594,8,0.25360057148373416,0.44530377337083427,0.5173638600949199,0.39086311363713944,0.4453037733708342,0.06038723140954971,0.5301936157047749,10000,standardized_embedding
independent,section2,17,cell_type_common,344594,16,0.13839074868476092,0.3356300956881157,0.5226701624186704,0.24717670595813881,0.3356300956881157,-0.00177109579090029,0.49911445210454985,10000,standardized_embedding
independent,section2,17,spatial_cluster,344594,8,0.24867339108910078,0.4409676067407987,0.5144154705286516,0.38587294982974873,0.44096760674079866,0.06038723140954971,0.5301936157047749,10000,standardized_embedding
independent,section2,18,cell_type_common,344594,16,0.12045173043771952,0.33442685311461184,0.5294961463958762,0.24439163156110624,0.33442685311461184,-0.00177109579090029,0.49911445210454985,10000,standardized_embedding
independent,section2,18,spatial_cluster,344594,8,0.2391555870509431,0.44661392400521843,0.52832691802902,0.38679134488841943,0.4466139240052184,0.06038723140954971,0.5301936157047749,10000,standardized_embedding
independent,section2,19,cell_type_common,344594,16,0.10543121512525004,0.3220772890084427,0.5201044733572634,0.23326340926837544,0.3220772890084427,-0.00177109579090029,0.49911445210454985,10000,standardized_embedding
independent,section2,19,spatial_cluster,344594,8,0.23222636925344434,0.43624791663335466,0.5247414020066442,0.3732947164417228,0.4362479166333547,0.06038723140954971,0.5301936157047749,10000,standardized_embedding
independent,section2,20,cell_type_common,344594,16,0.10337083363785893,0.31616364906966227,0.5156565123507241,0.22796893931049406,0.31616364906966227,-0.00177109579090029,0.49911445210454985,10000,standardized_embedding
independent,section2,20,spatial_cluster,344594,8,0.22265783113781157,0.4328704676680565,0.5250824100503532,0.36820791816261667,0.4328704676680565,0.06038723140954971,0.5301936157047749,10000,standardized_embedding
