mode,scope,k,n_obs,embedding_dim,cluster_asw_raw,cluster_asw_scaled_raw,cluster_asw_n_obs,calinski_harabasz_raw,davies_bouldin_raw,ch_dbi_n_obs,section_ari_raw,section_nmi_raw,section_asw_raw,section_asw_n_obs_raw,metric_space_raw,labels_path_raw,cluster_asw_standardized,cluster_asw_scaled_standardized,calinski_harabasz_standardized,davies_bouldin_standardized,section_ari_standardized,section_nmi_standardized,section_asw_standardized,section_asw_n_obs_standardized,metric_space_standardized,labels_path_standardized,cluster_asw_delta_standardized_minus_raw,cluster_asw_scaled_delta_standardized_minus_raw,calinski_harabasz_delta_standardized_minus_raw,davies_bouldin_delta_standardized_minus_raw,section_ari_delta_standardized_minus_raw,section_nmi_delta_standardized_minus_raw,section_asw_delta_standardized_minus_raw
joint,combined,2,17824,128,0.3718205988407135,0.6859102994203568,10000,9412.143740189009,1.091380213820722,17824,0.3336150121727126,0.5567431776489429,0.1169909536838531,10000,raw_embedding,/home/hujinlan/spa_mo_model/results/mouse_thymus_preprocessing_comparison/raw_embedding/clustering/joint_k2/labels_all.csv,0.2958588302135467,0.6479294151067734,6172.035832563344,1.3582471113334027,0.3342811741934057,0.5578081509116221,0.0953141674399375,10000,standardized_embedding,/home/hujinlan/spa_mo_model/results/mouse_thymus_preprocessing_comparison/standardized_embedding/clustering/joint_k2/labels_all.csv,-0.0759617686271668,-0.037980884313583374,-3240.1079076256647,0.26686689751268067,0.0006661620206930841,0.0010649732626791808,-0.0216767862439156
joint,combined,3,17824,128,0.3555777966976166,0.6777888983488083,10000,9551.702070360208,1.1169952990527965,17824,0.3348172194175102,0.4484647398112945,0.1169909536838531,10000,raw_embedding,/home/hujinlan/spa_mo_model/results/mouse_thymus_preprocessing_comparison/raw_embedding/clustering/joint_k3/labels_all.csv,0.2825965285301208,0.6412982642650604,5844.515370354463,1.3947507642121115,0.3351854047816279,0.4473811269762398,0.0953141674399375,10000,standardized_embedding,/home/hujinlan/spa_mo_model/results/mouse_thymus_preprocessing_comparison/standardized_embedding/clustering/joint_k3/labels_all.csv,-0.07298126816749578,-0.036490634083747864,-3707.1867000057455,0.27775546515931504,0.0003681853641177013,-0.0010836128350547036,-0.0216767862439156
joint,combined,4,17824,128,0.3544308543205261,0.6772154271602631,10000,7231.365426125337,1.264617724564271,17824,0.3106155090171831,0.4262192090964649,0.1169909536838531,10000,raw_embedding,/home/hujinlan/spa_mo_model/results/mouse_thymus_preprocessing_comparison/raw_embedding/clustering/joint_k4/labels_all.csv,0.2945232689380646,0.6472616344690323,4529.691285055417,1.4812985712884097,0.3078748511915939,0.4181558049029321,0.0953141674399375,10000,standardized_embedding,/home/hujinlan/spa_mo_model/results/mouse_thymus_preprocessing_comparison/standardized_embedding/clustering/joint_k4/labels_all.csv,-0.05990758538246155,-0.029953792691230774,-2701.6741410699196,0.2166808467241388,-0.002740657825589188,-0.008063404193532797,-0.0216767862439156
joint,combined,5,17824,128,0.3050382733345032,0.6525191366672516,10000,6098.481072790632,1.905080453427524,17824,0.3070428772586525,0.3826329695993514,0.1169909536838531,10000,raw_embedding,/home/hujinlan/spa_mo_model/results/mouse_thymus_preprocessing_comparison/raw_embedding/clustering/joint_k5/labels_all.csv,0.2690472602844238,0.6345236301422119,3833.353970152574,2.120121112245443,0.3047243885964996,0.3778568241545979,0.0953141674399375,10000,standardized_embedding,/home/hujinlan/spa_mo_model/results/mouse_thymus_preprocessing_comparison/standardized_embedding/clustering/joint_k5/labels_all.csv,-0.0359910130500794,-0.017995506525039673,-2265.127102638058,0.21504065881791878,-0.0023184886621528955,-0.004776145444753466,-0.0216767862439156
joint,combined,6,17824,128,0.2878965139389038,0.6439482569694519,10000,5265.123997151667,1.901786857787777,17824,0.2556805004519824,0.3714826083691234,0.1169909536838531,10000,raw_embedding,/home/hujinlan/spa_mo_model/results/mouse_thymus_preprocessing_comparison/raw_embedding/clustering/joint_k6/labels_all.csv,0.2593484818935394,0.6296742409467697,3307.761330021113,2.0467087982768475,0.26265406166456,0.3701367428133816,0.0953141674399375,10000,standardized_embedding,/home/hujinlan/spa_mo_model/results/mouse_thymus_preprocessing_comparison/standardized_embedding/clustering/joint_k6/labels_all.csv,-0.028548032045364435,-0.01427401602268219,-1957.3626671305542,0.14492194048907048,0.006973561212577639,-0.0013458655557417876,-0.0216767862439156
joint,combined,7,17824,128,0.2649537920951843,0.6324768960475922,10000,4670.708927292011,1.9700478754701456,17824,0.2509688960293761,0.3507126071185397,0.1169909536838531,10000,raw_embedding,/home/hujinlan/spa_mo_model/results/mouse_thymus_preprocessing_comparison/raw_embedding/clustering/joint_k7/labels_all.csv,0.2318306118249893,0.6159153059124947,2947.621556521732,2.0501403705442365,0.2585726231088178,0.3483161055411251,0.0953141674399375,10000,standardized_embedding,/home/hujinlan/spa_mo_model/results/mouse_thymus_preprocessing_comparison/standardized_embedding/clustering/joint_k7/labels_all.csv,-0.033123180270195035,-0.016561590135097504,-1723.087370770279,0.08009249507409089,0.00760372707944168,-0.0023965015774146115,-0.0216767862439156
joint,combined,8,17824,128,0.2687003910541534,0.6343501955270767,10000,4215.171466975542,1.84221938309848,17824,0.2429048881615913,0.3507553488136389,0.1169909536838531,10000,raw_embedding,/home/hujinlan/spa_mo_model/results/mouse_thymus_preprocessing_comparison/raw_embedding/clustering/joint_k8/labels_all.csv,0.236617162823677,0.6183085814118385,2667.636044153776,1.9567506368339127,0.2453716220776257,0.3487513291323797,0.0953141674399375,10000,standardized_embedding,/home/hujinlan/spa_mo_model/results/mouse_thymus_preprocessing_comparison/standardized_embedding/clustering/joint_k8/labels_all.csv,-0.03208322823047638,-0.01604161411523819,-1547.5354228217661,0.1145312537354326,0.002466733916034386,-0.0020040196812591837,-0.0216767862439156
joint,combined,9,17824,128,0.2199517786502838,0.6099758893251419,10000,3869.9445428330446,1.9663060675453328,17824,0.2389459653018926,0.334206310492018,0.1169909536838531,10000,raw_embedding,/home/hujinlan/spa_mo_model/results/mouse_thymus_preprocessing_comparison/raw_embedding/clustering/joint_k9/labels_all.csv,0.2226802259683609,0.6113401129841805,2453.3184796058786,2.191596735306782,0.2433383203109052,0.3368837073784491,0.0953141674399375,10000,standardized_embedding,/home/hujinlan/spa_mo_model/results/mouse_thymus_preprocessing_comparison/standardized_embedding/clustering/joint_k9/labels_all.csv,0.0027284473180770874,0.0013642236590385437,-1416.626063227166,0.22529066776144901,0.004392355009012583,0.0026773968864310937,-0.0216767862439156
joint,combined,10,17824,128,0.2141645699739456,0.6070822849869728,10000,3564.242437474557,2.0765222409309807,17824,0.2373187783036617,0.3240875744471619,0.1169909536838531,10000,raw_embedding,/home/hujinlan/spa_mo_model/results/mouse_thymus_preprocessing_comparison/raw_embedding/clustering/joint_k10/labels_all.csv,0.2020351141691208,0.6010175570845604,2284.224316010894,2.078468810133937,0.238465470661718,0.3252895971353688,0.0953141674399375,10000,standardized_embedding,/home/hujinlan/spa_mo_model/results/mouse_thymus_preprocessing_comparison/standardized_embedding/clustering/joint_k10/labels_all.csv,-0.012129455804824801,-0.0060647279024124146,-1280.0181214636627,0.0019465692029561055,0.0011466923580563115,0.0012020226882069052,-0.0216767862439156
joint,combined,11,17824,128,0.2205826342105865,0.6102913171052933,10000,3312.7683258888305,2.0182024643494527,17824,0.2365940779393604,0.3207674675044273,0.1169909536838531,10000,raw_embedding,/home/hujinlan/spa_mo_model/results/mouse_thymus_preprocessing_comparison/raw_embedding/clustering/joint_k11/labels_all.csv,0.1989194452762603,0.5994597226381302,2139.854759891445,2.11496875483703,0.2388383356785374,0.3189579765182134,0.0953141674399375,10000,standardized_embedding,/home/hujinlan/spa_mo_model/results/mouse_thymus_preprocessing_comparison/standardized_embedding/clustering/joint_k11/labels_all.csv,-0.0216631889343262,-0.010831594467163086,-1172.9135659973854,0.09676629048757723,0.002244257739176997,-0.001809490986213913,-0.0216767862439156
joint,combined,12,17824,128,0.2008605748414993,0.6004302874207497,10000,3098.102197946817,2.029850149487737,17824,0.2355974134852635,0.3128614004861403,0.1169909536838531,10000,raw_embedding,/home/hujinlan/spa_mo_model/results/mouse_thymus_preprocessing_comparison/raw_embedding/clustering/joint_k12/labels_all.csv,0.1687105298042297,0.5843552649021149,2009.591642099113,2.1161034786446264,0.2374174325902363,0.3096677503596131,0.0953141674399375,10000,standardized_embedding,/home/hujinlan/spa_mo_model/results/mouse_thymus_preprocessing_comparison/standardized_embedding/clustering/joint_k12/labels_all.csv,-0.03215004503726959,-0.016075022518634796,-1088.510555847704,0.08625332915688944,0.0018200191049727865,-0.0031936501265272255,-0.0216767862439156
independent,Mouse_Thymus1,2,4697,128,0.384902149438858,0.692451074719429,2635,1231.7772607132974,1.396733002902652,4697,,,,0,raw_embedding,/home/hujinlan/spa_mo_model/results/mouse_thymus_preprocessing_comparison/raw_embedding/clustering/independent_k2/labels_Mouse_Thymus1.csv,0.3145269155502319,0.657263457775116,871.2999597061325,2.166375464561866,,,,0,standardized_embedding,/home/hujinlan/spa_mo_model/results/mouse_thymus_preprocessing_comparison/standardized_embedding/clustering/independent_k2/labels_Mouse_Thymus1.csv,-0.0703752338886261,-0.03518761694431305,-360.4773010071649,0.7696424616592139,,,
independent,Mouse_Thymus1,3,4697,128,0.3553644120693207,0.6776822060346603,2635,1226.657457144008,1.3537333036650043,4697,,,,0,raw_embedding,/home/hujinlan/spa_mo_model/results/mouse_thymus_preprocessing_comparison/raw_embedding/clustering/independent_k3/labels_Mouse_Thymus1.csv,0.3360045254230499,0.668002262711525,940.4396525483468,1.499615570177555,,,,0,standardized_embedding,/home/hujinlan/spa_mo_model/results/mouse_thymus_preprocessing_comparison/standardized_embedding/clustering/independent_k3/labels_Mouse_Thymus1.csv,-0.019359886646270752,-0.009679943323135376,-286.2178045956613,0.14588226651255076,,,
independent,Mouse_Thymus1,4,4697,128,0.3605158925056457,0.6802579462528229,2635,1041.263124285664,1.4179459698573245,4697,,,,0,raw_embedding,/home/hujinlan/spa_mo_model/results/mouse_thymus_preprocessing_comparison/raw_embedding/clustering/independent_k4/labels_Mouse_Thymus1.csv,0.3374099731445312,0.6687049865722656,796.1704712325612,1.568909841562835,,,,0,standardized_embedding,/home/hujinlan/spa_mo_model/results/mouse_thymus_preprocessing_comparison/standardized_embedding/clustering/independent_k4/labels_Mouse_Thymus1.csv,-0.023105919361114502,-0.011552959680557251,-245.0926530531027,0.15096387170551062,,,
independent,Mouse_Thymus1,5,4697,128,0.2608639299869537,0.6304319649934769,2635,911.4110464276396,2.0270599369658013,4697,,,,0,raw_embedding,/home/hujinlan/spa_mo_model/results/mouse_thymus_preprocessing_comparison/raw_embedding/clustering/independent_k5/labels_Mouse_Thymus1.csv,0.2432591468095779,0.621629573404789,706.2356390708682,2.2160209639290924,,,,0,standardized_embedding,/home/hujinlan/spa_mo_model/results/mouse_thymus_preprocessing_comparison/standardized_embedding/clustering/independent_k5/labels_Mouse_Thymus1.csv,-0.017604783177375793,-0.008802391588687897,-205.17540735677142,0.1889610269632911,,,
independent,Mouse_Thymus1,6,4697,128,0.2578500807285309,0.6289250403642654,2635,797.4559244457326,1.9560686153000155,4697,,,,0,raw_embedding,/home/hujinlan/spa_mo_model/results/mouse_thymus_preprocessing_comparison/raw_embedding/clustering/independent_k6/labels_Mouse_Thymus1.csv,0.2442257702350616,0.6221128851175308,622.4058610433851,2.106245540320482,,,,0,standardized_embedding,/home/hujinlan/spa_mo_model/results/mouse_thymus_preprocessing_comparison/standardized_embedding/clustering/independent_k6/labels_Mouse_Thymus1.csv,-0.013624310493469294,-0.006812155246734619,-175.05006340234752,0.15017692502046653,,,
independent,Mouse_Thymus1,7,4697,128,0.1957681030035019,0.597884051501751,2635,705.4115622484471,2.383901942868596,4697,,,,0,raw_embedding,/home/hujinlan/spa_mo_model/results/mouse_thymus_preprocessing_comparison/raw_embedding/clustering/independent_k7/labels_Mouse_Thymus1.csv,0.2074708491563797,0.6037354245781898,555.372383170559,2.4276898683604564,,,,0,standardized_embedding,/home/hujinlan/spa_mo_model/results/mouse_thymus_preprocessing_comparison/standardized_embedding/clustering/independent_k7/labels_Mouse_Thymus1.csv,0.011702746152877808,0.005851373076438904,-150.0391790778881,0.0437879254918605,,,
independent,Mouse_Thymus1,8,4697,128,0.0706729814410209,0.5353364907205105,2635,636.0332577280507,2.381475000441634,4697,,,,0,raw_embedding,/home/hujinlan/spa_mo_model/results/mouse_thymus_preprocessing_comparison/raw_embedding/clustering/independent_k8/labels_Mouse_Thymus1.csv,0.1940109729766845,0.5970054864883423,502.8966662251905,2.5430795511148228,,,,0,standardized_embedding,/home/hujinlan/spa_mo_model/results/mouse_thymus_preprocessing_comparison/standardized_embedding/clustering/independent_k8/labels_Mouse_Thymus1.csv,0.12333799153566359,0.0616689957678318,-133.1365915028602,0.1616045506731889,,,
independent,Mouse_Thymus1,9,4697,128,0.0723358243703842,0.5361679121851921,2635,581.1654437580348,2.351204977830508,4697,,,,0,raw_embedding,/home/hujinlan/spa_mo_model/results/mouse_thymus_preprocessing_comparison/raw_embedding/clustering/independent_k9/labels_Mouse_Thymus1.csv,0.069519355893135,0.5347596779465675,461.5648329017028,2.431401866867414,,,,0,standardized_embedding,/home/hujinlan/spa_mo_model/results/mouse_thymus_preprocessing_comparison/standardized_embedding/clustering/independent_k9/labels_Mouse_Thymus1.csv,-0.002816468477249201,-0.0014082342386245728,-119.60061085633203,0.0801968890369058,,,
independent,Mouse_Thymus1,10,4697,128,0.0733225271105766,0.5366612635552883,2635,538.3845318335992,2.3653648782369325,4697,,,,0,raw_embedding,/home/hujinlan/spa_mo_model/results/mouse_thymus_preprocessing_comparison/raw_embedding/clustering/independent_k10/labels_Mouse_Thymus1.csv,0.0740761905908584,0.5370380952954292,429.6960598902348,2.3262482362360006,,,,0,standardized_embedding,/home/hujinlan/spa_mo_model/results/mouse_thymus_preprocessing_comparison/standardized_embedding/clustering/independent_k10/labels_Mouse_Thymus1.csv,0.0007536634802818021,0.0003768317401409149,-108.68847194336445,-0.0391166420009319,,,
independent,Mouse_Thymus1,11,4697,128,0.0733125358819961,0.5366562679409981,2635,503.06002015937264,2.4066022398442124,4697,,,,0,raw_embedding,/home/hujinlan/spa_mo_model/results/mouse_thymus_preprocessing_comparison/raw_embedding/clustering/independent_k11/labels_Mouse_Thymus1.csv,0.0641274899244308,0.5320637449622154,403.44768836537935,2.4103521881808847,,,,0,standardized_embedding,/home/hujinlan/spa_mo_model/results/mouse_thymus_preprocessing_comparison/standardized_embedding/clustering/independent_k11/labels_Mouse_Thymus1.csv,-0.009185045957565294,-0.004592522978782654,-99.61233179399329,0.003749948336672304,,,
independent,Mouse_Thymus1,12,4697,128,0.0741421729326248,0.5370710864663124,2635,470.4342920827663,2.4166628685520597,4697,,,,0,raw_embedding,/home/hujinlan/spa_mo_model/results/mouse_thymus_preprocessing_comparison/raw_embedding/clustering/independent_k12/labels_Mouse_Thymus1.csv,0.0724510848522186,0.5362255424261093,379.10308848273377,2.2708729865935324,,,,0,standardized_embedding,/home/hujinlan/spa_mo_model/results/mouse_thymus_preprocessing_comparison/standardized_embedding/clustering/independent_k12/labels_Mouse_Thymus1.csv,-0.0016910880804062028,-0.0008455440402030945,-91.33120360003255,-0.14578988195852727,,,
independent,Mouse_Thymus2,2,4253,128,0.3324350118637085,0.6662175059318542,2386,2157.4325131732708,1.164301208893508,4253,,,,0,raw_embedding,/home/hujinlan/spa_mo_model/results/mouse_thymus_preprocessing_comparison/raw_embedding/clustering/independent_k2/labels_Mouse_Thymus2.csv,0.2479750514030456,0.6239875257015228,1284.7155093891904,1.515835271842492,,,,0,standardized_embedding,/home/hujinlan/spa_mo_model/results/mouse_thymus_preprocessing_comparison/standardized_embedding/clustering/independent_k2/labels_Mouse_Thymus2.csv,-0.0844599604606629,-0.04222998023033142,-872.7170037840804,0.3515340629489838,,,
independent,Mouse_Thymus2,3,4253,128,0.2683500051498413,0.6341750025749207,2386,1365.5288782489026,2.370333984560577,4253,,,,0,raw_embedding,/home/hujinlan/spa_mo_model/results/mouse_thymus_preprocessing_comparison/raw_embedding/clustering/independent_k3/labels_Mouse_Thymus2.csv,0.2393391132354736,0.6196695566177368,832.0001914639173,2.739596364426337,,,,0,standardized_embedding,/home/hujinlan/spa_mo_model/results/mouse_thymus_preprocessing_comparison/standardized_embedding/clustering/independent_k3/labels_Mouse_Thymus2.csv,-0.029010891914367704,-0.014505445957183838,-533.5286867849853,0.3692623798657597,,,
independent,Mouse_Thymus2,4,4253,128,0.2228264659643173,0.6114132329821587,2386,1022.0426445276578,2.310898833390842,4253,,,,0,raw_embedding,/home/hujinlan/spa_mo_model/results/mouse_thymus_preprocessing_comparison/raw_embedding/clustering/independent_k4/labels_Mouse_Thymus2.csv,0.2006968259811401,0.6003484129905701,645.0903453538637,2.519579754199355,,,,0,standardized_embedding,/home/hujinlan/spa_mo_model/results/mouse_thymus_preprocessing_comparison/standardized_embedding/clustering/independent_k4/labels_Mouse_Thymus2.csv,-0.022129639983177185,-0.011064819991588593,-376.95229917379413,0.2086809208085132,,,
independent,Mouse_Thymus2,5,4253,128,0.1667866706848144,0.5833933353424072,2386,840.0179194317966,2.519777679642906,4253,,,,0,raw_embedding,/home/hujinlan/spa_mo_model/results/mouse_thymus_preprocessing_comparison/raw_embedding/clustering/independent_k5/labels_Mouse_Thymus2.csv,0.2065504193305969,0.6032752096652985,539.7651810864094,2.697572006925073,,,,0,standardized_embedding,/home/hujinlan/spa_mo_model/results/mouse_thymus_preprocessing_comparison/standardized_embedding/clustering/independent_k5/labels_Mouse_Thymus2.csv,0.0397637486457825,0.019881874322891235,-300.25273834538723,0.17779432728216715,,,
independent,Mouse_Thymus2,6,4253,128,0.1665182113647461,0.583259105682373,2386,725.06878026258,2.39095667407832,4253,,,,0,raw_embedding,/home/hujinlan/spa_mo_model/results/mouse_thymus_preprocessing_comparison/raw_embedding/clustering/independent_k6/labels_Mouse_Thymus2.csv,0.186154305934906,0.593077152967453,474.43244337982304,2.6462982051699635,,,,0,standardized_embedding,/home/hujinlan/spa_mo_model/results/mouse_thymus_preprocessing_comparison/standardized_embedding/clustering/independent_k6/labels_Mouse_Thymus2.csv,0.019636094570159912,0.009818047285079956,-250.636336882757,0.2553415310916436,,,
independent,Mouse_Thymus2,7,4253,128,0.1583086401224136,0.5791543200612068,2386,644.7311149643072,2.3856615349249166,4253,,,,0,raw_embedding,/home/hujinlan/spa_mo_model/results/mouse_thymus_preprocessing_comparison/raw_embedding/clustering/independent_k7/labels_Mouse_Thymus2.csv,0.1439706832170486,0.5719853416085243,428.4080497742522,2.528605355834908,,,,0,standardized_embedding,/home/hujinlan/spa_mo_model/results/mouse_thymus_preprocessing_comparison/standardized_embedding/clustering/independent_k7/labels_Mouse_Thymus2.csv,-0.014337956905365018,-0.007168978452682495,-216.32306519005493,0.14294382090999136,,,
independent,Mouse_Thymus2,8,4253,128,0.1635594516992569,0.5817797258496284,2386,584.4502135161656,2.32539508446844,4253,,,,0,raw_embedding,/home/hujinlan/spa_mo_model/results/mouse_thymus_preprocessing_comparison/raw_embedding/clustering/independent_k8/labels_Mouse_Thymus2.csv,0.0874316692352294,0.5437158346176147,393.90927407872215,2.573111184492949,,,,0,standardized_embedding,/home/hujinlan/spa_mo_model/results/mouse_thymus_preprocessing_comparison/standardized_embedding/clustering/independent_k8/labels_Mouse_Thymus2.csv,-0.0761277824640275,-0.0380638912320137,-190.54093943744346,0.24771610002450872,,,
independent,Mouse_Thymus2,9,4253,128,0.1660333573818206,0.5830166786909103,2386,537.1225737591473,2.2032684526497617,4253,,,,0,raw_embedding,/home/hujinlan/spa_mo_model/results/mouse_thymus_preprocessing_comparison/raw_embedding/clustering/independent_k9/labels_Mouse_Thymus2.csv,0.0937131270766258,0.5468565635383129,367.3448444030832,2.3883260744149397,,,,0,standardized_embedding,/home/hujinlan/spa_mo_model/results/mouse_thymus_preprocessing_comparison/standardized_embedding/clustering/independent_k9/labels_Mouse_Thymus2.csv,-0.0723202303051948,-0.03616011515259743,-169.77772935606407,0.18505762176517804,,,
independent,Mouse_Thymus2,10,4253,128,0.1025331541895866,0.5512665770947933,2386,499.0871816166962,2.3210918007882144,4253,,,,0,raw_embedding,/home/hujinlan/spa_mo_model/results/mouse_thymus_preprocessing_comparison/raw_embedding/clustering/independent_k10/labels_Mouse_Thymus2.csv,0.1041589751839637,0.5520794875919819,345.61043806413323,2.2900081729340807,,,,0,standardized_embedding,/home/hujinlan/spa_mo_model/results/mouse_thymus_preprocessing_comparison/standardized_embedding/clustering/independent_k10/labels_Mouse_Thymus2.csv,0.0016258209943771085,0.0008129104971885681,-153.476743552563,-0.031083627854133766,,,
independent,Mouse_Thymus2,11,4253,128,0.1773044615983963,0.5886522307991982,2386,469.3320636442599,2.075076793867773,4253,,,,0,raw_embedding,/home/hujinlan/spa_mo_model/results/mouse_thymus_preprocessing_comparison/raw_embedding/clustering/independent_k11/labels_Mouse_Thymus2.csv,0.1510863453149795,0.5755431726574898,327.20719358950095,2.131534956901316,,,,0,standardized_embedding,/home/hujinlan/spa_mo_model/results/mouse_thymus_preprocessing_comparison/standardized_embedding/clustering/independent_k11/labels_Mouse_Thymus2.csv,-0.026218116283416804,-0.013109058141708374,-142.12487005475896,0.056458163033542785,,,
independent,Mouse_Thymus2,12,4253,128,0.0974723994731903,0.5487361997365952,2386,444.4567901007657,2.1885131701456424,4253,,,,0,raw_embedding,/home/hujinlan/spa_mo_model/results/mouse_thymus_preprocessing_comparison/raw_embedding/clustering/independent_k12/labels_Mouse_Thymus2.csv,0.1010730266571044,0.5505365133285522,314.89556905664045,2.202154391373785,,,,0,standardized_embedding,/home/hujinlan/spa_mo_model/results/mouse_thymus_preprocessing_comparison/standardized_embedding/clustering/independent_k12/labels_Mouse_Thymus2.csv,0.0036006271839141013,0.0018003135919570923,-129.56122104412526,0.013641221228142708,,,
independent,Mouse_Thymus3,2,4646,128,0.3304663002490997,0.6652331501245499,2607,2226.725873291868,1.135450505409904,4646,,,,0,raw_embedding,/home/hujinlan/spa_mo_model/results/mouse_thymus_preprocessing_comparison/raw_embedding/clustering/independent_k2/labels_Mouse_Thymus3.csv,0.2495557069778442,0.6247778534889221,1358.350578063861,1.4429686040317304,,,,0,standardized_embedding,/home/hujinlan/spa_mo_model/results/mouse_thymus_preprocessing_comparison/standardized_embedding/clustering/independent_k2/labels_Mouse_Thymus3.csv,-0.08091059327125547,-0.04045529663562775,-868.3752952280072,0.30751809862182644,,,
independent,Mouse_Thymus3,3,4646,128,0.2839518785476684,0.6419759392738342,2607,1461.1941804627052,2.3323481057388578,4646,,,,0,raw_embedding,/home/hujinlan/spa_mo_model/results/mouse_thymus_preprocessing_comparison/raw_embedding/clustering/independent_k3/labels_Mouse_Thymus3.csv,0.2555913031101227,0.6277956515550613,919.5607309572038,2.6525739656826546,,,,0,standardized_embedding,/home/hujinlan/spa_mo_model/results/mouse_thymus_preprocessing_comparison/standardized_embedding/clustering/independent_k3/labels_Mouse_Thymus3.csv,-0.02836057543754572,-0.014180287718772888,-541.6334495055014,0.3202258599437968,,,
independent,Mouse_Thymus3,4,4646,128,0.2349567413330078,0.6174783706665039,2607,1122.5812825620844,2.335847370877627,4646,,,,0,raw_embedding,/home/hujinlan/spa_mo_model/results/mouse_thymus_preprocessing_comparison/raw_embedding/clustering/independent_k4/labels_Mouse_Thymus3.csv,0.1927026659250259,0.596351332962513,736.6179904163685,2.4638327154109634,,,,0,standardized_embedding,/home/hujinlan/spa_mo_model/results/mouse_thymus_preprocessing_comparison/standardized_embedding/clustering/independent_k4/labels_Mouse_Thymus3.csv,-0.0422540754079819,-0.021127037703990936,-385.96329214571597,0.12798534453333632,,,
independent,Mouse_Thymus3,5,4646,128,0.2208301573991775,0.6104150786995888,2607,940.265455678054,2.188748877387759,4646,,,,0,raw_embedding,/home/hujinlan/spa_mo_model/results/mouse_thymus_preprocessing_comparison/raw_embedding/clustering/independent_k5/labels_Mouse_Thymus3.csv,0.1879551261663437,0.5939775630831718,621.9209470406587,2.3669743698256207,,,,0,standardized_embedding,/home/hujinlan/spa_mo_model/results/mouse_thymus_preprocessing_comparison/standardized_embedding/clustering/independent_k5/labels_Mouse_Thymus3.csv,-0.03287503123283381,-0.01643751561641693,-318.3445086373953,0.1782254924378619,,,
independent,Mouse_Thymus3,6,4646,128,0.1705247312784195,0.5852623656392097,2607,816.9437768236234,2.296044002308772,4646,,,,0,raw_embedding,/home/hujinlan/spa_mo_model/results/mouse_thymus_preprocessing_comparison/raw_embedding/clustering/independent_k6/labels_Mouse_Thymus3.csv,0.1837322115898132,0.5918661057949066,546.2651833787089,2.421384151521258,,,,0,standardized_embedding,/home/hujinlan/spa_mo_model/results/mouse_thymus_preprocessing_comparison/standardized_embedding/clustering/independent_k6/labels_Mouse_Thymus3.csv,0.01320748031139371,0.006603740155696869,-270.67859344491444,0.12534014921248593,,,
independent,Mouse_Thymus3,7,4646,128,0.1821303367614746,0.5910651683807373,2607,732.2717313427476,2.181244877521279,4646,,,,0,raw_embedding,/home/hujinlan/spa_mo_model/results/mouse_thymus_preprocessing_comparison/raw_embedding/clustering/independent_k7/labels_Mouse_Thymus3.csv,0.1596236079931259,0.579811803996563,498.8265940926753,2.307415797932108,,,,0,standardized_embedding,/home/hujinlan/spa_mo_model/results/mouse_thymus_preprocessing_comparison/standardized_embedding/clustering/independent_k7/labels_Mouse_Thymus3.csv,-0.02250672876834872,-0.011253364384174347,-233.44513725007226,0.126170920410829,,,
independent,Mouse_Thymus3,8,4646,128,0.1871086508035659,0.593554325401783,2607,669.0563911277707,2.067196232993177,4646,,,,0,raw_embedding,/home/hujinlan/spa_mo_model/results/mouse_thymus_preprocessing_comparison/raw_embedding/clustering/independent_k8/labels_Mouse_Thymus3.csv,0.1652647107839584,0.5826323553919792,462.8487941409272,2.1664186865505486,,,,0,standardized_embedding,/home/hujinlan/spa_mo_model/results/mouse_thymus_preprocessing_comparison/standardized_embedding/clustering/independent_k8/labels_Mouse_Thymus3.csv,-0.02184394001960749,-0.010921970009803772,-206.20759698684344,0.0992224535573718,,,
independent,Mouse_Thymus3,9,4646,128,0.1779968291521072,0.5889984145760536,2607,617.7499910243016,2.083536234515828,4646,,,,0,raw_embedding,/home/hujinlan/spa_mo_model/results/mouse_thymus_preprocessing_comparison/raw_embedding/clustering/independent_k9/labels_Mouse_Thymus3.csv,0.1606413722038269,0.5803206861019135,432.01788527555146,2.229524441999134,,,,0,standardized_embedding,/home/hujinlan/spa_mo_model/results/mouse_thymus_preprocessing_comparison/standardized_embedding/clustering/independent_k9/labels_Mouse_Thymus3.csv,-0.017355456948280307,-0.008677728474140167,-185.73210574875014,0.14598820748330565,,,
independent,Mouse_Thymus3,10,4646,128,0.163133442401886,0.581566721200943,2607,577.8735913415837,2.1434330397119727,4646,,,,0,raw_embedding,/home/hujinlan/spa_mo_model/results/mouse_thymus_preprocessing_comparison/raw_embedding/clustering/independent_k10/labels_Mouse_Thymus3.csv,0.1343763470649719,0.567188173532486,406.3448134741449,2.217363371803839,,,,0,standardized_embedding,/home/hujinlan/spa_mo_model/results/mouse_thymus_preprocessing_comparison/standardized_embedding/clustering/independent_k10/labels_Mouse_Thymus3.csv,-0.02875709533691409,-0.014378547668457031,-171.5287778674388,0.07393033209186628,,,
independent,Mouse_Thymus3,11,4646,128,0.1586533188819885,0.5793266594409943,2607,541.2383444425205,2.1386625424978423,4646,,,,0,raw_embedding,/home/hujinlan/spa_mo_model/results/mouse_thymus_preprocessing_comparison/raw_embedding/clustering/independent_k11/labels_Mouse_Thymus3.csv,0.140683576464653,0.5703417882323265,385.8045790733159,2.2162907916396333,,,,0,standardized_embedding,/home/hujinlan/spa_mo_model/results/mouse_thymus_preprocessing_comparison/standardized_embedding/clustering/independent_k11/labels_Mouse_Thymus3.csv,-0.01796974241733551,-0.008984871208667755,-155.43376536920465,0.077628249141791,,,
independent,Mouse_Thymus3,12,4646,128,0.1359061598777771,0.5679530799388885,2607,514.9498775841574,2.1207729391186074,4646,,,,0,raw_embedding,/home/hujinlan/spa_mo_model/results/mouse_thymus_preprocessing_comparison/raw_embedding/clustering/independent_k12/labels_Mouse_Thymus3.csv,0.1459458023309707,0.5729729011654854,368.9765134779992,2.1272905687333155,,,,0,standardized_embedding,/home/hujinlan/spa_mo_model/results/mouse_thymus_preprocessing_comparison/standardized_embedding/clustering/independent_k12/labels_Mouse_Thymus3.csv,0.010039642453193609,0.005019821226596832,-145.97336410615821,0.0065176296147080315,,,
independent,Mouse_Thymus4,2,4228,128,0.3255237638950348,0.6627618819475174,2372,2068.032332632301,1.1833338920580885,4228,,,,0,raw_embedding,/home/hujinlan/spa_mo_model/results/mouse_thymus_preprocessing_comparison/raw_embedding/clustering/independent_k2/labels_Mouse_Thymus4.csv,0.2467395067214965,0.6233697533607483,1263.4892226007562,1.5061197965545172,,,,0,standardized_embedding,/home/hujinlan/spa_mo_model/results/mouse_thymus_preprocessing_comparison/standardized_embedding/clustering/independent_k2/labels_Mouse_Thymus4.csv,-0.07878425717353829,-0.039392128586769104,-804.5431100315448,0.32278590449642874,,,
independent,Mouse_Thymus4,3,4228,128,0.2487512528896331,0.6243756264448166,2372,1317.6006859144277,2.3343913771964826,4228,,,,0,raw_embedding,/home/hujinlan/spa_mo_model/results/mouse_thymus_preprocessing_comparison/raw_embedding/clustering/independent_k3/labels_Mouse_Thymus4.csv,0.209500640630722,0.604750320315361,827.7125044534749,2.6150628106817524,,,,0,standardized_embedding,/home/hujinlan/spa_mo_model/results/mouse_thymus_preprocessing_comparison/standardized_embedding/clustering/independent_k3/labels_Mouse_Thymus4.csv,-0.039250612258911105,-0.019625306129455566,-489.88818146095275,0.2806714334852698,,,
independent,Mouse_Thymus4,4,4228,128,0.2333471328020095,0.6166735664010048,2372,1017.5048908632872,2.2722580891572632,4228,,,,0,raw_embedding,/home/hujinlan/spa_mo_model/results/mouse_thymus_preprocessing_comparison/raw_embedding/clustering/independent_k4/labels_Mouse_Thymus4.csv,0.1830628663301468,0.5915314331650734,652.416882969025,2.414330083118681,,,,0,standardized_embedding,/home/hujinlan/spa_mo_model/results/mouse_thymus_preprocessing_comparison/standardized_embedding/clustering/independent_k4/labels_Mouse_Thymus4.csv,-0.05028426647186271,-0.025142133235931396,-365.0880078942622,0.14207199396141768,,,
independent,Mouse_Thymus4,5,4228,128,0.2328603416681289,0.6164301708340645,2372,845.4683452494588,2.121951461705001,4228,,,,0,raw_embedding,/home/hujinlan/spa_mo_model/results/mouse_thymus_preprocessing_comparison/raw_embedding/clustering/independent_k5/labels_Mouse_Thymus4.csv,0.1869491040706634,0.5934745520353317,556.2304883622678,2.3595077336284875,,,,0,standardized_embedding,/home/hujinlan/spa_mo_model/results/mouse_thymus_preprocessing_comparison/standardized_embedding/clustering/independent_k5/labels_Mouse_Thymus4.csv,-0.045911237597465515,-0.022955618798732758,-289.237856887191,0.2375562719234865,,,
independent,Mouse_Thymus4,6,4228,128,0.1762286275625229,0.5881143137812614,2372,737.1537089663731,2.203055630325466,4228,,,,0,raw_embedding,/home/hujinlan/spa_mo_model/results/mouse_thymus_preprocessing_comparison/raw_embedding/clustering/independent_k6/labels_Mouse_Thymus4.csv,0.1494675129652023,0.5747337564826012,486.258979065563,2.4030041824097914,,,,0,standardized_embedding,/home/hujinlan/spa_mo_model/results/mouse_thymus_preprocessing_comparison/standardized_embedding/clustering/independent_k6/labels_Mouse_Thymus4.csv,-0.026761114597320584,-0.013380557298660278,-250.8947299008101,0.19994855208432538,,,
independent,Mouse_Thymus4,7,4228,128,0.169470727443695,0.5847353637218475,2372,651.8756419076251,2.337197739024796,4228,,,,0,raw_embedding,/home/hujinlan/spa_mo_model/results/mouse_thymus_preprocessing_comparison/raw_embedding/clustering/independent_k7/labels_Mouse_Thymus4.csv,0.148805022239685,0.5744025111198425,441.2112982101888,2.441469494328328,,,,0,standardized_embedding,/home/hujinlan/spa_mo_model/results/mouse_thymus_preprocessing_comparison/standardized_embedding/clustering/independent_k7/labels_Mouse_Thymus4.csv,-0.02066570520401001,-0.010332852602005005,-210.66434369743632,0.10427175530353194,,,
independent,Mouse_Thymus4,8,4228,128,0.1835692822933197,0.5917846411466599,2372,592.2232253745119,2.171935110506468,4228,,,,0,raw_embedding,/home/hujinlan/spa_mo_model/results/mouse_thymus_preprocessing_comparison/raw_embedding/clustering/independent_k8/labels_Mouse_Thymus4.csv,0.1584235578775406,0.5792117789387703,408.1776309686393,2.280212133655352,,,,0,standardized_embedding,/home/hujinlan/spa_mo_model/results/mouse_thymus_preprocessing_comparison/standardized_embedding/clustering/independent_k8/labels_Mouse_Thymus4.csv,-0.025145724415779114,-0.012572862207889557,-184.04559440587263,0.10827702314888388,,,
independent,Mouse_Thymus4,9,4228,128,0.1454942971467971,0.5727471485733986,2372,546.9522657818093,2.1501290753063227,4228,,,,0,raw_embedding,/home/hujinlan/spa_mo_model/results/mouse_thymus_preprocessing_comparison/raw_embedding/clustering/independent_k9/labels_Mouse_Thymus4.csv,0.0989876314997673,0.5494938157498837,378.6684245488619,2.2882495706529906,,,,0,standardized_embedding,/home/hujinlan/spa_mo_model/results/mouse_thymus_preprocessing_comparison/standardized_embedding/clustering/independent_k9/labels_Mouse_Thymus4.csv,-0.04650666564702979,-0.02325333282351494,-168.2838412329474,0.13812049534666793,,,
independent,Mouse_Thymus4,10,4228,128,0.1481151133775711,0.5740575566887856,2372,507.1007152075528,2.16872246698917,4228,,,,0,raw_embedding,/home/hujinlan/spa_mo_model/results/mouse_thymus_preprocessing_comparison/raw_embedding/clustering/independent_k10/labels_Mouse_Thymus4.csv,0.1044234186410904,0.5522117093205452,355.6076949156333,2.309911187787187,,,,0,standardized_embedding,/home/hujinlan/spa_mo_model/results/mouse_thymus_preprocessing_comparison/standardized_embedding/clustering/independent_k10/labels_Mouse_Thymus4.csv,-0.04369169473648071,-0.021845847368240356,-151.4930202919195,0.14118872079801736,,,
independent,Mouse_Thymus4,11,4228,128,0.1021193042397499,0.551059652119875,2372,477.1007607948148,2.221360559252995,4228,,,,0,raw_embedding,/home/hujinlan/spa_mo_model/results/mouse_thymus_preprocessing_comparison/raw_embedding/clustering/independent_k11/labels_Mouse_Thymus4.csv,0.0784311294555664,0.5392155647277832,332.9189502733066,2.3899848013409706,,,,0,standardized_embedding,/home/hujinlan/spa_mo_model/results/mouse_thymus_preprocessing_comparison/standardized_embedding/clustering/independent_k11/labels_Mouse_Thymus4.csv,-0.02368817478418349,-0.011844087392091751,-144.18181052150817,0.16862424208797577,,,
independent,Mouse_Thymus4,12,4228,128,0.0976135358214378,0.5488067679107189,2372,448.6818721857511,2.255558640259572,4228,,,,0,raw_embedding,/home/hujinlan/spa_mo_model/results/mouse_thymus_preprocessing_comparison/raw_embedding/clustering/independent_k12/labels_Mouse_Thymus4.csv,0.1053486093878746,0.5526743046939373,315.86987874760564,2.244976952442397,,,,0,standardized_embedding,/home/hujinlan/spa_mo_model/results/mouse_thymus_preprocessing_comparison/standardized_embedding/clustering/independent_k12/labels_Mouse_Thymus4.csv,0.007735073566436809,0.003867536783218384,-132.81199343814546,-0.01058168781717539,,,
