section,spot_index,obs_name,cluster,spatial_domain,stage
Simulation4,0,529,10,sp2,Simulation4
Simulation4,1,478,4,sp1,Simulation4
Simulation4,2,234,1,sp2,Simulation4
Simulation4,3,64,10,sp2,Simulation4
Simulation4,4,1087,3,sp3,Simulation4
Simulation4,5,743,9,sp4,Simulation4
Simulation4,6,539,11,sp2,Simulation4
Simulation4,7,266,4,sp1,Simulation4
Simulation4,8,963,0,sp4,Simulation4
Simulation4,9,959,5,background,Simulation4
Simulation4,10,462,8,sp2,Simulation4
Simulation4,11,348,2,background,Simulation4
Simulation4,12,806,6,background,Simulation4
Simulation4,13,496,1,sp2,Simulation4
Simulation4,14,652,0,sp3,Simulation4
Simulation4,15,1179,9,sp4,Simulation4
Simulation4,16,861,9,sp4,Simulation4
Simulation4,17,578,8,background,Simulation4
Simulation4,18,63,1,sp2,Simulation4
Simulation4,19,818,9,sp4,Simulation4
Simulation4,20,460,1,sp2,Simulation4
Simulation4,21,798,6,background,Simulation4
Simulation4,22,852,9,sp4,Simulation4
Simulation4,23,142,10,sp2,Simulation4
Simulation4,24,332,11,sp1,Simulation4
Simulation4,25,817,9,sp4,Simulation4
Simulation4,26,725,8,sp3,Simulation4
Simulation4,27,1022,2,background,Simulation4
Simulation4,28,1112,2,background,Simulation4
Simulation4,29,46,4,sp1,Simulation4
Simulation4,30,830,7,sp3,Simulation4
Simulation4,31,1015,3,sp3,Simulation4
Simulation4,32,104,1,sp2,Simulation4
Simulation4,33,1201,5,sp3,Simulation4
Simulation4,34,1220,2,background,Simulation4
Simulation4,35,696,2,background,Simulation4
Simulation4,36,490,1,sp2,Simulation4
Simulation4,37,319,1,sp2,Simulation4
Simulation4,38,893,5,sp4,Simulation4
Simulation4,39,524,1,sp2,Simulation4
Simulation4,40,468,8,background,Simulation4
Simulation4,41,1239,3,sp3,Simulation4
Simulation4,42,992,2,background,Simulation4
Simulation4,43,232,4,sp1,Simulation4
Simulation4,44,61,8,sp2,Simulation4
Simulation4,45,1000,5,sp4,Simulation4
Simulation4,46,79,4,sp1,Simulation4
Simulation4,47,404,4,sp1,Simulation4
Simulation4,48,14,2,background,Simulation4
Simulation4,49,16,2,background,Simulation4
Simulation4,50,626,2,background,Simulation4
Simulation4,51,853,9,sp4,Simulation4
Simulation4,52,821,9,sp4,Simulation4
Simulation4,53,1191,8,sp3,Simulation4
Simulation4,54,1005,2,background,Simulation4
Simulation4,55,592,5,background,Simulation4
Simulation4,56,562,10,sp2,Simulation4
Simulation4,57,1273,8,sp3,Simulation4
Simulation4,58,807,5,background,Simulation4
Simulation4,59,728,6,background,Simulation4
Simulation4,60,452,5,sp2,Simulation4
Simulation4,61,1081,3,sp3,Simulation4
Simulation4,62,1033,0,sp4,Simulation4
Simulation4,63,937,8,sp3,Simulation4
Simulation4,64,600,10,sp2,Simulation4
Simulation4,65,170,1,sp2,Simulation4
Simulation4,66,194,2,background,Simulation4
Simulation4,67,702,9,sp4,Simulation4
Simulation4,68,212,1,sp2,Simulation4
Simulation4,69,450,10,sp2,Simulation4
Simulation4,70,747,9,sp4,Simulation4
Simulation4,71,255,7,sp1,Simulation4
Simulation4,72,1008,5,sp3,Simulation4
Simulation4,73,646,1,sp2,Simulation4
Simulation4,74,120,5,background,Simulation4
Simulation4,75,537,8,sp2,Simulation4
Simulation4,76,96,1,sp2,Simulation4
Simulation4,77,223,7,sp1,Simulation4
Simulation4,78,1,5,background,Simulation4
Simulation4,79,627,2,background,Simulation4
Simulation4,80,837,2,background,Simulation4
Simulation4,81,1116,5,sp3,Simulation4
Simulation4,82,643,10,sp2,Simulation4
Simulation4,83,915,2,background,Simulation4
Simulation4,84,889,7,sp4,Simulation4
Simulation4,85,283,8,sp2,Simulation4
Simulation4,86,878,6,background,Simulation4
Simulation4,87,871,11,sp3,Simulation4
Simulation4,88,519,6,background,Simulation4
Simulation4,89,43,4,sp1,Simulation4
Simulation4,90,1158,3,sp3,Simulation4
Simulation4,91,482,2,background,Simulation4
Simulation4,92,800,2,background,Simulation4
Simulation4,93,169,1,sp2,Simulation4
Simulation4,94,347,8,sp2,Simulation4
Simulation4,95,53,0,background,Simulation4
Simulation4,96,710,9,sp4,Simulation4
Simulation4,97,422,2,background,Simulation4
Simulation4,98,15,2,background,Simulation4
Simulation4,99,412,4,sp1,Simulation4
Simulation4,100,220,4,sp1,Simulation4
Simulation4,101,1006,2,background,Simulation4
Simulation4,102,926,9,sp4,Simulation4
Simulation4,103,1194,8,sp3,Simulation4
Simulation4,104,306,1,sp2,Simulation4
Simulation4,105,463,10,sp2,Simulation4
Simulation4,106,772,5,background,Simulation4
Simulation4,107,440,4,sp1,Simulation4
Simulation4,108,1262,3,sp3,Simulation4
Simulation4,109,826,9,sp4,Simulation4
Simulation4,110,98,1,sp2,Simulation4
Simulation4,111,1206,7,background,Simulation4
Simulation4,112,95,1,sp2,Simulation4
Simulation4,113,877,5,background,Simulation4
Simulation4,114,1280,2,background,Simulation4
Simulation4,115,403,4,sp1,Simulation4
Simulation4,116,5,2,background,Simulation4
Simulation4,117,372,7,sp1,Simulation4
Simulation4,118,917,2,background,Simulation4
Simulation4,119,277,5,background,Simulation4
Simulation4,120,388,8,background,Simulation4
Simulation4,121,153,4,sp1,Simulation4
Simulation4,122,1141,9,sp4,Simulation4
Simulation4,123,102,1,sp2,Simulation4
Simulation4,124,908,8,sp3,Simulation4
Simulation4,125,634,1,sp2,Simulation4
Simulation4,126,35,1,sp2,Simulation4
Simulation4,127,909,0,sp3,Simulation4
Simulation4,128,1233,6,sp3,Simulation4
Simulation4,129,26,10,sp2,Simulation4
Simulation4,130,1040,11,background,Simulation4
Simulation4,131,497,1,sp2,Simulation4
Simulation4,132,436,2,background,Simulation4
Simulation4,133,159,2,background,Simulation4
Simulation4,134,695,11,background,Simulation4
Simulation4,135,1150,2,background,Simulation4
Simulation4,136,732,2,background,Simulation4
Simulation4,137,1182,2,background,Simulation4
Simulation4,138,438,4,sp1,Simulation4
Simulation4,139,804,2,background,Simulation4
Simulation4,140,534,10,sp2,Simulation4
Simulation4,141,322,1,sp2,Simulation4
Simulation4,142,567,0,sp2,Simulation4
Simulation4,143,801,8,background,Simulation4
Simulation4,144,1053,3,sp3,Simulation4
Simulation4,145,97,1,sp2,Simulation4
Simulation4,146,165,1,sp2,Simulation4
Simulation4,147,1105,0,sp4,Simulation4
Simulation4,148,1269,3,sp3,Simulation4
Simulation4,149,213,1,sp2,Simulation4
Simulation4,150,685,6,sp3,Simulation4
Simulation4,151,1142,5,sp4,Simulation4
Simulation4,152,633,8,sp2,Simulation4
Simulation4,153,588,2,background,Simulation4
Simulation4,154,940,0,sp3,Simulation4
Simulation4,155,1240,3,sp3,Simulation4
Simulation4,156,824,9,sp4,Simulation4
Simulation4,157,32,5,sp2,Simulation4
Simulation4,158,675,5,sp4,Simulation4
Simulation4,159,402,4,sp1,Simulation4
Simulation4,160,353,2,background,Simulation4
Simulation4,161,668,9,sp4,Simulation4
Simulation4,162,376,4,sp1,Simulation4
Simulation4,163,1275,3,sp3,Simulation4
Simulation4,164,1013,6,sp3,Simulation4
Simulation4,165,881,2,background,Simulation4
Simulation4,166,1011,3,sp3,Simulation4
Simulation4,167,933,5,background,Simulation4
Simulation4,168,483,6,background,Simulation4
Simulation4,169,869,3,sp3,Simulation4
Simulation4,170,486,1,sp2,Simulation4
Simulation4,171,302,4,sp1,Simulation4
Simulation4,172,602,11,sp2,Simulation4
Simulation4,173,1216,9,sp4,Simulation4
Simulation4,174,1119,6,sp3,Simulation4
Simulation4,175,1177,5,sp4,Simulation4
Simulation4,176,361,4,sp1,Simulation4
Simulation4,177,1293,8,background,Simulation4
Simulation4,178,546,4,sp1,Simulation4
Simulation4,179,267,4,sp1,Simulation4
Simulation4,180,552,2,background,Simulation4
Simulation4,181,151,0,sp1,Simulation4
Simulation4,182,1282,2,background,Simulation4
Simulation4,183,244,6,background,Simulation4
Simulation4,184,1286,0,sp4,Simulation4
Simulation4,185,407,4,sp1,Simulation4
Simulation4,186,1189,0,sp3,Simulation4
Simulation4,187,1207,5,background,Simulation4
Simulation4,188,1163,3,sp3,Simulation4
Simulation4,189,51,5,background,Simulation4
Simulation4,190,259,4,sp1,Simulation4
Simulation4,191,842,6,background,Simulation4
Simulation4,192,682,0,sp4,Simulation4
Simulation4,193,1217,0,sp4,Simulation4
Simulation4,194,73,2,background,Simulation4
Simulation4,195,556,8,background,Simulation4
Simulation4,196,509,2,background,Simulation4
Simulation4,197,1222,2,background,Simulation4
Simulation4,198,1021,11,background,Simulation4
Simulation4,199,346,7,sp2,Simulation4
Simulation4,200,1068,9,sp4,Simulation4
Simulation4,201,160,8,background,Simulation4
Simulation4,202,1043,2,background,Simulation4
Simulation4,203,473,5,background,Simulation4
Simulation4,204,401,4,sp1,Simulation4
Simulation4,205,1044,3,sp3,Simulation4
Simulation4,206,611,1,sp2,Simulation4
Simulation4,207,437,2,background,Simulation4
Simulation4,208,699,11,background,Simulation4
Simulation4,209,840,2,background,Simulation4
Simulation4,210,902,3,sp3,Simulation4
Simulation4,211,974,3,sp3,Simulation4
Simulation4,212,949,2,background,Simulation4
Simulation4,213,1274,3,sp3,Simulation4
Simulation4,214,136,1,sp2,Simulation4
Simulation4,215,720,8,sp3,Simulation4
Simulation4,216,50,6,background,Simulation4
Simulation4,217,709,5,sp4,Simulation4
Simulation4,218,885,5,background,Simulation4
Simulation4,219,785,0,sp4,Simulation4
Simulation4,220,555,7,background,Simulation4
Simulation4,221,765,2,background,Simulation4
Simulation4,222,664,2,background,Simulation4
Simulation4,223,721,3,sp3,Simulation4
Simulation4,224,605,1,sp2,Simulation4
Simulation4,225,421,2,background,Simulation4
Simulation4,226,564,10,sp2,Simulation4
Simulation4,227,318,5,sp2,Simulation4
Simulation4,228,42,4,sp1,Simulation4
Simulation4,229,510,4,sp1,Simulation4
Simulation4,230,658,2,background,Simulation4
Simulation4,231,1226,6,sp3,Simulation4
Simulation4,232,199,1,sp2,Simulation4
Simulation4,233,912,8,background,Simulation4
Simulation4,234,257,4,sp1,Simulation4
Simulation4,235,94,1,sp2,Simulation4
Simulation4,236,1089,8,sp3,Simulation4
Simulation4,237,1091,6,sp3,Simulation4
Simulation4,238,845,11,background,Simulation4
Simulation4,239,819,0,sp4,Simulation4
Simulation4,240,1192,6,sp3,Simulation4
Simulation4,241,655,5,background,Simulation4
Simulation4,242,127,1,sp2,Simulation4
Simulation4,243,517,5,background,Simulation4
Simulation4,244,999,9,sp4,Simulation4
Simulation4,245,735,6,background,Simulation4
Simulation4,246,518,2,background,Simulation4
Simulation4,247,984,11,background,Simulation4
Simulation4,248,258,11,sp1,Simulation4
Simulation4,249,1147,8,background,Simulation4
Simulation4,250,775,11,sp4,Simulation4
Simulation4,251,1138,7,background,Simulation4
Simulation4,252,665,8,background,Simulation4
Simulation4,253,369,7,sp1,Simulation4
Simulation4,254,1036,9,sp4,Simulation4
Simulation4,255,986,2,background,Simulation4
Simulation4,256,829,3,sp3,Simulation4
Simulation4,257,81,4,sp1,Simulation4
Simulation4,258,692,2,background,Simulation4
Simulation4,259,619,4,sp1,Simulation4
Simulation4,260,904,3,sp3,Simulation4
Simulation4,261,761,6,sp3,Simulation4
Simulation4,262,1001,9,sp4,Simulation4
Simulation4,263,647,1,sp2,Simulation4
Simulation4,264,375,7,sp1,Simulation4
Simulation4,265,566,1,sp2,Simulation4
Simulation4,266,1029,2,background,Simulation4
Simulation4,267,1251,9,sp4,Simulation4
Simulation4,268,639,1,sp2,Simulation4
Simulation4,269,23,5,sp2,Simulation4
Simulation4,270,859,9,sp4,Simulation4
Simulation4,271,17,8,background,Simulation4
Simulation4,272,557,2,background,Simulation4
Simulation4,273,1161,3,sp3,Simulation4
Simulation4,274,1067,2,background,Simulation4
Simulation4,275,714,9,sp4,Simulation4
Simulation4,276,334,4,sp1,Simulation4
Simulation4,277,299,4,sp1,Simulation4
Simulation4,278,894,6,background,Simulation4
Simulation4,279,124,8,background,Simulation4
Simulation4,280,313,6,background,Simulation4
Simulation4,281,420,2,background,Simulation4
Simulation4,282,1130,3,sp3,Simulation4
Simulation4,283,30,1,sp2,Simulation4
Simulation4,284,1122,3,sp3,Simulation4
Simulation4,285,1140,9,sp4,Simulation4
Simulation4,286,113,5,background,Simulation4
Simulation4,287,1133,8,sp3,Simulation4
Simulation4,288,114,7,sp1,Simulation4
Simulation4,289,1258,8,background,Simulation4
Simulation4,290,36,5,background,Simulation4
Simulation4,291,3,6,background,Simulation4
Simulation4,292,876,2,background,Simulation4
Simulation4,293,1294,6,background,Simulation4
Simulation4,294,206,1,sp2,Simulation4
Simulation4,295,271,1,sp2,Simulation4
Simulation4,296,1243,2,background,Simulation4
Simulation4,297,247,1,sp2,Simulation4
Simulation4,298,457,10,sp2,Simulation4
Simulation4,299,253,4,sp1,Simulation4
Simulation4,300,201,11,sp2,Simulation4
Simulation4,301,1070,5,sp4,Simulation4
Simulation4,302,297,7,sp1,Simulation4
Simulation4,303,85,2,background,Simulation4
Simulation4,304,311,5,sp2,Simulation4
Simulation4,305,145,6,background,Simulation4
Simulation4,306,690,2,background,Simulation4
Simulation4,307,1281,11,background,Simulation4
Simulation4,308,848,9,sp4,Simulation4
Simulation4,309,502,1,sp2,Simulation4
Simulation4,310,272,1,sp2,Simulation4
Simulation4,311,435,5,background,Simulation4
Simulation4,312,264,4,sp1,Simulation4
Simulation4,313,865,3,sp3,Simulation4
Simulation4,314,1078,6,background,Simulation4
Simulation4,315,330,11,sp1,Simulation4
Simulation4,316,895,5,background,Simulation4
Simulation4,317,671,9,sp4,Simulation4
Simulation4,318,349,5,background,Simulation4
Simulation4,319,137,1,sp2,Simulation4
Simulation4,320,130,1,sp2,Simulation4
Simulation4,321,233,4,sp1,Simulation4
Simulation4,322,993,0,background,Simulation4
Simulation4,323,423,2,background,Simulation4
Simulation4,324,1205,8,sp3,Simulation4
Simulation4,325,191,4,sp1,Simulation4
Simulation4,326,1113,8,background,Simulation4
Simulation4,327,31,1,sp2,Simulation4
Simulation4,328,242,8,background,Simulation4
Simulation4,329,22,1,sp2,Simulation4
Simulation4,330,477,4,sp1,Simulation4
Simulation4,331,831,3,sp3,Simulation4
Simulation4,332,723,3,sp3,Simulation4
Simulation4,333,156,11,background,Simulation4
Simulation4,334,1004,5,background,Simulation4
Simulation4,335,657,2,background,Simulation4
Simulation4,336,777,9,sp4,Simulation4
Simulation4,337,927,9,sp4,Simulation4
Simulation4,338,409,11,sp1,Simulation4
Simulation4,339,333,0,sp1,Simulation4
Simulation4,340,286,10,sp2,Simulation4
Simulation4,341,962,9,sp4,Simulation4
Simulation4,342,686,6,sp3,Simulation4
Simulation4,343,764,8,background,Simulation4
Simulation4,344,579,2,background,Simulation4
Simulation4,345,521,0,background,Simulation4
Simulation4,346,1149,8,background,Simulation4
Simulation4,347,607,1,sp2,Simulation4
Simulation4,348,67,1,sp2,Simulation4
Simulation4,349,1198,8,sp3,Simulation4
Simulation4,350,1266,3,sp3,Simulation4
Simulation4,351,250,5,sp2,Simulation4
Simulation4,352,991,2,background,Simulation4
Simulation4,353,996,11,sp4,Simulation4
Simulation4,354,189,7,sp1,Simulation4
Simulation4,355,836,5,background,Simulation4
Simulation4,356,1052,6,sp3,Simulation4
Simulation4,357,221,11,sp1,Simulation4
Simulation4,358,140,1,sp2,Simulation4
Simulation4,359,890,9,sp4,Simulation4
Simulation4,360,1143,5,sp4,Simulation4
Simulation4,361,1058,2,background,Simulation4
Simulation4,362,753,5,sp4,Simulation4
Simulation4,363,613,2,background,Simulation4
Simulation4,364,584,4,sp1,Simulation4
Simulation4,365,929,0,sp4,Simulation4
Simulation4,366,982,3,sp3,Simulation4
Simulation4,367,344,8,sp2,Simulation4
Simulation4,368,249,11,sp2,Simulation4
Simulation4,369,385,6,background,Simulation4
Simulation4,370,90,1,sp2,Simulation4
Simulation4,371,1288,9,sp4,Simulation4
Simulation4,372,465,8,sp2,Simulation4
Simulation4,373,324,4,sp1,Simulation4
Simulation4,374,660,6,background,Simulation4
Simulation4,375,715,11,sp4,Simulation4
Simulation4,376,1009,0,sp3,Simulation4
Simulation4,377,1211,7,background,Simulation4
Simulation4,378,327,4,sp1,Simulation4
Simulation4,379,778,9,sp4,Simulation4
Simulation4,380,296,4,sp1,Simulation4
Simulation4,381,1230,3,sp3,Simulation4
Simulation4,382,571,8,sp2,Simulation4
Simulation4,383,847,11,sp4,Simulation4
Simulation4,384,531,1,sp2,Simulation4
Simulation4,385,210,1,sp2,Simulation4
Simulation4,386,321,1,sp2,Simulation4
Simulation4,387,981,7,sp3,Simulation4
Simulation4,388,832,3,sp3,Simulation4
Simulation4,389,515,4,sp1,Simulation4
Simulation4,390,789,9,sp4,Simulation4
Simulation4,391,886,2,background,Simulation4
Simulation4,392,1083,3,sp3,Simulation4
Simulation4,393,1193,3,sp3,Simulation4
Simulation4,394,1151,2,background,Simulation4
Simulation4,395,1295,2,background,Simulation4
Simulation4,396,8,0,sp1,Simulation4
Simulation4,397,1056,11,background,Simulation4
Simulation4,398,741,9,sp4,Simulation4
Simulation4,399,545,6,background,Simulation4
Simulation4,400,805,6,background,Simulation4
Simulation4,401,980,5,sp3,Simulation4
Simulation4,402,649,5,sp3,Simulation4
Simulation4,403,282,10,sp2,Simulation4
Simulation4,404,1108,9,sp4,Simulation4
Simulation4,405,1023,2,background,Simulation4
Simulation4,406,1210,2,background,Simulation4
Simulation4,407,752,5,sp4,Simulation4
Simulation4,408,975,5,sp3,Simulation4
Simulation4,409,958,5,background,Simulation4
Simulation4,410,597,1,sp2,Simulation4
Simulation4,411,1202,3,sp3,Simulation4
Simulation4,412,146,2,background,Simulation4
Simulation4,413,449,2,background,Simulation4
Simulation4,414,1038,2,background,Simulation4
Simulation4,415,1132,8,sp3,Simulation4
Simulation4,416,413,7,sp1,Simulation4
Simulation4,417,202,1,sp2,Simulation4
Simulation4,418,275,1,sp2,Simulation4
Simulation4,419,1186,2,background,Simulation4
Simulation4,420,1227,7,sp3,Simulation4
Simulation4,421,635,1,sp2,Simulation4
Simulation4,422,472,2,background,Simulation4
Simulation4,423,1264,8,sp3,Simulation4
Simulation4,424,822,5,sp4,Simulation4
Simulation4,425,1242,2,background,Simulation4
Simulation4,426,445,2,background,Simulation4
Simulation4,427,441,4,sp1,Simulation4
Simulation4,428,892,9,sp4,Simulation4
Simulation4,429,364,4,sp1,Simulation4
Simulation4,430,767,11,background,Simulation4
Simulation4,431,882,0,background,Simulation4
Simulation4,432,1154,8,sp3,Simulation4
Simulation4,433,1109,9,sp4,Simulation4
Simulation4,434,359,10,sp2,Simulation4
Simulation4,435,429,1,sp2,Simulation4
Simulation4,436,1259,11,background,Simulation4
Simulation4,437,833,6,sp3,Simulation4
Simulation4,438,459,1,sp2,Simulation4
Simulation4,439,1272,5,sp3,Simulation4
Simulation4,440,504,2,background,Simulation4
Simulation4,441,1134,2,background,Simulation4
Simulation4,442,171,1,sp2,Simulation4
Simulation4,443,1209,8,background,Simulation4
Simulation4,444,331,4,sp1,Simulation4
Simulation4,445,1171,5,background,Simulation4
Simulation4,446,858,9,sp4,Simulation4
Simulation4,447,782,0,sp4,Simulation4
Simulation4,448,796,8,sp3,Simulation4
Simulation4,449,586,4,sp1,Simulation4
Simulation4,450,654,8,background,Simulation4
Simulation4,451,269,4,sp1,Simulation4
Simulation4,452,947,3,sp3,Simulation4
Simulation4,453,756,3,sp3,Simulation4
Simulation4,454,553,2,background,Simulation4
Simulation4,455,535,1,sp2,Simulation4
Simulation4,456,118,7,sp1,Simulation4
Simulation4,457,621,4,sp1,Simulation4
Simulation4,458,92,10,sp2,Simulation4
Simulation4,459,268,4,sp1,Simulation4
Simulation4,460,9,7,sp1,Simulation4
Simulation4,461,596,7,sp2,Simulation4
Simulation4,462,351,2,background,Simulation4
Simulation4,463,305,0,sp1,Simulation4
Simulation4,464,1170,11,background,Simulation4
Simulation4,465,662,2,background,Simulation4
Simulation4,466,211,1,sp2,Simulation4
Simulation4,467,849,9,sp4,Simulation4
Simulation4,468,1074,2,background,Simulation4
Simulation4,469,1254,6,background,Simulation4
Simulation4,470,953,8,background,Simulation4
Simulation4,471,755,9,sp4,Simulation4
Simulation4,472,525,1,sp2,Simulation4
Simulation4,473,816,9,sp4,Simulation4
Simulation4,474,875,6,sp3,Simulation4
Simulation4,475,558,1,sp2,Simulation4
Simulation4,476,1098,5,background,Simulation4
Simulation4,477,1167,6,sp3,Simulation4
Simulation4,478,897,2,background,Simulation4
Simulation4,479,603,8,sp2,Simulation4
Simulation4,480,167,5,sp2,Simulation4
Simulation4,481,245,2,background,Simulation4
Simulation4,482,1121,8,sp3,Simulation4
Simulation4,483,514,7,sp1,Simulation4
Simulation4,484,1241,3,sp3,Simulation4
Simulation4,485,976,3,sp3,Simulation4
Simulation4,486,928,9,sp4,Simulation4
Simulation4,487,577,5,background,Simulation4
Simulation4,488,116,4,sp1,Simulation4
Simulation4,489,417,8,sp2,Simulation4
Simulation4,490,1084,3,sp3,Simulation4
Simulation4,491,532,10,sp2,Simulation4
Simulation4,492,738,9,sp4,Simulation4
Simulation4,493,1051,3,sp3,Simulation4
Simulation4,494,1114,6,background,Simulation4
Simulation4,495,666,9,sp4,Simulation4
Simulation4,496,484,2,background,Simulation4
Simulation4,497,217,4,sp1,Simulation4
Simulation4,498,227,4,sp1,Simulation4
Simulation4,499,1047,6,sp3,Simulation4
Simulation4,500,995,8,background,Simulation4
Simulation4,501,628,5,background,Simulation4
Simulation4,502,1054,6,sp3,Simulation4
Simulation4,503,680,9,sp4,Simulation4
Simulation4,504,121,2,background,Simulation4
Simulation4,505,485,5,background,Simulation4
Simulation4,506,1235,8,sp3,Simulation4
Simulation4,507,769,2,background,Simulation4
Simulation4,508,1110,2,background,Simulation4
Simulation4,509,225,4,sp1,Simulation4
Simulation4,510,1197,5,sp3,Simulation4
Simulation4,511,642,1,sp2,Simulation4
Simulation4,512,683,9,sp4,Simulation4
Simulation4,513,337,4,sp1,Simulation4
Simulation4,514,622,4,sp1,Simulation4
Simulation4,515,542,8,background,Simulation4
Simulation4,516,903,0,sp3,Simulation4
Simulation4,517,447,2,background,Simulation4
Simulation4,518,508,0,background,Simulation4
Simulation4,519,844,2,background,Simulation4
Simulation4,520,766,7,background,Simulation4
Simulation4,521,669,0,sp4,Simulation4
Simulation4,522,942,3,sp3,Simulation4
Simulation4,523,1002,6,background,Simulation4
Simulation4,524,771,2,background,Simulation4
Simulation4,525,838,2,background,Simulation4
Simulation4,526,1196,3,sp3,Simulation4
Simulation4,527,69,5,sp2,Simulation4
Simulation4,528,123,2,background,Simulation4
Simulation4,529,719,9,sp4,Simulation4
Simulation4,530,934,2,background,Simulation4
Simulation4,531,661,6,background,Simulation4
Simulation4,532,1080,7,sp3,Simulation4
Simulation4,533,783,0,sp4,Simulation4
Simulation4,534,455,1,sp2,Simulation4
Simulation4,535,900,3,sp3,Simulation4
Simulation4,536,182,6,background,Simulation4
Simulation4,537,1097,0,sp3,Simulation4
Simulation4,538,325,4,sp1,Simulation4
Simulation4,539,1101,2,background,Simulation4
Simulation4,540,1076,2,background,Simulation4
Simulation4,541,368,7,sp1,Simulation4
Simulation4,542,115,4,sp1,Simulation4
Simulation4,543,1026,2,background,Simulation4
Simulation4,544,506,2,background,Simulation4
Simulation4,545,254,4,sp1,Simulation4
Simulation4,546,218,7,sp1,Simulation4
Simulation4,547,49,5,background,Simulation4
Simulation4,548,857,9,sp4,Simulation4
Simulation4,549,644,8,sp2,Simulation4
Simulation4,550,1042,5,background,Simulation4
Simulation4,551,1213,0,sp4,Simulation4
Simulation4,552,341,4,sp1,Simulation4
Simulation4,553,208,8,sp2,Simulation4
Simulation4,554,317,2,background,Simulation4
Simulation4,555,132,5,sp2,Simulation4
Simulation4,556,815,9,sp4,Simulation4
Simulation4,557,618,4,sp1,Simulation4
Simulation4,558,599,5,sp2,Simulation4
Simulation4,559,1183,2,background,Simulation4
Simulation4,560,604,1,sp2,Simulation4
Simulation4,561,601,1,sp2,Simulation4
Simulation4,562,461,1,sp2,Simulation4
Simulation4,563,108,11,background,Simulation4
Simulation4,564,1063,6,background,Simulation4
Simulation4,565,125,6,background,Simulation4
Simulation4,566,466,11,sp2,Simulation4
Simulation4,567,1062,2,background,Simulation4
Simulation4,568,581,2,background,Simulation4
Simulation4,569,1018,3,sp3,Simulation4
Simulation4,570,615,8,background,Simulation4
Simulation4,571,470,8,background,Simulation4
Simulation4,572,548,0,sp1,Simulation4
Simulation4,573,152,0,sp1,Simulation4
Simulation4,574,812,5,sp4,Simulation4
Simulation4,575,29,1,sp2,Simulation4
Simulation4,576,526,5,sp2,Simulation4
Simulation4,577,641,1,sp2,Simulation4
Simulation4,578,80,7,sp1,Simulation4
Simulation4,579,1187,5,background,Simulation4
Simulation4,580,663,2,background,Simulation4
Simulation4,581,1229,3,sp3,Simulation4
Simulation4,582,612,2,background,Simulation4
Simulation4,583,1284,5,sp4,Simulation4
Simulation4,584,1261,5,sp3,Simulation4
Simulation4,585,813,9,sp4,Simulation4
Simulation4,586,399,4,sp1,Simulation4
Simulation4,587,86,2,background,Simulation4
Simulation4,588,1267,3,sp3,Simulation4
Simulation4,589,198,11,sp2,Simulation4
Simulation4,590,133,1,sp2,Simulation4
Simulation4,591,754,7,sp4,Simulation4
Simulation4,592,1168,6,sp3,Simulation4
Simulation4,593,988,2,background,Simulation4
Simulation4,594,1228,3,sp3,Simulation4
Simulation4,595,431,1,sp2,Simulation4
Simulation4,596,173,8,sp2,Simulation4
Simulation4,597,33,1,sp2,Simulation4
Simulation4,598,1271,6,sp3,Simulation4
Simulation4,599,57,8,sp2,Simulation4
Simulation4,600,357,11,sp2,Simulation4
Simulation4,601,722,6,sp3,Simulation4
Simulation4,602,41,2,background,Simulation4
Simulation4,603,284,10,sp2,Simulation4
Simulation4,604,204,7,sp2,Simulation4
Simulation4,605,88,6,background,Simulation4
Simulation4,606,792,3,sp3,Simulation4
Simulation4,607,1224,3,sp3,Simulation4
Simulation4,608,290,4,sp1,Simulation4
Simulation4,609,617,5,background,Simulation4
Simulation4,610,1079,6,background,Simulation4
Simulation4,611,474,7,sp1,Simulation4
Simulation4,612,979,8,sp3,Simulation4
Simulation4,613,1246,8,background,Simulation4
Simulation4,614,288,0,sp1,Simulation4
Simulation4,615,1017,3,sp3,Simulation4
Simulation4,616,946,8,sp3,Simulation4
Simulation4,617,164,1,sp2,Simulation4
Simulation4,618,533,1,sp2,Simulation4
Simulation4,619,87,2,background,Simulation4
Simulation4,620,112,8,background,Simulation4
Simulation4,621,967,2,background,Simulation4
Simulation4,622,977,3,sp3,Simulation4
Simulation4,623,230,4,sp1,Simulation4
Simulation4,624,20,1,sp2,Simulation4
Simulation4,625,1253,5,sp4,Simulation4
Simulation4,626,1174,7,background,Simulation4
Simulation4,627,883,2,background,Simulation4
Simulation4,628,75,2,background,Simulation4
Simulation4,629,480,6,background,Simulation4
Simulation4,630,1289,5,sp4,Simulation4
Simulation4,631,1238,3,sp3,Simulation4
Simulation4,632,265,4,sp1,Simulation4
Simulation4,633,786,9,sp4,Simulation4
Simulation4,634,589,2,background,Simulation4
Simulation4,635,71,1,sp2,Simulation4
Simulation4,636,1028,2,background,Simulation4
Simulation4,637,343,1,sp2,Simulation4
Simulation4,638,1032,9,sp4,Simulation4
Simulation4,639,1212,11,sp4,Simulation4
Simulation4,640,1039,5,background,Simulation4
Simulation4,641,100,1,sp2,Simulation4
Simulation4,642,350,2,background,Simulation4
Simulation4,643,471,2,background,Simulation4
Simulation4,644,84,2,background,Simulation4
Simulation4,645,408,11,sp1,Simulation4
Simulation4,646,593,2,background,Simulation4
Simulation4,647,863,9,sp4,Simulation4
Simulation4,648,6,4,sp1,Simulation4
Simulation4,649,1035,5,sp4,Simulation4
Simulation4,650,34,1,sp2,Simulation4
Simulation4,651,1148,2,background,Simulation4
Simulation4,652,1066,2,background,Simulation4
Simulation4,653,18,5,sp2,Simulation4
Simulation4,654,901,3,sp3,Simulation4
Simulation4,655,155,4,sp1,Simulation4
Simulation4,656,279,11,background,Simulation4
Simulation4,657,888,9,sp4,Simulation4
Simulation4,658,1270,8,sp3,Simulation4
Simulation4,659,705,0,sp4,Simulation4
Simulation4,660,727,5,background,Simulation4
Simulation4,661,1268,3,sp3,Simulation4
Simulation4,662,987,2,background,Simulation4
Simulation4,663,338,7,sp1,Simulation4
Simulation4,664,240,5,background,Simulation4
Simulation4,665,200,1,sp2,Simulation4
Simulation4,666,379,1,sp2,Simulation4
Simulation4,667,972,5,sp3,Simulation4
Simulation4,668,1176,9,sp4,Simulation4
Simulation4,669,762,2,background,Simulation4
Simulation4,670,444,2,background,Simulation4
Simulation4,671,799,7,background,Simulation4
Simulation4,672,530,1,sp2,Simulation4
Simulation4,673,520,5,background,Simulation4
Simulation4,674,425,8,background,Simulation4
Simulation4,675,790,0,sp4,Simulation4
Simulation4,676,345,1,sp2,Simulation4
Simulation4,677,582,4,sp1,Simulation4
Simulation4,678,382,10,sp2,Simulation4
Simulation4,679,289,4,sp1,Simulation4
Simulation4,680,609,8,sp2,Simulation4
Simulation4,681,320,1,sp2,Simulation4
Simulation4,682,1128,3,sp3,Simulation4
Simulation4,683,625,2,background,Simulation4
Simulation4,684,187,7,sp1,Simulation4
Simulation4,685,1175,0,background,Simulation4
Simulation4,686,1003,0,background,Simulation4
Simulation4,687,365,4,sp1,Simulation4
Simulation4,688,147,5,background,Simulation4
Simulation4,689,955,7,background,Simulation4
Simulation4,690,860,9,sp4,Simulation4
Simulation4,691,1060,11,background,Simulation4
Simulation4,692,1139,2,background,Simulation4
Simulation4,693,527,11,sp2,Simulation4
Simulation4,694,794,3,sp3,Simulation4
Simulation4,695,1200,11,sp3,Simulation4
Simulation4,696,207,1,sp2,Simulation4
Simulation4,697,549,7,sp1,Simulation4
Simulation4,698,178,1,sp2,Simulation4
Simulation4,699,1215,9,sp4,Simulation4
Simulation4,700,281,8,background,Simulation4
Simulation4,701,228,4,sp1,Simulation4
Simulation4,702,1204,6,sp3,Simulation4
Simulation4,703,787,9,sp4,Simulation4
Simulation4,704,479,0,sp1,Simulation4
Simulation4,705,1236,5,sp3,Simulation4
Simulation4,706,59,5,sp2,Simulation4
Simulation4,707,935,8,background,Simulation4
Simulation4,708,335,0,sp1,Simulation4
Simulation4,709,585,7,sp1,Simulation4
Simulation4,710,355,5,sp2,Simulation4
Simulation4,711,374,4,sp1,Simulation4
Simulation4,712,74,8,background,Simulation4
Simulation4,713,40,8,background,Simulation4
Simulation4,714,1195,3,sp3,Simulation4
Simulation4,715,356,1,sp2,Simulation4
Simulation4,716,810,0,sp4,Simulation4
Simulation4,717,802,5,background,Simulation4
Simulation4,718,39,2,background,Simulation4
Simulation4,719,718,5,sp4,Simulation4
Simulation4,720,363,4,sp1,Simulation4
Simulation4,721,964,5,sp4,Simulation4
Simulation4,722,729,2,background,Simulation4
Simulation4,723,944,6,sp3,Simulation4
Simulation4,724,1237,3,sp3,Simulation4
Simulation4,725,1257,6,background,Simulation4
Simulation4,726,1153,6,sp3,Simulation4
Simulation4,727,316,2,background,Simulation4
Simulation4,728,241,7,background,Simulation4
Simulation4,729,823,9,sp4,Simulation4
Simulation4,730,650,3,sp3,Simulation4
Simulation4,731,476,4,sp1,Simulation4
Simulation4,732,507,6,background,Simulation4
Simulation4,733,1221,11,background,Simulation4
Simulation4,734,749,9,sp4,Simulation4
Simulation4,735,1223,2,background,Simulation4
Simulation4,736,945,6,sp3,Simulation4
Simulation4,737,154,7,sp1,Simulation4
Simulation4,738,716,9,sp4,Simulation4
Simulation4,739,495,1,sp2,Simulation4
Simulation4,740,862,5,sp4,Simulation4
Simulation4,741,932,2,background,Simulation4
Simulation4,742,656,2,background,Simulation4
Simulation4,743,205,1,sp2,Simulation4
Simulation4,744,516,11,background,Simulation4
Simulation4,745,1292,6,background,Simulation4
Simulation4,746,923,2,background,Simulation4
Simulation4,747,1278,5,background,Simulation4
Simulation4,748,54,1,sp2,Simulation4
Simulation4,749,1102,2,background,Simulation4
Simulation4,750,0,8,background,Simulation4
Simulation4,751,1188,3,sp3,Simulation4
Simulation4,752,688,3,sp3,Simulation4
Simulation4,753,569,5,sp2,Simulation4
Simulation4,754,209,10,sp2,Simulation4
Simulation4,755,1276,6,sp3,Simulation4
Simulation4,756,703,0,sp4,Simulation4
Simulation4,757,1099,6,background,Simulation4
Simulation4,758,629,8,background,Simulation4
Simulation4,759,983,3,sp3,Simulation4
Simulation4,760,630,8,sp2,Simulation4
Simulation4,761,726,2,background,Simulation4
Simulation4,762,907,6,sp3,Simulation4
Simulation4,763,415,8,sp2,Simulation4
Simulation4,764,1263,11,sp3,Simulation4
Simulation4,765,513,4,sp1,Simulation4
Simulation4,766,1019,3,sp3,Simulation4
Simulation4,767,632,1,sp2,Simulation4
Simulation4,768,179,10,sp2,Simulation4
Simulation4,769,1048,3,sp3,Simulation4
Simulation4,770,1064,2,background,Simulation4
Simulation4,771,405,4,sp1,Simulation4
Simulation4,772,697,2,background,Simulation4
Simulation4,773,424,8,background,Simulation4
Simulation4,774,1124,8,sp3,Simulation4
Simulation4,775,107,1,sp2,Simulation4
Simulation4,776,978,3,sp3,Simulation4
Simulation4,777,214,1,sp2,Simulation4
Simulation4,778,591,2,background,Simulation4
Simulation4,779,505,6,background,Simulation4
Simulation4,780,456,1,sp2,Simulation4
Simulation4,781,216,4,sp1,Simulation4
Simulation4,782,1231,6,sp3,Simulation4
Simulation4,783,184,5,background,Simulation4
Simulation4,784,446,5,background,Simulation4
Simulation4,785,1024,2,background,Simulation4
Simulation4,786,110,2,background,Simulation4
Simulation4,787,386,0,background,Simulation4
Simulation4,788,11,4,sp1,Simulation4
Simulation4,789,936,6,sp3,Simulation4
Simulation4,790,149,2,background,Simulation4
Simulation4,791,968,6,background,Simulation4
Simulation4,792,161,2,background,Simulation4
Simulation4,793,432,2,background,Simulation4
Simulation4,794,1249,0,sp4,Simulation4
Simulation4,795,930,5,background,Simulation4
Simulation4,796,301,4,sp1,Simulation4
Simulation4,797,1287,9,sp4,Simulation4
Simulation4,798,587,4,sp1,Simulation4
Simulation4,799,231,4,sp1,Simulation4
Simulation4,800,326,4,sp1,Simulation4
Simulation4,801,1069,9,sp4,Simulation4
Simulation4,802,712,0,sp4,Simulation4
Simulation4,803,358,1,sp2,Simulation4
Simulation4,804,342,5,sp2,Simulation4
Simulation4,805,594,1,sp2,Simulation4
Simulation4,806,920,6,background,Simulation4
Simulation4,807,1111,8,background,Simulation4
Simulation4,808,328,4,sp1,Simulation4
Simulation4,809,203,5,sp2,Simulation4
Simulation4,810,1181,0,sp4,Simulation4
Simulation4,811,251,1,sp2,Simulation4
Simulation4,812,419,5,sp2,Simulation4
Simulation4,813,737,8,background,Simulation4
Simulation4,814,163,7,sp2,Simulation4
Simulation4,815,648,3,sp3,Simulation4
Simulation4,816,235,5,sp2,Simulation4
Simulation4,817,1160,3,sp3,Simulation4
Simulation4,818,158,6,background,Simulation4
Simulation4,819,38,2,background,Simulation4
Simulation4,820,1277,3,sp3,Simulation4
Simulation4,821,7,4,sp1,Simulation4
Simulation4,822,4,5,background,Simulation4
Simulation4,823,1162,8,sp3,Simulation4
Simulation4,824,183,2,background,Simulation4
Simulation4,825,256,4,sp1,Simulation4
Simulation4,826,583,4,sp1,Simulation4
Simulation4,827,76,6,background,Simulation4
Simulation4,828,1061,2,background,Simulation4
Simulation4,829,367,4,sp1,Simulation4
Simulation4,830,175,10,sp2,Simulation4
Simulation4,831,60,1,sp2,Simulation4
Simulation4,832,1007,2,background,Simulation4
Simulation4,833,1129,8,sp3,Simulation4
Simulation4,834,1283,2,background,Simulation4
Simulation4,835,1071,5,sp4,Simulation4
Simulation4,836,868,5,sp3,Simulation4
Simulation4,837,1012,3,sp3,Simulation4
Simulation4,838,851,0,sp4,Simulation4
Simulation4,839,188,4,sp1,Simulation4
Simulation4,840,312,6,background,Simulation4
Simulation4,841,511,7,sp1,Simulation4
Simulation4,842,910,3,sp3,Simulation4
Simulation4,843,150,7,sp1,Simulation4
Simulation4,844,620,4,sp1,Simulation4
Simulation4,845,1059,2,background,Simulation4
Simulation4,846,487,8,sp2,Simulation4
Simulation4,847,846,9,sp4,Simulation4
Simulation4,848,192,2,background,Simulation4
Simulation4,849,572,1,sp2,Simulation4
Simulation4,850,52,2,background,Simulation4
Simulation4,851,143,11,sp2,Simulation4
Simulation4,852,1055,3,sp3,Simulation4
Simulation4,853,89,6,background,Simulation4
Simulation4,854,706,0,sp4,Simulation4
Simulation4,855,748,11,sp4,Simulation4
Simulation4,856,576,2,background,Simulation4
Simulation4,857,565,1,sp2,Simulation4
Simulation4,858,252,4,sp1,Simulation4
Simulation4,859,1214,7,sp4,Simulation4
Simulation4,860,595,8,sp2,Simulation4
Simulation4,861,580,5,background,Simulation4
Simulation4,862,867,3,sp3,Simulation4
Simulation4,863,294,4,sp1,Simulation4
Simulation4,864,739,5,sp4,Simulation4
Simulation4,865,575,1,sp2,Simulation4
Simulation4,866,129,5,sp2,Simulation4
Simulation4,867,541,11,background,Simulation4
Simulation4,868,162,1,sp2,Simulation4
Simulation4,869,733,2,background,Simulation4
Simulation4,870,839,2,background,Simulation4
Simulation4,871,1136,5,background,Simulation4
Simulation4,872,174,5,sp2,Simulation4
Simulation4,873,1092,3,sp3,Simulation4
Simulation4,874,1118,8,sp3,Simulation4
Simulation4,875,598,10,sp2,Simulation4
Simulation4,876,1247,2,background,Simulation4
Simulation4,877,758,3,sp3,Simulation4
Simulation4,878,383,1,sp2,Simulation4
Simulation4,879,1173,7,background,Simulation4
Simulation4,880,711,9,sp4,Simulation4
Simulation4,881,177,0,sp2,Simulation4
Simulation4,882,781,7,sp4,Simulation4
Simulation4,883,428,10,sp2,Simulation4
Simulation4,884,1144,9,sp4,Simulation4
Simulation4,885,1137,6,background,Simulation4
Simulation4,886,784,5,sp4,Simulation4
Simulation4,887,1279,2,background,Simulation4
Simulation4,888,551,7,sp1,Simulation4
Simulation4,889,1090,11,sp3,Simulation4
Simulation4,890,873,5,sp3,Simulation4
Simulation4,891,773,2,background,Simulation4
Simulation4,892,887,7,background,Simulation4
Simulation4,893,239,1,sp2,Simulation4
Simulation4,894,803,6,background,Simulation4
Simulation4,895,1234,3,sp3,Simulation4
Simulation4,896,1027,6,background,Simulation4
Simulation4,897,780,9,sp4,Simulation4
Simulation4,898,951,2,background,Simulation4
Simulation4,899,391,8,sp2,Simulation4
Simulation4,900,850,9,sp4,Simulation4
Simulation4,901,354,1,sp2,Simulation4
Simulation4,902,834,8,background,Simulation4
Simulation4,903,278,5,background,Simulation4
Simulation4,904,1107,5,sp4,Simulation4
Simulation4,905,693,2,background,Simulation4
Simulation4,906,906,5,sp3,Simulation4
Simulation4,907,62,1,sp2,Simulation4
Simulation4,908,554,2,background,Simulation4
Simulation4,909,1290,2,background,Simulation4
Simulation4,910,990,5,background,Simulation4
Simulation4,911,779,9,sp4,Simulation4
Simulation4,912,636,1,sp2,Simulation4
Simulation4,913,103,1,sp2,Simulation4
Simulation4,914,397,4,sp1,Simulation4
Simulation4,915,1218,2,background,Simulation4
Simulation4,916,760,0,sp3,Simulation4
Simulation4,917,453,8,sp2,Simulation4
Simulation4,918,788,5,sp4,Simulation4
Simulation4,919,924,9,sp4,Simulation4
Simulation4,920,791,5,sp4,Simulation4
Simulation4,921,1103,7,background,Simulation4
Simulation4,922,1225,3,sp3,Simulation4
Simulation4,923,373,4,sp1,Simulation4
Simulation4,924,139,1,sp2,Simulation4
Simulation4,925,295,4,sp1,Simulation4
Simulation4,926,1025,6,background,Simulation4
Simulation4,927,381,1,sp2,Simulation4
Simulation4,928,640,1,sp2,Simulation4
Simulation4,929,467,7,sp2,Simulation4
Simulation4,930,292,7,sp1,Simulation4
Simulation4,931,501,11,sp2,Simulation4
Simulation4,932,713,9,sp4,Simulation4
Simulation4,933,770,0,background,Simulation4
Simulation4,934,10,7,sp1,Simulation4
Simulation4,935,724,5,sp3,Simulation4
Simulation4,936,730,2,background,Simulation4
Simulation4,937,109,2,background,Simulation4
Simulation4,938,1093,8,sp3,Simulation4
Simulation4,939,1030,5,background,Simulation4
Simulation4,940,47,8,sp1,Simulation4
Simulation4,941,538,11,sp2,Simulation4
Simulation4,942,879,5,background,Simulation4
Simulation4,943,1034,9,sp4,Simulation4
Simulation4,944,970,6,background,Simulation4
Simulation4,945,236,10,sp2,Simulation4
Simulation4,946,941,11,sp3,Simulation4
Simulation4,947,304,7,sp1,Simulation4
Simulation4,948,499,1,sp2,Simulation4
Simulation4,949,679,0,sp4,Simulation4
Simulation4,950,528,8,sp2,Simulation4
Simulation4,951,168,10,sp2,Simulation4
Simulation4,952,1049,5,sp3,Simulation4
Simulation4,953,141,8,sp2,Simulation4
Simulation4,954,406,7,sp1,Simulation4
Simulation4,955,989,2,background,Simulation4
Simulation4,956,291,4,sp1,Simulation4
Simulation4,957,610,10,sp2,Simulation4
Simulation4,958,700,2,background,Simulation4
Simulation4,959,219,4,sp1,Simulation4
Simulation4,960,745,11,sp4,Simulation4
Simulation4,961,1016,5,sp3,Simulation4
Simulation4,962,377,4,sp1,Simulation4
Simulation4,963,276,0,background,Simulation4
Simulation4,964,448,11,background,Simulation4
Simulation4,965,744,9,sp4,Simulation4
Simulation4,966,763,0,background,Simulation4
Simulation4,967,814,9,sp4,Simulation4
Simulation4,968,676,0,sp4,Simulation4
Simulation4,969,704,0,sp4,Simulation4
Simulation4,970,430,1,sp2,Simulation4
Simulation4,971,190,7,sp1,Simulation4
Simulation4,972,751,5,sp4,Simulation4
Simulation4,973,1135,8,background,Simulation4
Simulation4,974,106,1,sp2,Simulation4
Simulation4,975,855,11,sp4,Simulation4
Simulation4,976,1172,2,background,Simulation4
Simulation4,977,1180,9,sp4,Simulation4
Simulation4,978,1265,8,sp3,Simulation4
Simulation4,979,389,8,background,Simulation4
Simulation4,980,2,11,background,Simulation4
Simulation4,981,237,1,sp2,Simulation4
Simulation4,982,58,8,sp2,Simulation4
Simulation4,983,362,4,sp1,Simulation4
Simulation4,984,1244,8,background,Simulation4
Simulation4,985,1082,6,sp3,Simulation4
Simulation4,986,969,2,background,Simulation4
Simulation4,987,872,8,sp3,Simulation4
Simulation4,988,45,11,sp1,Simulation4
Simulation4,989,874,3,sp3,Simulation4
Simulation4,990,493,10,sp2,Simulation4
Simulation4,991,380,7,sp2,Simulation4
Simulation4,992,21,10,sp2,Simulation4
Simulation4,993,677,0,sp4,Simulation4
Simulation4,994,180,2,background,Simulation4
Simulation4,995,93,8,sp2,Simulation4
Simulation4,996,1037,9,sp4,Simulation4
Simulation4,997,687,8,sp3,Simulation4
Simulation4,998,1075,6,background,Simulation4
Simulation4,999,56,1,sp2,Simulation4
Simulation4,1000,1184,2,background,Simulation4
Simulation4,1001,270,1,sp2,Simulation4
Simulation4,1002,1291,6,background,Simulation4
Simulation4,1003,1010,3,sp3,Simulation4
Simulation4,1004,1255,2,background,Simulation4
Simulation4,1005,960,11,sp4,Simulation4
Simulation4,1006,922,2,background,Simulation4
Simulation4,1007,811,0,sp4,Simulation4
Simulation4,1008,793,3,sp3,Simulation4
Simulation4,1009,378,1,sp2,Simulation4
Simulation4,1010,631,5,sp2,Simulation4
Simulation4,1011,698,8,background,Simulation4
Simulation4,1012,971,2,background,Simulation4
Simulation4,1013,659,8,background,Simulation4
Simulation4,1014,740,9,sp4,Simulation4
Simulation4,1015,678,7,sp4,Simulation4
Simulation4,1016,841,8,background,Simulation4
Simulation4,1017,606,1,sp2,Simulation4
Simulation4,1018,260,4,sp1,Simulation4
Simulation4,1019,131,5,sp2,Simulation4
Simulation4,1020,384,2,background,Simulation4
Simulation4,1021,913,0,background,Simulation4
Simulation4,1022,774,0,sp4,Simulation4
Simulation4,1023,1115,2,background,Simulation4
Simulation4,1024,540,6,background,Simulation4
Simulation4,1025,1203,3,sp3,Simulation4
Simulation4,1026,458,10,sp2,Simulation4
Simulation4,1027,78,4,sp1,Simulation4
Simulation4,1028,674,5,sp4,Simulation4
Simulation4,1029,390,1,sp2,Simulation4
Simulation4,1030,55,8,sp2,Simulation4
Simulation4,1031,560,1,sp2,Simulation4
Simulation4,1032,396,4,sp1,Simulation4
Simulation4,1033,997,9,sp4,Simulation4
Simulation4,1034,899,2,background,Simulation4
Simulation4,1035,1014,5,sp3,Simulation4
Simulation4,1036,336,4,sp1,Simulation4
Simulation4,1037,309,1,sp2,Simulation4
Simulation4,1038,835,5,background,Simulation4
Simulation4,1039,410,4,sp1,Simulation4
Simulation4,1040,498,1,sp2,Simulation4
Simulation4,1041,1164,3,sp3,Simulation4
Simulation4,1042,494,1,sp2,Simulation4
Simulation4,1043,797,3,sp3,Simulation4
Simulation4,1044,624,2,background,Simulation4
Simulation4,1045,491,1,sp2,Simulation4
Simulation4,1046,66,8,sp2,Simulation4
Simulation4,1047,1072,9,sp4,Simulation4
Simulation4,1048,310,5,sp2,Simulation4
Simulation4,1049,1256,2,background,Simulation4
Simulation4,1050,795,8,sp3,Simulation4
Simulation4,1051,339,4,sp1,Simulation4
Simulation4,1052,481,2,background,Simulation4
Simulation4,1053,1077,2,background,Simulation4
Simulation4,1054,1125,3,sp3,Simulation4
Simulation4,1055,197,6,background,Simulation4
Simulation4,1056,1106,7,sp4,Simulation4
Simulation4,1057,1159,3,sp3,Simulation4
Simulation4,1058,238,1,sp2,Simulation4
Simulation4,1059,1199,3,sp3,Simulation4
Simulation4,1060,274,1,sp2,Simulation4
Simulation4,1061,1156,3,sp3,Simulation4
Simulation4,1062,563,1,sp2,Simulation4
Simulation4,1063,186,4,sp1,Simulation4
Simulation4,1064,918,2,background,Simulation4
Simulation4,1065,83,4,sp1,Simulation4
Simulation4,1066,1260,5,sp3,Simulation4
Simulation4,1067,224,4,sp1,Simulation4
Simulation4,1068,263,4,sp1,Simulation4
Simulation4,1069,985,2,background,Simulation4
Simulation4,1070,262,4,sp1,Simulation4
Simulation4,1071,1041,11,background,Simulation4
Simulation4,1072,681,9,sp4,Simulation4
Simulation4,1073,25,11,sp2,Simulation4
Simulation4,1074,215,1,sp2,Simulation4
Simulation4,1075,464,5,sp2,Simulation4
Simulation4,1076,1046,3,sp3,Simulation4
Simulation4,1077,1152,6,sp3,Simulation4
Simulation4,1078,387,2,background,Simulation4
Simulation4,1079,77,5,background,Simulation4
Simulation4,1080,280,8,background,Simulation4
Simulation4,1081,919,5,background,Simulation4
Simulation4,1082,1085,3,sp3,Simulation4
Simulation4,1083,352,6,background,Simulation4
Simulation4,1084,323,5,sp2,Simulation4
Simulation4,1085,393,10,sp2,Simulation4
Simulation4,1086,475,7,sp1,Simulation4
Simulation4,1087,196,2,background,Simulation4
Simulation4,1088,1088,3,sp3,Simulation4
Simulation4,1089,1248,7,sp4,Simulation4
Simulation4,1090,731,2,background,Simulation4
Simulation4,1091,1169,8,sp3,Simulation4
Simulation4,1092,1250,5,sp4,Simulation4
Simulation4,1093,543,2,background,Simulation4
Simulation4,1094,222,4,sp1,Simulation4
Simulation4,1095,854,9,sp4,Simulation4
Simulation4,1096,961,9,sp4,Simulation4
Simulation4,1097,300,7,sp1,Simulation4
Simulation4,1098,148,5,background,Simulation4
Simulation4,1099,1065,6,background,Simulation4
Simulation4,1100,694,7,background,Simulation4
Simulation4,1101,921,5,background,Simulation4
Simulation4,1102,176,1,sp2,Simulation4
Simulation4,1103,1145,0,sp4,Simulation4
Simulation4,1104,544,2,background,Simulation4
Simulation4,1105,72,11,background,Simulation4
Simulation4,1106,126,1,sp2,Simulation4
Simulation4,1107,998,0,sp4,Simulation4
Simulation4,1108,293,7,sp1,Simulation4
Simulation4,1109,561,10,sp2,Simulation4
Simulation4,1110,925,5,sp4,Simulation4
Simulation4,1111,843,2,background,Simulation4
Simulation4,1112,27,1,sp2,Simulation4
Simulation4,1113,119,4,sp1,Simulation4
Simulation4,1114,952,2,background,Simulation4
Simulation4,1115,68,11,sp2,Simulation4
Simulation4,1116,1185,5,background,Simulation4
Simulation4,1117,550,7,sp1,Simulation4
Simulation4,1118,105,10,sp2,Simulation4
Simulation4,1119,1208,2,background,Simulation4
Simulation4,1120,898,2,background,Simulation4
Simulation4,1121,1146,11,background,Simulation4
Simulation4,1122,101,1,sp2,Simulation4
Simulation4,1123,503,7,sp2,Simulation4
Simulation4,1124,82,4,sp1,Simulation4
Simulation4,1125,608,1,sp2,Simulation4
Simulation4,1126,931,8,background,Simulation4
Simulation4,1127,416,10,sp2,Simulation4
Simulation4,1128,891,5,sp4,Simulation4
Simulation4,1129,492,1,sp2,Simulation4
Simulation4,1130,523,5,sp2,Simulation4
Simulation4,1131,616,8,background,Simulation4
Simulation4,1132,614,2,background,Simulation4
Simulation4,1133,651,8,sp3,Simulation4
Simulation4,1134,1117,6,sp3,Simulation4
Simulation4,1135,938,3,sp3,Simulation4
Simulation4,1136,261,4,sp1,Simulation4
Simulation4,1137,427,1,sp2,Simulation4
Simulation4,1138,1126,3,sp3,Simulation4
Simulation4,1139,1050,11,sp3,Simulation4
Simulation4,1140,1157,6,sp3,Simulation4
Simulation4,1141,414,1,sp2,Simulation4
Simulation4,1142,916,2,background,Simulation4
Simulation4,1143,48,2,background,Simulation4
Simulation4,1144,757,8,sp3,Simulation4
Simulation4,1145,248,5,sp2,Simulation4
Simulation4,1146,701,7,background,Simulation4
Simulation4,1147,298,4,sp1,Simulation4
Simulation4,1148,246,1,sp2,Simulation4
Simulation4,1149,303,7,sp1,Simulation4
Simulation4,1150,442,4,sp1,Simulation4
Simulation4,1151,1219,0,background,Simulation4
Simulation4,1152,1057,2,background,Simulation4
Simulation4,1153,451,1,sp2,Simulation4
Simulation4,1154,111,6,background,Simulation4
Simulation4,1155,820,11,sp4,Simulation4
Simulation4,1156,825,0,sp4,Simulation4
Simulation4,1157,746,9,sp4,Simulation4
Simulation4,1158,1245,2,background,Simulation4
Simulation4,1159,1285,5,sp4,Simulation4
Simulation4,1160,273,10,sp2,Simulation4
Simulation4,1161,37,2,background,Simulation4
Simulation4,1162,684,11,sp3,Simulation4
Simulation4,1163,645,8,sp2,Simulation4
Simulation4,1164,1096,8,sp3,Simulation4
Simulation4,1165,1131,8,sp3,Simulation4
Simulation4,1166,400,4,sp1,Simulation4
Simulation4,1167,965,9,sp4,Simulation4
Simulation4,1168,559,1,sp2,Simulation4
Simulation4,1169,488,8,sp2,Simulation4
Simulation4,1170,689,8,sp3,Simulation4
Simulation4,1171,91,1,sp2,Simulation4
Simulation4,1172,1166,5,sp3,Simulation4
Simulation4,1173,939,6,sp3,Simulation4
Simulation4,1174,809,2,background,Simulation4
Simulation4,1175,28,8,sp2,Simulation4
Simulation4,1176,24,1,sp2,Simulation4
Simulation4,1177,360,7,sp1,Simulation4
Simulation4,1178,574,1,sp2,Simulation4
Simulation4,1179,195,6,background,Simulation4
Simulation4,1180,500,8,sp2,Simulation4
Simulation4,1181,653,8,sp3,Simulation4
Simulation4,1182,1073,11,sp4,Simulation4
Simulation4,1183,229,11,sp1,Simulation4
Simulation4,1184,870,7,sp3,Simulation4
Simulation4,1185,418,1,sp2,Simulation4
Simulation4,1186,954,6,background,Simulation4
Simulation4,1187,512,4,sp1,Simulation4
Simulation4,1188,315,2,background,Simulation4
Simulation4,1189,573,1,sp2,Simulation4
Simulation4,1190,185,2,background,Simulation4
Simulation4,1191,670,9,sp4,Simulation4
Simulation4,1192,570,1,sp2,Simulation4
Simulation4,1193,394,1,sp2,Simulation4
Simulation4,1194,117,4,sp1,Simulation4
Simulation4,1195,948,2,background,Simulation4
Simulation4,1196,717,9,sp4,Simulation4
Simulation4,1197,1127,8,sp3,Simulation4
Simulation4,1198,1123,3,sp3,Simulation4
Simulation4,1199,122,6,background,Simulation4
Simulation4,1200,138,5,sp2,Simulation4
Simulation4,1201,768,2,background,Simulation4
Simulation4,1202,691,2,background,Simulation4
Simulation4,1203,638,1,sp2,Simulation4
Simulation4,1204,307,1,sp2,Simulation4
Simulation4,1205,166,10,sp2,Simulation4
Simulation4,1206,285,1,sp2,Simulation4
Simulation4,1207,914,6,background,Simulation4
Simulation4,1208,1120,3,sp3,Simulation4
Simulation4,1209,411,4,sp1,Simulation4
Simulation4,1210,366,4,sp1,Simulation4
Simulation4,1211,287,1,sp2,Simulation4
Simulation4,1212,943,3,sp3,Simulation4
Simulation4,1213,243,6,background,Simulation4
Simulation4,1214,905,3,sp3,Simulation4
Simulation4,1215,1094,6,sp3,Simulation4
Simulation4,1216,708,0,sp4,Simulation4
Simulation4,1217,1178,9,sp4,Simulation4
Simulation4,1218,65,5,sp2,Simulation4
Simulation4,1219,135,1,sp2,Simulation4
Simulation4,1220,172,10,sp2,Simulation4
Simulation4,1221,12,6,background,Simulation4
Simulation4,1222,1086,3,sp3,Simulation4
Simulation4,1223,371,4,sp1,Simulation4
Simulation4,1224,637,1,sp2,Simulation4
Simulation4,1225,1045,3,sp3,Simulation4
Simulation4,1226,1020,6,background,Simulation4
Simulation4,1227,340,4,sp1,Simulation4
Simulation4,1228,973,5,sp3,Simulation4
Simulation4,1229,1165,3,sp3,Simulation4
Simulation4,1230,742,5,sp4,Simulation4
Simulation4,1231,1252,9,sp4,Simulation4
Simulation4,1232,308,10,sp2,Simulation4
Simulation4,1233,134,7,sp2,Simulation4
Simulation4,1234,568,0,sp2,Simulation4
Simulation4,1235,370,7,sp1,Simulation4
Simulation4,1236,884,2,background,Simulation4
Simulation4,1237,70,8,sp2,Simulation4
Simulation4,1238,314,11,background,Simulation4
Simulation4,1239,1155,5,sp3,Simulation4
Simulation4,1240,536,1,sp2,Simulation4
Simulation4,1241,19,10,sp2,Simulation4
Simulation4,1242,736,2,background,Simulation4
Simulation4,1243,759,3,sp3,Simulation4
Simulation4,1244,44,4,sp1,Simulation4
Simulation4,1245,707,9,sp4,Simulation4
Simulation4,1246,193,2,background,Simulation4
Simulation4,1247,1095,6,sp3,Simulation4
Simulation4,1248,443,4,sp1,Simulation4
Simulation4,1249,950,2,background,Simulation4
Simulation4,1250,13,2,background,Simulation4
Simulation4,1251,856,9,sp4,Simulation4
Simulation4,1252,828,0,sp3,Simulation4
Simulation4,1253,157,8,background,Simulation4
Simulation4,1254,866,11,sp3,Simulation4
Simulation4,1255,469,2,background,Simulation4
Simulation4,1256,776,5,sp4,Simulation4
Simulation4,1257,808,5,background,Simulation4
Simulation4,1258,547,4,sp1,Simulation4
Simulation4,1259,672,9,sp4,Simulation4
Simulation4,1260,226,7,sp1,Simulation4
Simulation4,1261,433,8,background,Simulation4
Simulation4,1262,623,4,sp1,Simulation4
Simulation4,1263,957,2,background,Simulation4
Simulation4,1264,880,2,background,Simulation4
Simulation4,1265,128,1,sp2,Simulation4
Simulation4,1266,426,5,sp2,Simulation4
Simulation4,1267,864,5,sp3,Simulation4
Simulation4,1268,827,9,sp4,Simulation4
Simulation4,1269,489,1,sp2,Simulation4
Simulation4,1270,667,9,sp4,Simulation4
Simulation4,1271,966,6,background,Simulation4
Simulation4,1272,392,1,sp2,Simulation4
Simulation4,1273,750,0,sp4,Simulation4
Simulation4,1274,1100,2,background,Simulation4
Simulation4,1275,911,3,sp3,Simulation4
Simulation4,1276,181,8,background,Simulation4
Simulation4,1277,329,4,sp1,Simulation4
Simulation4,1278,395,10,sp2,Simulation4
Simulation4,1279,522,5,sp2,Simulation4
Simulation4,1280,144,2,background,Simulation4
Simulation4,1281,896,2,background,Simulation4
Simulation4,1282,673,5,sp4,Simulation4
Simulation4,1283,434,2,background,Simulation4
Simulation4,1284,994,2,background,Simulation4
Simulation4,1285,590,2,background,Simulation4
Simulation4,1286,454,1,sp2,Simulation4
Simulation4,1287,1232,3,sp3,Simulation4
Simulation4,1288,439,4,sp1,Simulation4
Simulation4,1289,1031,2,background,Simulation4
Simulation4,1290,99,1,sp2,Simulation4
Simulation4,1291,956,5,background,Simulation4
Simulation4,1292,734,2,background,Simulation4
Simulation4,1293,1104,9,sp4,Simulation4
Simulation4,1294,398,4,sp1,Simulation4
Simulation4,1295,1190,5,sp3,Simulation4
