mode,scope,k,n_obs,embedding_dim,cluster_asw_raw,cluster_asw_scaled_raw,calinski_harabasz_raw,davies_bouldin_raw,section_ari_raw,section_nmi_raw,section_asw_raw,metric_space_raw,labels_path_raw,cluster_asw_standardized,cluster_asw_scaled_standardized,calinski_harabasz_standardized,davies_bouldin_standardized,section_ari_standardized,section_nmi_standardized,section_asw_standardized,metric_space_standardized,labels_path_standardized,cluster_asw_delta_standardized_minus_raw,cluster_asw_scaled_delta_standardized_minus_raw,calinski_harabasz_delta_standardized_minus_raw,davies_bouldin_delta_standardized_minus_raw,section_ari_delta_standardized_minus_raw,section_nmi_delta_standardized_minus_raw,section_asw_delta_standardized_minus_raw
joint,combined,2,6843,128,0.1077720820903778,0.5538860410451889,851.0604884267905,2.7888572674291203,6.11117670459607e-05,0.0001970416657785,0.0010854538995772,raw_embedding,/home/hujinlan/spa_mo_model/results/human_lymph_node_preprocessing_comparison/raw_embedding/clustering/joint_k2/labels_all.csv,0.0998118966817855,0.5499059483408928,772.3734651734553,2.922944071479741,7.808218462561322e-05,0.0002149963238639,0.0010932211298495,standardized_embedding,/home/hujinlan/spa_mo_model/results/human_lymph_node_preprocessing_comparison/standardized_embedding/clustering/joint_k2/labels_all.csv,-0.007960185408592294,-0.003980092704296112,-78.68702325333516,0.13408680405062068,1.697041757965252e-05,1.7954658085400014e-05,7.76723027230003e-06
joint,combined,3,6843,128,0.121158555150032,0.560579277575016,753.4292743547843,2.4352810888812253,0.0002333782855552,0.0004396989447933,0.0010854538995772,raw_embedding,/home/hujinlan/spa_mo_model/results/human_lymph_node_preprocessing_comparison/raw_embedding/clustering/joint_k3/labels_all.csv,0.1132278218865394,0.5566139109432697,698.0440416501895,2.540715435026648,0.0002451644246019,0.0004544624028322,0.0010932211298495,standardized_embedding,/home/hujinlan/spa_mo_model/results/human_lymph_node_preprocessing_comparison/standardized_embedding/clustering/joint_k3/labels_all.csv,-0.007930733263492598,-0.003965366631746292,-55.38523270459484,0.1054343461454228,1.1786139046700002e-05,1.4763458038899988e-05,7.76723027230003e-06
joint,combined,4,6843,128,0.0965014547109603,0.5482507273554802,639.055069857514,2.716843479775457,7.866204816779251e-05,0.0005328422499348,0.0010854538995772,raw_embedding,/home/hujinlan/spa_mo_model/results/human_lymph_node_preprocessing_comparison/raw_embedding/clustering/joint_k4/labels_all.csv,0.0922685861587524,0.5461342930793762,594.7265345511695,2.811937131221076,0.00015009197794,0.0006025128780971,0.0010932211298495,standardized_embedding,/home/hujinlan/spa_mo_model/results/human_lymph_node_preprocessing_comparison/standardized_embedding/clustering/joint_k4/labels_all.csv,-0.004232868552207905,-0.0021164342761039734,-44.32853530634452,0.0950936514456191,7.14299297722075e-05,6.967062816229993e-05,7.76723027230003e-06
joint,combined,5,6843,128,0.1015293821692466,0.5507646910846233,564.4859132794235,2.480300042377268,-4.8064353574530507e-05,0.0004805663487747,0.0010854538995772,raw_embedding,/home/hujinlan/spa_mo_model/results/human_lymph_node_preprocessing_comparison/raw_embedding/clustering/joint_k5/labels_all.csv,0.0977829173207283,0.5488914586603642,527.4998057314723,2.542943747196258,-2.264145553195981e-05,0.0006647542540188,0.0010932211298495,standardized_embedding,/home/hujinlan/spa_mo_model/results/human_lymph_node_preprocessing_comparison/standardized_embedding/clustering/joint_k5/labels_all.csv,-0.003746464848518302,-0.0018732324242591858,-36.98610754795118,0.06264370481898984,2.5422898042570698e-05,0.00018418790524409994,7.76723027230003e-06
joint,combined,6,6843,128,0.0844710767269134,0.5422355383634567,518.3064399511233,2.570215852959409,0.0001238413408621,0.0006044686762049,0.0010854538995772,raw_embedding,/home/hujinlan/spa_mo_model/results/human_lymph_node_preprocessing_comparison/raw_embedding/clustering/joint_k6/labels_all.csv,0.0810044780373573,0.5405022390186787,483.5090960783195,2.6308717221059044,0.0001713065625228,0.0006980261033584,0.0010932211298495,standardized_embedding,/home/hujinlan/spa_mo_model/results/human_lymph_node_preprocessing_comparison/standardized_embedding/clustering/joint_k6/labels_all.csv,-0.003466598689556094,-0.001733299344778061,-34.797343872803765,0.060655869146495345,4.74652216607e-05,9.355742715350004e-05,7.76723027230003e-06
joint,combined,7,6843,128,0.084622636437416,0.542311318218708,469.7914400627415,2.648928445352896,-5.069417116719018e-06,0.0004759263840349,0.0010854538995772,raw_embedding,/home/hujinlan/spa_mo_model/results/human_lymph_node_preprocessing_comparison/raw_embedding/clustering/joint_k7/labels_all.csv,0.0800355598330497,0.5400177799165249,438.2810380810016,2.6691337438363587,-2.380786998327009e-05,0.000467378303486,0.0010932211298495,standardized_embedding,/home/hujinlan/spa_mo_model/results/human_lymph_node_preprocessing_comparison/standardized_embedding/clustering/joint_k7/labels_all.csv,-0.004587076604366289,-0.0022935383021831512,-31.510401981739903,0.02020529848346264,-1.8738452866551072e-05,-8.548080548900002e-06,7.76723027230003e-06
joint,combined,8,6843,128,0.0860233157873153,0.5430116578936577,430.2130528074532,2.681541752391729,-1.518646761210373e-05,0.0005107306289869,0.0010854538995772,raw_embedding,/home/hujinlan/spa_mo_model/results/human_lymph_node_preprocessing_comparison/raw_embedding/clustering/joint_k8/labels_all.csv,0.0820366367697715,0.5410183183848858,401.9315496537599,2.748174917614237,-2.991123310947609e-05,0.0005114770531786,0.0010932211298495,standardized_embedding,/home/hujinlan/spa_mo_model/results/human_lymph_node_preprocessing_comparison/standardized_embedding/clustering/joint_k8/labels_all.csv,-0.003986679017543793,-0.0019933395087718964,-28.281503153693336,0.06663316522250806,-1.472476549737236e-05,7.464241916999232e-07,7.76723027230003e-06
joint,combined,9,6843,128,0.0838196873664856,0.5419098436832428,399.3285811899516,2.76218223567127,-3.288981377264465e-05,0.0004630035827044,0.0010854538995772,raw_embedding,/home/hujinlan/spa_mo_model/results/human_lymph_node_preprocessing_comparison/raw_embedding/clustering/joint_k9/labels_all.csv,0.0799066051840782,0.5399533025920391,373.84179889831495,2.8302843621230585,-5.419994326447916e-05,0.0004627442884458,0.0010932211298495,standardized_embedding,/home/hujinlan/spa_mo_model/results/human_lymph_node_preprocessing_comparison/standardized_embedding/clustering/joint_k9/labels_all.csv,-0.003913082182407393,-0.0019565410912036896,-25.486782291636644,0.06810212645178826,-2.131012949183451e-05,-2.5929425860002917e-07,7.76723027230003e-06
joint,combined,10,6843,128,0.0848570242524147,0.5424285121262074,371.8723850956266,2.8937247304891325,-3.754692836051586e-05,0.0004636931550774,0.0010854538995772,raw_embedding,/home/hujinlan/spa_mo_model/results/human_lymph_node_preprocessing_comparison/raw_embedding/clustering/joint_k10/labels_all.csv,0.0809825658798217,0.5404912829399109,349.24615417603457,2.923785413239301,-4.123707644769089e-05,0.0004558316711341,0.0010932211298495,standardized_embedding,/home/hujinlan/spa_mo_model/results/human_lymph_node_preprocessing_comparison/standardized_embedding/clustering/joint_k10/labels_all.csv,-0.0038744583725930093,-0.001937229186296463,-22.626230919592047,0.0300606827501686,-3.69014808717503e-06,-7.86148394330005e-06,7.76723027230003e-06
joint,combined,11,6843,128,0.086918331682682,0.543459165841341,348.8518996092367,2.737358241206933,-7.745254605228762e-05,0.0004122880159817,0.0010854538995772,raw_embedding,/home/hujinlan/spa_mo_model/results/human_lymph_node_preprocessing_comparison/raw_embedding/clustering/joint_k11/labels_all.csv,0.0836339369416236,0.5418169684708118,327.77206476475885,2.7621241155296707,-0.0001151228248256,0.0003283739842117,0.0010932211298495,standardized_embedding,/home/hujinlan/spa_mo_model/results/human_lymph_node_preprocessing_comparison/standardized_embedding/clustering/joint_k11/labels_all.csv,-0.0032843947410583912,-0.0016421973705291748,-21.07983484447783,0.02476587432273769,-3.767027877331239e-05,-8.391403176999997e-05,7.76723027230003e-06
joint,combined,12,6843,128,0.0850979909300804,0.5425489954650402,326.46497511748566,2.7660750516820194,-6.008886449221234e-05,0.0005529386837876,0.0010854538995772,raw_embedding,/home/hujinlan/spa_mo_model/results/human_lymph_node_preprocessing_comparison/raw_embedding/clustering/joint_k12/labels_all.csv,0.0800697952508926,0.5400348976254463,308.1396685556244,2.8133588720984197,-4.854224728142361e-05,0.0004736458496884,0.0010932211298495,standardized_embedding,/home/hujinlan/spa_mo_model/results/human_lymph_node_preprocessing_comparison/standardized_embedding/clustering/joint_k12/labels_all.csv,-0.005028195679187802,-0.0025140978395938873,-18.325306561861282,0.047283820416400335,1.1546617210788725e-05,-7.929283409919999e-05,7.76723027230003e-06
independent,Human_Lymph_Node_A1,5,3484,128,0.1058597639203071,0.5529298819601536,308.7096188665092,2.406604958320075,,,,raw_embedding,/home/hujinlan/spa_mo_model/results/human_lymph_node_preprocessing_comparison/raw_embedding/clustering/independent_k5/labels_Human_Lymph_Node_A1.csv,0.1005801036953926,0.5502900518476963,286.6151786090397,2.483298502688529,,,,standardized_embedding,/home/hujinlan/spa_mo_model/results/human_lymph_node_preprocessing_comparison/standardized_embedding/clustering/independent_k5/labels_Human_Lymph_Node_A1.csv,-0.005279660224914509,-0.0026398301124572754,-22.0944402574695,0.07669354436845399,,,
independent,Human_Lymph_Node_D1,5,3359,128,0.0955727845430374,0.5477863922715187,258.55987331674265,2.553279685900235,,,,raw_embedding,/home/hujinlan/spa_mo_model/results/human_lymph_node_preprocessing_comparison/raw_embedding/clustering/independent_k5/labels_Human_Lymph_Node_D1.csv,0.0938452333211898,0.5469226166605949,242.8901645615837,2.6249828145291643,,,,standardized_embedding,/home/hujinlan/spa_mo_model/results/human_lymph_node_preprocessing_comparison/standardized_embedding/clustering/independent_k5/labels_Human_Lymph_Node_D1.csv,-0.0017275512218476036,-0.0008637756109237671,-15.66970875515895,0.07170312862892914,,,
independent,Human_Lymph_Node_A1,8,3484,128,0.0885865539312362,0.5442932769656181,232.63729876239157,2.687441822711298,,,,raw_embedding,/home/hujinlan/spa_mo_model/results/human_lymph_node_preprocessing_comparison/raw_embedding/clustering/independent_k8/labels_Human_Lymph_Node_A1.csv,0.0882566273212432,0.5441283136606216,217.165289403278,2.7258661986615564,,,,standardized_embedding,/home/hujinlan/spa_mo_model/results/human_lymph_node_preprocessing_comparison/standardized_embedding/clustering/independent_k8/labels_Human_Lymph_Node_A1.csv,-0.00032992660999299483,-0.00016496330499649048,-15.47200935911357,0.038424375950258494,,,
independent,Human_Lymph_Node_D1,8,3359,128,0.0814510062336921,0.5407255031168461,199.76173668329352,2.720205533327455,,,,raw_embedding,/home/hujinlan/spa_mo_model/results/human_lymph_node_preprocessing_comparison/raw_embedding/clustering/independent_k8/labels_Human_Lymph_Node_D1.csv,0.0767246633768081,0.5383623316884041,187.43093211910343,2.7489061869604194,,,,standardized_embedding,/home/hujinlan/spa_mo_model/results/human_lymph_node_preprocessing_comparison/standardized_embedding/clustering/independent_k8/labels_Human_Lymph_Node_D1.csv,-0.004726342856884003,-0.0023631714284420013,-12.330804564190089,0.028700653632964368,,,
independent,Human_Lymph_Node_A1,10,3484,128,0.0936382859945297,0.5468191429972649,201.9465830452145,2.6507023400426672,,,,raw_embedding,/home/hujinlan/spa_mo_model/results/human_lymph_node_preprocessing_comparison/raw_embedding/clustering/independent_k10/labels_Human_Lymph_Node_A1.csv,0.0853679254651069,0.5426839627325535,188.61090005845145,2.8594455848565565,,,,standardized_embedding,/home/hujinlan/spa_mo_model/results/human_lymph_node_preprocessing_comparison/standardized_embedding/clustering/independent_k10/labels_Human_Lymph_Node_A1.csv,-0.008270360529422802,-0.00413518026471138,-13.33568298676306,0.20874324481388928,,,
independent,Human_Lymph_Node_D1,10,3359,128,0.0794802233576774,0.5397401116788387,173.7707914654898,2.883714367920214,,,,raw_embedding,/home/hujinlan/spa_mo_model/results/human_lymph_node_preprocessing_comparison/raw_embedding/clustering/independent_k10/labels_Human_Lymph_Node_D1.csv,0.0762732848525047,0.5381366424262524,163.74651152623534,2.929104155825068,,,,standardized_embedding,/home/hujinlan/spa_mo_model/results/human_lymph_node_preprocessing_comparison/standardized_embedding/clustering/independent_k10/labels_Human_Lymph_Node_D1.csv,-0.0032069385051727017,-0.0016034692525863647,-10.024279939254455,0.04538978790485393,,,
independent,Human_Lymph_Node_A1,12,3484,128,0.0842726528644561,0.5421363264322281,178.9475802484624,2.725314651892077,,,,raw_embedding,/home/hujinlan/spa_mo_model/results/human_lymph_node_preprocessing_comparison/raw_embedding/clustering/independent_k12/labels_Human_Lymph_Node_A1.csv,0.0816948264837265,0.5408474132418633,167.57833925017718,2.7819117259680186,,,,standardized_embedding,/home/hujinlan/spa_mo_model/results/human_lymph_node_preprocessing_comparison/standardized_embedding/clustering/independent_k12/labels_Human_Lymph_Node_A1.csv,-0.002577826380729592,-0.0012889131903648376,-11.369240998285221,0.05659707407594183,,,
independent,Human_Lymph_Node_D1,12,3359,128,0.0765658393502235,0.5382829196751118,152.92325986916342,2.8272638051454604,,,,raw_embedding,/home/hujinlan/spa_mo_model/results/human_lymph_node_preprocessing_comparison/raw_embedding/clustering/independent_k12/labels_Human_Lymph_Node_D1.csv,0.0741941258311271,0.5370970629155636,144.28286626317018,2.829203824907175,,,,standardized_embedding,/home/hujinlan/spa_mo_model/results/human_lymph_node_preprocessing_comparison/standardized_embedding/clustering/independent_k12/labels_Human_Lymph_Node_D1.csv,-0.0023717135190964023,-0.0011858567595481873,-8.64039360599324,0.0019400197617147619,,,
