section,obs_name,cluster,x,y,Y,Combined_Clusters_annotation,Combined_Clusters,RNA_Clusters,ATAC_Clusters
dataset4,ACTTAACCTTATCCGG-1,4,44.0,41.0,0,Cartilage_2,6,11,5
dataset4,TCCTACCATCCTACCA-1,4,29.0,22.0,3,Mesenchyme,8,11,4
dataset4,TCTGATACTGCGGACC-1,4,9.0,29.0,6,Primary_brain_1,2,6,11
dataset4,TAGAATTACTAAGAGA-1,4,35.0,20.0,0,Cartilage_2,6,10,5
dataset4,TGAGTCTGGGTACTGC-1,4,23.0,15.0,7,Primary_brain_2,12,1,13
dataset4,TCTGATACAGAACGTC-1,0,9.0,13.0,6,Primary_brain_1,2,6,11
dataset4,AGAACGTCTGGTCAGC-1,3,38.0,37.0,5,Muscle,5,13,5
dataset4,GCAGGTCCCGACGCGA-1,4,40.0,39.0,0,Cartilage_2,6,11,5
dataset4,TGCCGGCAAGAGCTAT-1,0,17.0,19.0,3,Mesenchyme,8,12,13
dataset4,TCGGCCTTAAGAAGCT-1,4,39.0,44.0,0,Cartilage_2,6,12,5
dataset4,TTACCGAGTAGAGTAA-1,4,16.0,10.0,7,Primary_brain_2,12,1,11
dataset4,TTATTCATGACCTTGA-1,0,18.0,9.0,3,Mesenchyme,8,12,13
dataset4,CTTGCGCCTGGTCAGC-1,4,37.0,37.0,5,Muscle,5,13,5
dataset4,GCGTTGGAAATTAAGA-1,4,28.0,32.0,0,Cartilage_2,6,10,4
dataset4,CTAAGAGAACTTAACC-1,4,31.0,7.0,6,Primary_brain_1,2,6,12
dataset4,GCGTTGGAGATACGGA-1,0,28.0,40.0,3,Mesenchyme,8,12,13
dataset4,GCGTTGGAAAGAAGCT-1,0,28.0,44.0,3,Mesenchyme,8,12,13
dataset4,GACCTTGACGACGCGA-1,4,42.0,39.0,0,Cartilage_2,6,10,5
dataset4,GCCGCAACGCCGCAAC-1,4,24.0,27.0,7,Primary_brain_2,12,1,11
dataset4,TGGTCAGCTAGAATTA-1,4,14.0,16.0,2,Diencephalon_and_hindbrain,13,4,11
dataset4,TCGGCCTTAGAACGTC-1,4,39.0,13.0,0,Cartilage_2,6,10,5
dataset4,ATCATATTGGTACTGC-1,0,15.0,15.0,3,Mesenchyme,8,11,13
dataset4,GACCTTGAACTATGCA-1,4,42.0,38.0,0,Cartilage_2,6,10,5
dataset4,TCCTACCAACTTAACC-1,0,29.0,7.0,6,Primary_brain_1,2,12,12
dataset4,CGAACGCCAATTAAGA-1,4,49.0,32.0,0,Cartilage_2,6,10,5
dataset4,TCCTACCATGAGTCTG-1,0,29.0,28.0,3,Mesenchyme,8,12,4
dataset4,TGCGGACCTAGAGTAA-1,4,22.0,10.0,3,Mesenchyme,8,11,13
dataset4,CCGAGAATCTAAGAGA-1,4,25.0,20.0,3,Mesenchyme,8,12,13
dataset4,TTGACTTCTCCGGCCT-1,0,33.0,45.0,3,Mesenchyme,8,12,13
dataset4,GATCTTACAGAACGTC-1,4,27.0,13.0,6,Primary_brain_1,2,6,12
dataset4,GCTAACTTTTGACTTC-1,0,3.0,18.0,3,Mesenchyme,8,12,4
dataset4,ACTATGCAGATCTTAC-1,4,13.0,24.0,6,Primary_brain_1,2,6,11
dataset4,CGAACGCCTGCGGACC-1,4,49.0,29.0,0,Cartilage_2,6,11,5
dataset4,GCGTTGGATGAGTCTG-1,4,28.0,28.0,3,Mesenchyme,8,11,4
dataset4,TAGAATTACCGAGAAT-1,4,35.0,26.0,0,Cartilage_2,6,10,5
dataset4,GACCTTGATCCTACCA-1,4,42.0,22.0,3,Mesenchyme,8,12,4
dataset4,TCTGATACACGGAGGC-1,4,9.0,30.0,0,Cartilage_2,6,11,4
dataset4,GCCATTCTGAAGATCG-1,0,34.0,43.0,3,Mesenchyme,8,12,13
dataset4,AGAACGTCGACCTTGA-1,4,38.0,9.0,0,Cartilage_2,6,11,5
dataset4,GGCTGAGCATCATATT-1,4,48.0,36.0,0,Cartilage_2,6,10,5
dataset4,TGCCGGCATAGAGTAA-1,4,17.0,10.0,7,Primary_brain_2,12,1,11
dataset4,CTGATGGTTAGATCTA-1,4,26.0,31.0,3,Mesenchyme,8,11,13
dataset4,GATCTTACGATCTTAC-1,4,27.0,24.0,3,Mesenchyme,8,10,4
dataset4,ACGGAGGCCTAAGAGA-1,0,21.0,20.0,3,Mesenchyme,8,12,13
dataset4,ACTCAATATAGATCTA-1,0,30.0,31.0,3,Mesenchyme,8,12,13
dataset4,AGAGCTATTTGACTTC-1,4,32.0,18.0,0,Cartilage_2,6,10,5
dataset4,CCGAGAATTCCTACCA-1,4,25.0,22.0,3,Mesenchyme,8,11,13
dataset4,CTAAGAGATAGAATTA-1,0,31.0,16.0,3,Mesenchyme,8,12,4
dataset4,CTAAGAGACCGAGAAT-1,4,31.0,26.0,0,Cartilage_2,6,10,5
dataset4,TCCGGCCTTAGAATTA-1,0,6.0,16.0,6,Primary_brain_1,2,6,11
dataset4,CAACCGCTGATACGGA-1,4,43.0,40.0,0,Cartilage_2,6,11,5
dataset4,GCGTTGGAGCCATTCT-1,4,28.0,17.0,3,Mesenchyme,8,11,13
dataset4,ACTCAATAGCCGCAAC-1,0,30.0,27.0,3,Mesenchyme,8,9,13
dataset4,GCAGGTCCGACCTTGA-1,4,40.0,9.0,0,Cartilage_2,6,11,4
dataset4,TGAGTCTGCCGAGAAT-1,4,23.0,26.0,7,Primary_brain_2,12,1,11
dataset4,TGAGTCTGCGACGCGA-1,4,23.0,39.0,6,Primary_brain_1,2,6,13
dataset4,ACGGAGGCGCAGGTCC-1,4,21.0,11.0,3,Mesenchyme,8,1,13
dataset4,GCCATTCTTCCTACCA-1,4,34.0,22.0,0,Cartilage_2,6,10,5
dataset4,TCCTACCATGCGGACC-1,0,29.0,29.0,3,Mesenchyme,8,12,4
dataset4,CCGAGAATCCAGTTCC-1,4,25.0,6.0,6,Primary_brain_1,2,6,12
dataset4,GCGTTGGAGCCGCAAC-1,4,28.0,27.0,3,Mesenchyme,8,11,13
dataset4,TTACCGAGCTAAGAGA-1,0,16.0,20.0,3,Mesenchyme,8,12,13
dataset4,CCGAGAATTGGTCAGC-1,4,25.0,37.0,7,Primary_brain_2,12,1,11
dataset4,GCCATTCTTCCGGCCT-1,0,34.0,45.0,3,Mesenchyme,8,12,13
dataset4,GCGTTGGACTGATGGT-1,4,28.0,25.0,3,Mesenchyme,8,10,5
dataset4,ATAAGGAGACTATGCA-1,4,50.0,38.0,0,Cartilage_2,6,10,5
dataset4,TTGACTTCACTATGCA-1,0,33.0,38.0,3,Mesenchyme,8,11,13
dataset4,TAGAATTAAGAGCTAT-1,4,35.0,19.0,0,Cartilage_2,6,10,5
dataset4,ACTCAATATGGTCAGC-1,0,30.0,37.0,3,Mesenchyme,8,12,13
dataset4,CTGATGGTACTTAACC-1,4,26.0,7.0,6,Primary_brain_1,2,6,12
dataset4,ACTTAACCGCCATTCT-1,0,44.0,17.0,3,Mesenchyme,8,12,4
dataset4,GCAGGTCCCTTGCGCC-1,4,40.0,14.0,0,Cartilage_2,6,10,5
dataset4,GCCATTCTTGAGTCTG-1,4,34.0,28.0,0,Cartilage_2,6,10,5
dataset4,CTGATGGTTTATTCAT-1,4,26.0,33.0,2,Diencephalon_and_hindbrain,13,3,10
dataset4,TTGACTTCTGGTCAGC-1,4,33.0,37.0,3,Mesenchyme,8,11,13
dataset4,TCCTACCATGGTCAGC-1,0,29.0,37.0,3,Mesenchyme,8,12,13
dataset4,CGAACGCCTGCCGGCA-1,4,49.0,34.0,0,Cartilage_2,6,9,5
dataset4,TTACCGAGCTTGCGCC-1,0,16.0,14.0,2,Diencephalon_and_hindbrain,13,1,13
dataset4,AGAGCTATCCAGTTCC-1,4,32.0,6.0,6,Primary_brain_1,2,6,12
dataset4,AGAGCTATTTATTCAT-1,4,32.0,33.0,0,Cartilage_2,6,10,4
dataset4,GATCTTACCTGATGGT-1,4,27.0,25.0,3,Mesenchyme,8,10,4
dataset4,GAAGATCGCCGAGAAT-1,4,8.0,26.0,4,Midbrain,14,11,13
dataset4,ACCGCCAATGGTCAGC-1,4,46.0,37.0,0,Cartilage_2,6,10,5
dataset4,TAGAATTATGCCGGCA-1,4,35.0,34.0,0,Cartilage_2,6,10,5
dataset4,GCCATTCTGCCGCAAC-1,4,34.0,27.0,0,Cartilage_2,6,10,5
dataset4,ACGGAGGCTAGAATTA-1,4,21.0,16.0,7,Primary_brain_2,12,1,11
dataset4,ATAAGGAGTTATTCAT-1,4,50.0,33.0,0,Cartilage_2,6,10,5
dataset4,TTGACTTCCTGATGGT-1,4,33.0,25.0,0,Cartilage_2,6,10,5
dataset4,GATCTTACTTACCGAG-1,4,27.0,35.0,3,Mesenchyme,8,11,13
dataset4,CTGATGGTTTGACTTC-1,4,26.0,18.0,3,Mesenchyme,8,11,13
dataset4,GCCGCAACAGAGCTAT-1,0,24.0,19.0,3,Mesenchyme,8,12,13
dataset4,CGAACGCCATCATATT-1,4,49.0,36.0,0,Cartilage_2,6,10,5
dataset4,AGAGCTATAGAACGTC-1,4,32.0,13.0,2,Diencephalon_and_hindbrain,13,7,10
dataset4,AGAACGTCACTTAACC-1,4,38.0,7.0,0,Cartilage_2,6,11,5
dataset4,CATACTCCCTTGCGCC-1,0,4.0,14.0,6,Primary_brain_1,2,6,11
dataset4,TGCCGGCAGCAGGTCC-1,4,17.0,11.0,7,Primary_brain_2,12,1,11
dataset4,GACCTTGACTAAGAGA-1,4,42.0,20.0,3,Mesenchyme,8,12,4
dataset4,TAGAATTACCAGTTCC-1,0,35.0,6.0,0,Cartilage_2,6,11,5
dataset4,AAGAAGCTAGAACGTC-1,0,7.0,13.0,3,Mesenchyme,8,12,13
dataset4,TTACCGAGCCGAGAAT-1,4,16.0,26.0,6,Primary_brain_1,2,6,11
dataset4,CTTGCGCCTGCCGGCA-1,4,37.0,34.0,0,Cartilage_2,6,10,5
dataset4,TCGGCCTTACTATGCA-1,4,39.0,38.0,5,Muscle,5,13,5
dataset4,ACTATGCACTAAGAGA-1,4,13.0,20.0,6,Primary_brain_1,2,6,11
dataset4,CCAGTTCCAGAACGTC-1,4,45.0,13.0,0,Cartilage_2,6,10,5
dataset4,GATCTTACACTTAACC-1,4,27.0,7.0,6,Primary_brain_1,2,6,12
dataset4,TCCTACCACAACCGCT-1,0,29.0,8.0,6,Primary_brain_1,2,12,12
dataset4,TCTGATACTGAGTCTG-1,4,9.0,28.0,6,Primary_brain_1,2,6,11
dataset4,ACCGCCAAGCCATTCT-1,4,46.0,17.0,3,Mesenchyme,8,12,13
dataset4,TGCCGGCACTTGCGCC-1,0,17.0,14.0,3,Mesenchyme,8,11,13
dataset4,GCAGGTCCGATACGGA-1,4,40.0,40.0,0,Cartilage_2,6,11,5
dataset4,TAGAATTATCGGCCTT-1,4,35.0,12.0,0,Cartilage_2,6,11,4
dataset4,GCTAACTTACTCAATA-1,0,3.0,21.0,3,Mesenchyme,8,12,13
dataset4,CGACGCGAGCCATTCT-1,4,12.0,17.0,6,Primary_brain_1,2,6,11
dataset4,CCGAGAATACTTAACC-1,4,25.0,7.0,6,Primary_brain_1,2,6,12
dataset4,TGCCGGCAGCCATTCT-1,0,17.0,17.0,3,Mesenchyme,8,12,13
dataset4,GCCATTCTGATACGGA-1,4,34.0,40.0,3,Mesenchyme,8,11,4
dataset4,TGCGGACCGACCTTGA-1,0,22.0,9.0,3,Mesenchyme,8,12,13
dataset4,CGAACGCCGCAGGTCC-1,4,49.0,11.0,0,Cartilage_2,6,11,5
dataset4,TAGAATTACTTGCGCC-1,4,35.0,14.0,0,Cartilage_2,6,10,5
dataset4,TTACCGAGTCCTACCA-1,0,16.0,22.0,3,Mesenchyme,8,12,13
dataset4,TTGACTTCCTAAGAGA-1,4,33.0,20.0,0,Cartilage_2,6,10,5
dataset4,CTGATGGTCTGATGGT-1,4,26.0,25.0,3,Mesenchyme,8,11,13
dataset4,CTAAGAGATGCCGGCA-1,4,31.0,34.0,3,Mesenchyme,8,11,4
dataset4,TGGTCAGCGCGTTGGA-1,4,14.0,23.0,6,Primary_brain_1,2,6,11
dataset4,CTTGCGCCACTCAATA-1,4,37.0,21.0,0,Cartilage_2,6,10,5
dataset4,AAGAAGCTGGTACTGC-1,0,7.0,15.0,6,Primary_brain_1,2,12,11
dataset4,ACTTAACCCGAACGCC-1,4,44.0,2.0,7,Primary_brain_2,12,1,11
dataset4,AGAGAAGGTCCTACCA-1,0,5.0,22.0,3,Mesenchyme,8,12,13
dataset4,GACCTTGAGGTACTGC-1,0,42.0,15.0,2,Diencephalon_and_hindbrain,13,12,13
dataset4,CATACTCCGCCATTCT-1,0,4.0,17.0,3,Mesenchyme,8,6,13
dataset4,ACTTAACCACTATGCA-1,4,44.0,38.0,0,Cartilage_2,6,10,5
dataset4,AGAGCTATTTACCGAG-1,4,32.0,35.0,3,Mesenchyme,8,11,13
dataset4,CGAACGCCTGGTCAGC-1,4,49.0,37.0,0,Cartilage_2,6,10,5
dataset4,TCCGGCCTGCCGCAAC-1,0,6.0,27.0,0,Cartilage_2,6,12,13
dataset4,TGCGGACCACTTAACC-1,0,22.0,7.0,3,Mesenchyme,8,12,13
dataset4,GGTACTGCTAGAGTAA-1,4,36.0,10.0,3,Mesenchyme,8,11,13
dataset4,ATAAGGAGCCAGTTCC-1,4,50.0,6.0,5,Muscle,5,13,5
dataset4,GCCATTCTTCTGATAC-1,4,34.0,42.0,3,Mesenchyme,8,11,4
dataset4,CCGAGAATGATACGGA-1,4,25.0,40.0,7,Primary_brain_2,12,1,11
dataset4,TTGACTTCTTATCCGG-1,4,33.0,41.0,3,Mesenchyme,8,11,13
dataset4,ACCGCCAAAGAGCTAT-1,4,46.0,19.0,3,Mesenchyme,8,12,13
dataset4,TGCCGGCAGGTACTGC-1,0,17.0,15.0,3,Mesenchyme,8,4,13
dataset4,CCGAGAATAGAGCTAT-1,4,25.0,19.0,3,Mesenchyme,8,12,13
dataset4,TAGAATTATGCGGACC-1,4,35.0,29.0,0,Cartilage_2,6,10,5
dataset4,GCCGCAACGCGTTGGA-1,4,24.0,23.0,3,Mesenchyme,8,12,13
dataset4,ATCATATTGCAGGTCC-1,4,15.0,11.0,7,Primary_brain_2,12,1,11
dataset4,CCGAGAATTCTGATAC-1,4,25.0,42.0,7,Primary_brain_2,12,1,11
dataset4,CTAAGAGAGCCATTCT-1,4,31.0,17.0,0,Cartilage_2,6,10,4
dataset4,GATCTTACACGGAGGC-1,4,27.0,30.0,3,Mesenchyme,8,11,4
dataset4,AGAACGTCTTATTCAT-1,4,38.0,33.0,0,Cartilage_2,6,11,5
dataset4,TGAGTCTGGAAGATCG-1,0,23.0,43.0,3,Mesenchyme,8,6,11
dataset4,GCAGGTCCTAGAATTA-1,4,40.0,16.0,0,Cartilage_2,6,10,5
dataset4,TAGATCTACTTGCGCC-1,0,20.0,14.0,7,Primary_brain_2,12,1,13
dataset4,CCGAGAATTGCCGGCA-1,4,25.0,34.0,7,Primary_brain_2,12,1,13
dataset4,TTATTCATGGTACTGC-1,0,18.0,15.0,3,Mesenchyme,8,11,13
dataset4,AAGAAGCTTGAGTCTG-1,0,7.0,28.0,3,Mesenchyme,8,11,13
dataset4,CCGAGAATACGGAGGC-1,4,25.0,30.0,7,Primary_brain_2,12,1,11
dataset4,CTAAGAGATAGAGTAA-1,4,31.0,10.0,6,Primary_brain_1,2,6,12
dataset4,GCGTTGGAGATCTTAC-1,4,28.0,24.0,3,Mesenchyme,8,10,4
dataset4,CCGATTCCTGGTCAGC-1,4,47.0,37.0,0,Cartilage_2,6,10,5
dataset4,TAGAATTATCTGATAC-1,4,35.0,42.0,0,Cartilage_2,6,11,4
dataset4,AGAACGTCTCCGGCCT-1,0,38.0,45.0,3,Mesenchyme,8,12,13
dataset4,TGCCGGCACAACCGCT-1,4,17.0,8.0,0,Cartilage_2,6,12,5
dataset4,CGAACGCCAGAGCTAT-1,0,49.0,19.0,3,Mesenchyme,8,12,13
dataset4,TAGAATTAACTTAACC-1,4,35.0,7.0,0,Cartilage_2,6,11,5
dataset4,TGGTCAGCGCAGGTCC-1,4,14.0,11.0,7,Primary_brain_2,12,1,11
dataset4,ACTTAACCAGAGCTAT-1,4,44.0,19.0,3,Mesenchyme,8,12,13
dataset4,GACCTTGAACTCAATA-1,0,42.0,21.0,3,Mesenchyme,8,12,4
dataset4,CTAAGAGAAGAGAAGG-1,0,31.0,46.0,3,Mesenchyme,8,12,13
dataset4,ATCATATTTAGAATTA-1,0,15.0,16.0,3,Mesenchyme,8,12,13
dataset4,GAAGATCGCTTGCGCC-1,0,8.0,14.0,3,Mesenchyme,8,12,13
dataset4,AGAGCTATCTAAGAGA-1,4,32.0,20.0,0,Cartilage_2,6,10,5
dataset4,ACTCAATACCGAGAAT-1,4,30.0,26.0,3,Mesenchyme,8,11,13
dataset4,TAGAATTATTACCGAG-1,4,35.0,35.0,0,Cartilage_2,6,10,5
dataset4,GGTACTGCACTATGCA-1,4,36.0,38.0,0,Cartilage_2,6,10,4
dataset4,CTTGCGCCACTATGCA-1,4,37.0,38.0,5,Muscle,5,10,4
dataset4,CTAAGAGATTGACTTC-1,4,31.0,18.0,0,Cartilage_2,6,9,4
dataset4,GCAGGTCCCCAGTTCC-1,4,40.0,6.0,6,Primary_brain_1,2,6,11
dataset4,GCCGCAACCCAGTTCC-1,4,24.0,6.0,6,Primary_brain_1,2,6,12
dataset4,CTTGCGCCAGAGCTAT-1,4,37.0,19.0,0,Cartilage_2,6,10,5
dataset4,ACCGCCAATCCTACCA-1,0,46.0,22.0,3,Mesenchyme,8,12,13
dataset4,ACTCAATAAAGAAGCT-1,0,30.0,44.0,3,Mesenchyme,8,12,13
dataset4,GCCATTCTTTGACTTC-1,4,34.0,18.0,0,Cartilage_2,6,10,5
dataset4,ACGGAGGCACTCAATA-1,0,21.0,21.0,3,Mesenchyme,8,12,13
dataset4,GCCGCAACTCCTACCA-1,0,24.0,22.0,3,Mesenchyme,8,12,13
dataset4,CCGATTCCTTACCGAG-1,4,47.0,35.0,0,Cartilage_2,6,10,5
dataset4,GGTACTGCTGCCGGCA-1,4,36.0,34.0,0,Cartilage_2,6,10,5
dataset4,ACTCAATACTTGCGCC-1,0,30.0,14.0,1,DPallm,11,1,13
dataset4,GAAGATCGAGAACGTC-1,4,8.0,13.0,6,Primary_brain_1,2,6,13
dataset4,CGAACGCCCAACCGCT-1,4,49.0,8.0,0,Cartilage_2,6,10,5
dataset4,ACTTAACCCCAGTTCC-1,4,44.0,6.0,0,Cartilage_2,6,11,4
dataset4,GCCGCAACGATACGGA-1,4,24.0,40.0,6,Primary_brain_1,2,6,11
dataset4,GACCTTGACGAACGCC-1,0,42.0,2.0,0,Cartilage_2,6,6,11
dataset4,GCCGCAACAGAACGTC-1,4,24.0,13.0,6,Primary_brain_1,2,6,12
dataset4,TCCTACCAACGGAGGC-1,0,29.0,30.0,3,Mesenchyme,8,12,13
dataset4,GACCTTGAGCGTTGGA-1,4,42.0,23.0,3,Mesenchyme,8,12,13
dataset4,ACTCAATATTATCCGG-1,0,30.0,41.0,3,Mesenchyme,8,12,13
dataset4,ACTTAACCACCGCCAA-1,4,44.0,5.0,0,Cartilage_2,6,6,4
dataset4,ACGGAGGCTAGAGTAA-1,4,21.0,10.0,3,Mesenchyme,8,12,13
dataset4,ACTTAACCCGACGCGA-1,4,44.0,39.0,0,Cartilage_2,6,10,5
dataset4,AGAGCTATTGAGTCTG-1,4,32.0,28.0,0,Cartilage_2,6,10,5
dataset4,CCGAGAATTGCGGACC-1,4,25.0,29.0,7,Primary_brain_2,12,1,11
dataset4,GGTACTGCTTGACTTC-1,4,36.0,18.0,0,Cartilage_2,6,10,5
dataset4,GCGTTGGATCCGGCCT-1,0,28.0,45.0,3,Mesenchyme,8,3,13
dataset4,CGACGCGACTTGCGCC-1,4,12.0,14.0,6,Primary_brain_1,2,6,11
dataset4,CTTGCGCCCGACGCGA-1,4,37.0,39.0,5,Muscle,5,13,5
dataset4,TAGAATTATTATCCGG-1,4,35.0,41.0,5,Muscle,5,13,4
dataset4,TGCCGGCAGCGTTGGA-1,0,17.0,23.0,3,Mesenchyme,8,12,13
dataset4,CAACCGCTCTAAGAGA-1,4,43.0,20.0,3,Mesenchyme,8,12,4
dataset4,CTTGCGCCGACCTTGA-1,4,37.0,9.0,0,Cartilage_2,6,11,5
dataset4,TCCTACCATCGGCCTT-1,4,29.0,12.0,6,Primary_brain_1,2,6,12
dataset4,GATCTTACCCAGTTCC-1,4,27.0,6.0,6,Primary_brain_1,2,6,12
dataset4,TCCTACCAGATACGGA-1,0,29.0,40.0,3,Mesenchyme,8,12,13
dataset4,GGTACTGCATCATATT-1,4,36.0,36.0,0,Cartilage_2,6,10,5
dataset4,TTACCGAGGCCATTCT-1,0,16.0,17.0,3,Mesenchyme,8,12,13
dataset4,GCCATTCTGCGTTGGA-1,4,34.0,23.0,0,Cartilage_2,6,10,5
dataset4,TAGATCTATCGGCCTT-1,4,20.0,12.0,7,Primary_brain_2,12,1,11
dataset4,CTAAGAGATGGTCAGC-1,0,31.0,37.0,3,Mesenchyme,8,11,13
dataset4,TTGACTTCTCCTACCA-1,4,33.0,22.0,0,Cartilage_2,6,10,5
dataset4,TGAGTCTGACTCAATA-1,0,23.0,21.0,3,Mesenchyme,8,12,13
dataset4,TAGAATTAGATCTTAC-1,4,35.0,24.0,0,Cartilage_2,6,10,5
dataset4,CTTGCGCCTTACCGAG-1,4,37.0,35.0,0,Cartilage_2,6,10,5
dataset4,ATAAGGAGTAGATCTA-1,4,50.0,31.0,0,Cartilage_2,6,10,5
dataset4,GATCTTACTGGTCAGC-1,4,27.0,37.0,2,Diencephalon_and_hindbrain,13,1,10
dataset4,ACTATGCAAGAGCTAT-1,4,13.0,19.0,6,Primary_brain_1,2,6,11
dataset4,AGAGCTATTGGTCAGC-1,4,32.0,37.0,3,Mesenchyme,8,11,13
dataset4,GGCTGAGCGCCATTCT-1,4,48.0,17.0,3,Mesenchyme,8,12,13
dataset4,CCAGTTCCTCGGCCTT-1,4,45.0,12.0,0,Cartilage_2,6,10,5
dataset4,GCCATTCTGACCTTGA-1,4,34.0,9.0,7,Primary_brain_2,12,1,11
dataset4,GCAGGTCCGCGTTGGA-1,4,40.0,23.0,3,Mesenchyme,8,12,13
dataset4,ACTTAACCCCGATTCC-1,4,44.0,4.0,0,Cartilage_2,6,6,4
dataset4,TCCGGCCTAGAACGTC-1,4,6.0,13.0,6,Primary_brain_1,2,6,11
dataset4,GGCTGAGCTGCCGGCA-1,4,48.0,34.0,0,Cartilage_2,6,9,5
dataset4,TGGTCAGCGGTACTGC-1,2,14.0,15.0,7,Primary_brain_2,12,1,11
dataset4,ACTCAATATGCGGACC-1,0,30.0,29.0,3,Mesenchyme,8,12,13
dataset4,CTAAGAGACTTGCGCC-1,0,31.0,14.0,3,Mesenchyme,8,4,13
dataset4,ACTTAACCGATACGGA-1,4,44.0,40.0,0,Cartilage_2,6,11,5
dataset4,CCGATTCCTAGATCTA-1,4,47.0,31.0,0,Cartilage_2,6,10,5
dataset4,ACTTAACCATCATATT-1,4,44.0,36.0,0,Cartilage_2,6,10,5
dataset4,GGCTGAGCACTCAATA-1,4,48.0,21.0,3,Mesenchyme,8,12,13
dataset4,AGAGCTATAATTAAGA-1,4,32.0,32.0,0,Cartilage_2,6,10,5
dataset4,GATACGGAGCAGGTCC-1,4,11.0,11.0,6,Primary_brain_1,2,6,11
dataset4,ACTTAACCGGCTGAGC-1,4,44.0,3.0,7,Primary_brain_2,12,6,11
dataset4,CAACCGCTGCGTTGGA-1,0,43.0,23.0,3,Mesenchyme,8,12,13
dataset4,ACGGAGGCCCGAGAAT-1,4,21.0,26.0,6,Primary_brain_1,2,6,11
dataset4,AGAGAAGGCTTGCGCC-1,4,5.0,14.0,6,Primary_brain_1,2,6,11
dataset4,GCGTTGGAAGAACGTC-1,4,28.0,13.0,6,Primary_brain_1,2,6,12
dataset4,TGCCGGCATCGGCCTT-1,4,17.0,12.0,7,Primary_brain_2,12,1,11
dataset4,CCGATTCCTAGAATTA-1,0,47.0,16.0,3,Mesenchyme,8,12,13
dataset4,AATTAAGAAGAGCTAT-1,0,19.0,19.0,3,Mesenchyme,8,12,13
dataset4,ACTCAATAACGGAGGC-1,0,30.0,30.0,3,Mesenchyme,8,12,13
dataset4,GCCATTCTCTAAGAGA-1,4,34.0,20.0,0,Cartilage_2,6,10,5
dataset4,AGAGCTATATCATATT-1,4,32.0,36.0,3,Mesenchyme,8,11,13
dataset4,TAGATCTAGGTACTGC-1,4,20.0,15.0,7,Primary_brain_2,12,1,13
dataset4,CGAACGCCGGCTGAGC-1,0,49.0,3.0,0,Cartilage_2,6,11,5
dataset4,AGAACGTCATCATATT-1,3,38.0,36.0,5,Muscle,5,13,5
dataset4,TAGAATTATAGAGTAA-1,4,35.0,10.0,3,Mesenchyme,8,12,13
dataset4,AGAGCTATCGACGCGA-1,4,32.0,39.0,3,Mesenchyme,8,11,13
dataset4,TCTGATACGCAGGTCC-1,4,9.0,11.0,6,Primary_brain_1,2,6,11
dataset4,ACTCAATAAGAGCTAT-1,0,30.0,19.0,3,Mesenchyme,8,12,13
dataset4,CAACCGCTTGGTCAGC-1,4,43.0,37.0,0,Cartilage_2,6,10,5
dataset4,CGAACGCCGACCTTGA-1,4,49.0,9.0,0,Cartilage_2,6,11,5
dataset4,AGAACGTCAGAGCTAT-1,4,38.0,19.0,0,Cartilage_2,6,10,5
dataset4,CCGATTCCGGCTGAGC-1,4,47.0,3.0,0,Cartilage_2,6,11,5
dataset4,GCCATTCTGGTACTGC-1,4,34.0,15.0,0,Cartilage_2,6,10,5
dataset4,TAGAGTAATTATTCAT-1,4,41.0,33.0,0,Cartilage_2,6,11,5
dataset4,CTTGCGCCAAGAAGCT-1,4,37.0,44.0,3,Mesenchyme,8,12,13
dataset4,CTAAGAGATAGATCTA-1,4,31.0,31.0,0,Cartilage_2,6,11,4
dataset4,GGTACTGCTCCTACCA-1,4,36.0,22.0,0,Cartilage_2,6,10,5
dataset4,GCAGGTCCGATCTTAC-1,4,40.0,24.0,3,Mesenchyme,8,12,13
dataset4,CAACCGCTCGACGCGA-1,4,43.0,39.0,0,Cartilage_2,6,10,5
dataset4,CCGATTCCGCCATTCT-1,4,47.0,17.0,3,Mesenchyme,8,12,13
dataset4,TAGAGTAAGCAGGTCC-1,4,41.0,11.0,0,Cartilage_2,6,11,5
dataset4,TAGAATTATAGATCTA-1,4,35.0,31.0,0,Cartilage_2,6,10,5
dataset4,GCCATTCTTAGAGTAA-1,4,34.0,10.0,7,Primary_brain_2,12,1,11
dataset4,ATCATATTCTTGCGCC-1,2,15.0,14.0,7,Primary_brain_2,12,1,10
dataset4,CAACCGCTCGAACGCC-1,4,43.0,2.0,0,Cartilage_2,6,11,11
dataset4,AGAACGTCTGCCGGCA-1,4,38.0,34.0,0,Cartilage_2,6,10,5
dataset4,TAGAGTAAGACCTTGA-1,4,41.0,9.0,3,Mesenchyme,8,11,5
dataset4,TCGGCCTTCTTGCGCC-1,4,39.0,14.0,0,Cartilage_2,6,10,5
dataset4,TTATCCGGCCGAGAAT-1,4,10.0,26.0,6,Primary_brain_1,2,6,11
dataset4,GGTACTGCTTATTCAT-1,4,36.0,33.0,0,Cartilage_2,6,10,5
dataset4,CCGAGAATTAGAATTA-1,4,25.0,16.0,3,Mesenchyme,8,11,13
dataset4,GCCATTCTCCGAGAAT-1,4,34.0,26.0,0,Cartilage_2,6,10,5
dataset4,TTATTCATGCCATTCT-1,0,18.0,17.0,3,Mesenchyme,8,12,13
dataset4,ACTCAATATTATTCAT-1,0,30.0,33.0,3,Mesenchyme,8,12,13
dataset4,TGCGGACCAGAGCTAT-1,0,22.0,19.0,3,Mesenchyme,8,12,13
dataset4,GATCTTACTCGGCCTT-1,4,27.0,12.0,6,Primary_brain_1,2,6,12
dataset4,TCGGCCTTTAGAATTA-1,4,39.0,16.0,0,Cartilage_2,6,10,5
dataset4,TTGACTTCGACCTTGA-1,4,33.0,9.0,6,Primary_brain_1,2,6,12
dataset4,TGCGGACCGCCATTCT-1,4,22.0,17.0,7,Primary_brain_2,12,1,13
dataset4,GGTACTGCTTACCGAG-1,4,36.0,35.0,0,Cartilage_2,6,10,5
dataset4,ACTTAACCACTTAACC-1,4,44.0,7.0,0,Cartilage_2,6,10,5
dataset4,TTGACTTCACGGAGGC-1,4,33.0,30.0,0,Cartilage_2,6,10,4
dataset4,GCAGGTCCACCGCCAA-1,4,40.0,5.0,6,Primary_brain_1,2,6,11
dataset4,TGGTCAGCTAGAGTAA-1,4,14.0,10.0,7,Primary_brain_2,12,1,11
dataset4,CCGAGAATCCGAGAAT-1,4,25.0,26.0,3,Mesenchyme,8,11,13
dataset4,TGCGGACCCTGATGGT-1,4,22.0,25.0,7,Primary_brain_2,12,1,11
dataset4,CTGATGGTTGGTCAGC-1,4,26.0,37.0,7,Primary_brain_2,12,1,11
dataset4,TCGGCCTTTTGACTTC-1,4,39.0,18.0,0,Cartilage_2,6,10,5
dataset4,TGGTCAGCCTGATGGT-1,4,14.0,25.0,6,Primary_brain_1,2,6,11
dataset4,ATAAGGAGTGGTCAGC-1,4,50.0,37.0,0,Cartilage_2,6,10,5
dataset4,GCGTTGGATGCCGGCA-1,4,28.0,34.0,3,Mesenchyme,8,10,4
dataset4,ATAAGGAGGGCTGAGC-1,4,50.0,3.0,3,Mesenchyme,8,12,5
dataset4,AGAACGTCTAGAATTA-1,4,38.0,16.0,0,Cartilage_2,6,10,5
dataset4,TTGACTTCTTATTCAT-1,4,33.0,33.0,3,Mesenchyme,8,10,4
dataset4,CTAAGAGAACTATGCA-1,0,31.0,38.0,3,Mesenchyme,8,11,13
dataset4,GGCTGAGCCGAACGCC-1,0,48.0,2.0,0,Cartilage_2,6,12,5
dataset4,TTGACTTCTAGAGTAA-1,4,33.0,10.0,7,Primary_brain_2,12,1,11
dataset4,TGAGTCTGTGCCGGCA-1,4,23.0,34.0,3,Mesenchyme,8,6,13
dataset4,CGACGCGATTGACTTC-1,4,12.0,18.0,6,Primary_brain_1,2,6,11
dataset4,TAGAATTAACGGAGGC-1,4,35.0,30.0,0,Cartilage_2,6,10,5
dataset4,TCGGCCTTGACCTTGA-1,4,39.0,9.0,0,Cartilage_2,6,11,5
dataset4,GCAGGTCCACTTAACC-1,4,40.0,7.0,6,Primary_brain_1,2,6,11
dataset4,TCCTACCAACTATGCA-1,0,29.0,38.0,3,Mesenchyme,8,12,13
dataset4,CAACCGCTCAACCGCT-1,4,43.0,8.0,3,Mesenchyme,8,11,4
dataset4,AGAGCTATTAGAGTAA-1,4,32.0,10.0,6,Primary_brain_1,2,6,12
dataset4,CAACCGCTTGCCGGCA-1,4,43.0,34.0,0,Cartilage_2,6,10,5
dataset4,CATACTCCTTGACTTC-1,4,4.0,18.0,3,Mesenchyme,8,11,11
dataset4,GATCTTACGCGTTGGA-1,4,27.0,23.0,3,Mesenchyme,8,10,4
dataset4,GCCGCAACCTGATGGT-1,4,24.0,25.0,2,Diencephalon_and_hindbrain,13,4,13
dataset4,CCAGTTCCACTATGCA-1,4,45.0,38.0,0,Cartilage_2,6,10,5
dataset4,GACCTTGAACCGCCAA-1,4,42.0,5.0,6,Primary_brain_1,2,6,11
dataset4,TAGAGTAAGGTACTGC-1,4,41.0,15.0,3,Mesenchyme,8,12,13
dataset4,AGAACGTCTAGAGTAA-1,4,38.0,10.0,0,Cartilage_2,6,11,5
dataset4,CAACCGCTTTATTCAT-1,4,43.0,33.0,0,Cartilage_2,6,10,5
dataset4,CAACCGCTAGAGCTAT-1,4,43.0,19.0,3,Mesenchyme,8,12,13
dataset4,ACCGCCAACTTGCGCC-1,4,46.0,14.0,0,Cartilage_2,6,10,5
dataset4,ACTATGCATCGGCCTT-1,4,13.0,12.0,6,Primary_brain_1,2,1,11
dataset4,ACTCAATAAGAACGTC-1,0,30.0,13.0,6,Primary_brain_1,2,6,13
dataset4,TTATCCGGGATCTTAC-1,4,10.0,24.0,6,Primary_brain_1,2,6,11
dataset4,ATCATATTTTGACTTC-1,0,15.0,18.0,3,Mesenchyme,8,12,13
dataset4,CGAACGCCGCCATTCT-1,0,49.0,17.0,3,Mesenchyme,8,12,13
dataset4,TAGAGTAACCAGTTCC-1,4,41.0,6.0,6,Primary_brain_1,2,6,11
dataset4,CTGATGGTCTTGCGCC-1,4,26.0,14.0,6,Primary_brain_1,2,6,12
dataset4,TCGGCCTTGAAGATCG-1,0,39.0,43.0,0,Cartilage_2,6,13,5
dataset4,AGAGAAGGGCCATTCT-1,4,5.0,17.0,6,Primary_brain_1,2,6,11
dataset4,AATTAAGATCCTACCA-1,0,19.0,22.0,3,Mesenchyme,8,12,13
dataset4,ACTTAACCTAGATCTA-1,4,44.0,31.0,3,Mesenchyme,8,12,4
dataset4,CCGATTCCGCAGGTCC-1,4,47.0,11.0,0,Cartilage_2,6,10,5
dataset4,TTACCGAGCAACCGCT-1,0,16.0,8.0,0,Cartilage_2,6,1,5
dataset4,CCGATTCCCGACGCGA-1,4,47.0,39.0,0,Cartilage_2,6,10,5
dataset4,TAGAATTACTGATGGT-1,4,35.0,25.0,0,Cartilage_2,6,10,5
dataset4,ACCGCCAACGACGCGA-1,4,46.0,39.0,0,Cartilage_2,6,10,5
dataset4,ATCATATTCCGAGAAT-1,0,15.0,26.0,6,Primary_brain_1,2,6,11
dataset4,TAGATCTAGCCATTCT-1,0,20.0,17.0,3,Mesenchyme,8,12,13
dataset4,GCAGGTCCCCGATTCC-1,4,40.0,4.0,6,Primary_brain_1,2,6,11
dataset4,GCCATTCTGCAGGTCC-1,4,34.0,11.0,3,Mesenchyme,8,11,13
dataset4,GATCTTACACCGCCAA-1,4,27.0,5.0,6,Primary_brain_1,2,6,12
dataset4,TCCTACCACGACGCGA-1,0,29.0,39.0,3,Mesenchyme,8,12,13
dataset4,ACTTAACCGGTACTGC-1,4,44.0,15.0,0,Cartilage_2,6,11,5
dataset4,CGAACGCCCCAGTTCC-1,3,49.0,6.0,5,Muscle,5,13,5
dataset4,CGAACGCCCCGATTCC-1,4,49.0,4.0,0,Cartilage_2,6,11,5
dataset4,GATCTTACGGTACTGC-1,4,27.0,15.0,7,Primary_brain_2,12,1,10
dataset4,TTGACTTCAGAGCTAT-1,4,33.0,19.0,0,Cartilage_2,6,10,5
dataset4,AGAGCTATTGCCGGCA-1,4,32.0,34.0,3,Mesenchyme,8,10,4
dataset4,GGCTGAGCCTTGCGCC-1,4,48.0,14.0,0,Cartilage_2,6,10,5
dataset4,GACCTTGATGCCGGCA-1,4,42.0,34.0,0,Cartilage_2,6,10,5
dataset4,AGAGCTATTAGAATTA-1,4,32.0,16.0,0,Cartilage_2,6,11,4
dataset4,ATCATATTGACCTTGA-1,4,15.0,9.0,7,Primary_brain_2,12,1,11
dataset4,CAACCGCTACTTAACC-1,4,43.0,7.0,2,Diencephalon_and_hindbrain,13,3,10
dataset4,AGAACGTCGCAGGTCC-1,4,38.0,11.0,0,Cartilage_2,6,10,5
dataset4,GGTACTGCGCGTTGGA-1,4,36.0,23.0,0,Cartilage_2,6,10,5
dataset4,ACTCAATATCTGATAC-1,0,30.0,42.0,3,Mesenchyme,8,12,13
dataset4,TAGAATTACAACCGCT-1,0,35.0,8.0,3,Mesenchyme,8,12,13
dataset4,GATCTTACAAGAAGCT-1,4,27.0,44.0,3,Mesenchyme,8,11,13
dataset4,CCAGTTCCTGGTCAGC-1,4,45.0,37.0,0,Cartilage_2,6,10,5
dataset4,CAACCGCTTCCTACCA-1,4,43.0,22.0,3,Mesenchyme,8,12,13
dataset4,CGAACGCCTAGATCTA-1,4,49.0,31.0,0,Cartilage_2,6,10,5
dataset4,GGCTGAGCGACCTTGA-1,4,48.0,9.0,0,Cartilage_2,6,11,5
dataset4,GCTAACTTCTAAGAGA-1,0,3.0,20.0,3,Mesenchyme,8,12,13
dataset4,GCCATTCTAGAGAAGG-1,0,34.0,46.0,3,Mesenchyme,8,12,13
dataset4,GGTACTGCCTGATGGT-1,4,36.0,25.0,0,Cartilage_2,6,10,5
dataset4,CAACCGCTTAGAGTAA-1,4,43.0,10.0,0,Cartilage_2,6,11,13
dataset4,TTGACTTCTAGATCTA-1,4,33.0,31.0,3,Mesenchyme,8,10,4
dataset4,CGACGCGAGGTACTGC-1,4,12.0,15.0,6,Primary_brain_1,2,6,11
dataset4,ACTATGCATAGAATTA-1,4,13.0,16.0,7,Primary_brain_2,12,1,11
dataset4,CGACGCGAGACCTTGA-1,0,12.0,9.0,7,Primary_brain_2,12,1,11
dataset4,CTGATGGTTGCCGGCA-1,4,26.0,34.0,7,Primary_brain_2,12,1,10
dataset4,CCGAGAATTAGATCTA-1,4,25.0,31.0,7,Primary_brain_2,12,1,11
dataset4,AGAGCTATAAGAAGCT-1,0,32.0,44.0,3,Mesenchyme,8,12,13
dataset4,TCCTACCACTGATGGT-1,0,29.0,25.0,3,Mesenchyme,8,12,4
dataset4,CATACTCCGGTACTGC-1,0,4.0,15.0,3,Mesenchyme,8,12,13
dataset4,GCTAACTTTAGAATTA-1,0,3.0,16.0,0,Cartilage_2,6,12,4
dataset4,TCGGCCTTCAACCGCT-1,4,39.0,8.0,0,Cartilage_2,6,6,4
dataset4,GCCGCAACCTAAGAGA-1,4,24.0,20.0,3,Mesenchyme,8,12,13
dataset4,TGCGGACCGCAGGTCC-1,0,22.0,11.0,3,Mesenchyme,8,4,13
dataset4,CCGAGAATTCGGCCTT-1,4,25.0,12.0,6,Primary_brain_1,2,6,13
dataset4,GCAGGTCCACTATGCA-1,4,40.0,38.0,0,Cartilage_2,6,11,5
dataset4,TAGAGTAAAGAACGTC-1,4,41.0,13.0,0,Cartilage_2,6,10,5
dataset4,ACTTAACCACTCAATA-1,4,44.0,21.0,3,Mesenchyme,8,12,13
dataset4,CTGATGGTACCGCCAA-1,4,26.0,5.0,6,Primary_brain_1,2,6,12
dataset4,TGCGGACCGGTACTGC-1,4,22.0,15.0,7,Primary_brain_2,12,1,11
dataset4,AATTAAGACTTGCGCC-1,0,19.0,14.0,3,Mesenchyme,8,12,13
dataset4,CTGATGGTTGAGTCTG-1,4,26.0,28.0,3,Mesenchyme,8,11,13
dataset4,TTATTCATGCGTTGGA-1,0,18.0,23.0,3,Mesenchyme,8,12,13
dataset4,TTGACTTCTCGGCCTT-1,4,33.0,12.0,2,Diencephalon_and_hindbrain,13,3,10
dataset4,GATCTTACGAAGATCG-1,4,27.0,43.0,2,Diencephalon_and_hindbrain,13,4,11
dataset4,TAGATCTAAGAACGTC-1,2,20.0,13.0,7,Primary_brain_2,12,1,10
dataset4,TAGAGTAATAGAGTAA-1,4,41.0,10.0,3,Mesenchyme,8,11,13
dataset4,CGAACGCCTAGAATTA-1,0,49.0,16.0,3,Mesenchyme,8,12,13
dataset4,CAACCGCTACTCAATA-1,4,43.0,21.0,3,Mesenchyme,8,12,4
dataset4,TCGGCCTTCCAGTTCC-1,4,39.0,6.0,0,Cartilage_2,6,11,11
dataset4,TTGACTTCATCATATT-1,0,33.0,36.0,3,Mesenchyme,8,11,13
dataset4,ACTTAACCTGCCGGCA-1,4,44.0,34.0,0,Cartilage_2,6,10,5
dataset4,TAGAATTATAGAATTA-1,4,35.0,16.0,0,Cartilage_2,6,10,5
dataset4,TGGTCAGCTTGACTTC-1,4,14.0,18.0,7,Primary_brain_2,12,1,11
dataset4,CCGATTCCTAGAGTAA-1,4,47.0,10.0,0,Cartilage_2,6,10,5
dataset4,TCGGCCTTTCTGATAC-1,3,39.0,42.0,5,Muscle,5,13,5
dataset4,AGAGAAGGGATCTTAC-1,0,5.0,24.0,3,Mesenchyme,8,12,10
dataset4,CGAACGCCTTGACTTC-1,0,49.0,18.0,3,Mesenchyme,8,12,13
dataset4,TTGACTTCCAACCGCT-1,4,33.0,8.0,6,Primary_brain_1,2,6,12
dataset4,TAGAGTAAAGAGCTAT-1,0,41.0,19.0,3,Mesenchyme,8,12,13
dataset4,CTAAGAGATTACCGAG-1,4,31.0,35.0,3,Mesenchyme,8,12,13
dataset4,ACGGAGGCAGAGCTAT-1,0,21.0,19.0,3,Mesenchyme,8,12,13
dataset4,CCAGTTCCAATTAAGA-1,4,45.0,32.0,3,Mesenchyme,8,12,13
dataset4,TTACCGAGAGAGCTAT-1,0,16.0,19.0,3,Mesenchyme,8,12,13
dataset4,TAGAGTAACGACGCGA-1,4,41.0,39.0,0,Cartilage_2,6,10,5
dataset4,GGTACTGCAATTAAGA-1,4,36.0,32.0,0,Cartilage_2,6,10,5
dataset4,GCCATTCTACGGAGGC-1,4,34.0,30.0,0,Cartilage_2,6,10,5
dataset4,TCTGATACGCGTTGGA-1,0,9.0,23.0,6,Primary_brain_1,2,6,11
dataset4,TGAGTCTGGATCTTAC-1,0,23.0,24.0,3,Mesenchyme,8,4,13
dataset4,TCCTACCAATCATATT-1,0,29.0,36.0,3,Mesenchyme,8,12,4
dataset4,TAGAATTATCCGGCCT-1,0,35.0,45.0,3,Mesenchyme,8,12,13
dataset4,AGAACGTCACTATGCA-1,4,38.0,38.0,5,Muscle,5,13,4
dataset4,CCGATTCCAGAGCTAT-1,4,47.0,19.0,3,Mesenchyme,8,12,13
dataset4,TTGACTTCCCAGTTCC-1,4,33.0,6.0,0,Cartilage_2,6,11,4
dataset4,ACTTAACCAATTAAGA-1,4,44.0,32.0,3,Mesenchyme,8,12,13
dataset4,GCCGCAACACTTAACC-1,4,24.0,7.0,6,Primary_brain_1,2,6,12
dataset4,TCTGATACTAGAGTAA-1,4,9.0,10.0,0,Cartilage_2,6,12,11
dataset4,GGTACTGCCTAAGAGA-1,4,36.0,20.0,0,Cartilage_2,6,10,5
dataset4,TCCTACCAAGAACGTC-1,4,29.0,13.0,6,Primary_brain_1,2,6,12
dataset4,TCCGGCCTCCGAGAAT-1,4,6.0,26.0,6,Primary_brain_1,2,6,11
dataset4,GACCTTGATTGACTTC-1,4,42.0,18.0,3,Mesenchyme,8,12,13
dataset4,GAAGATCGTGCGGACC-1,4,8.0,29.0,3,Mesenchyme,8,12,13
dataset4,CCGATTCCATCATATT-1,4,47.0,36.0,0,Cartilage_2,6,10,5
dataset4,GGTACTGCGACCTTGA-1,0,36.0,9.0,3,Mesenchyme,8,11,4
dataset4,ACTCAATAGCCATTCT-1,0,30.0,17.0,3,Mesenchyme,8,12,4
dataset4,ACTCAATACAACCGCT-1,0,30.0,8.0,6,Primary_brain_1,2,12,12
dataset4,CTTGCGCCTCCTACCA-1,4,37.0,22.0,0,Cartilage_2,6,10,5
dataset4,CTTGCGCCTTGACTTC-1,4,37.0,18.0,0,Cartilage_2,6,10,5
dataset4,TAGAATTAGCAGGTCC-1,4,35.0,11.0,3,Mesenchyme,8,11,13
dataset4,GATCTTACTTATTCAT-1,4,27.0,33.0,0,Cartilage_2,6,10,4
dataset4,ACTCAATATTACCGAG-1,0,30.0,35.0,3,Mesenchyme,8,12,13
dataset4,TCCTACCAGCCATTCT-1,0,29.0,17.0,3,Mesenchyme,8,12,13
dataset4,ATAAGGAGACTTAACC-1,4,50.0,7.0,5,Muscle,5,13,5
dataset4,ACCGCCAATGCCGGCA-1,4,46.0,34.0,0,Cartilage_2,6,10,5
dataset4,CTGATGGTTTATCCGG-1,4,26.0,41.0,7,Primary_brain_2,12,1,11
dataset4,TCCTACCATGCCGGCA-1,0,29.0,34.0,3,Mesenchyme,8,11,4
dataset4,ATAAGGAGTGCGGACC-1,4,50.0,29.0,0,Cartilage_2,6,10,5
dataset4,CGACGCGAAGAGCTAT-1,4,12.0,19.0,6,Primary_brain_1,2,6,11
dataset4,CTGATGGTGGTACTGC-1,4,26.0,15.0,7,Primary_brain_2,12,1,11
dataset4,ATAAGGAGCGAACGCC-1,0,50.0,2.0,3,Mesenchyme,8,12,5
dataset4,ACTCAATAGAAGATCG-1,0,30.0,43.0,3,Mesenchyme,8,12,13
dataset4,CTTGCGCCTAGAGTAA-1,4,37.0,10.0,0,Cartilage_2,6,11,5
dataset4,TCTGATACCCGAGAAT-1,4,9.0,26.0,6,Primary_brain_1,2,6,11
dataset4,GCGTTGGACTAAGAGA-1,4,28.0,20.0,6,Primary_brain_1,2,6,12
dataset4,TTGACTTCGCAGGTCC-1,4,33.0,11.0,7,Primary_brain_2,12,1,11
dataset4,GCCGCAACTTATCCGG-1,4,24.0,41.0,6,Primary_brain_1,2,6,11
dataset4,GCCATTCTTGGTCAGC-1,4,34.0,37.0,3,Mesenchyme,8,11,4
dataset4,ATAAGGAGTAGAATTA-1,4,50.0,16.0,0,Cartilage_2,6,10,5
dataset4,TGAGTCTGAAGAAGCT-1,0,23.0,44.0,3,Mesenchyme,8,12,5
dataset4,ACCGCCAAGATACGGA-1,4,46.0,40.0,0,Cartilage_2,6,10,5
dataset4,TAGAATTATTGACTTC-1,4,35.0,18.0,0,Cartilage_2,6,10,5
dataset4,ACTATGCAGCGTTGGA-1,4,13.0,23.0,6,Primary_brain_1,2,6,11
dataset4,ACTATGCAGGTACTGC-1,4,13.0,15.0,7,Primary_brain_2,12,1,11
dataset4,GACCTTGACAACCGCT-1,4,42.0,8.0,3,Mesenchyme,8,11,4
dataset4,TGCCGGCAACTCAATA-1,0,17.0,21.0,3,Mesenchyme,8,12,13
dataset4,CTAAGAGAACGGAGGC-1,4,31.0,30.0,3,Mesenchyme,8,12,4
dataset4,TAGAATTATGAGTCTG-1,4,35.0,28.0,0,Cartilage_2,6,10,5
dataset4,TCGGCCTTTGCCGGCA-1,4,39.0,34.0,0,Cartilage_2,6,10,5
dataset4,CCGATTCCCGAACGCC-1,4,47.0,2.0,0,Cartilage_2,6,12,5
dataset4,AATTAAGATCGGCCTT-1,4,19.0,12.0,7,Primary_brain_2,12,1,11
dataset4,TTATTCATAGAGCTAT-1,0,18.0,19.0,3,Mesenchyme,8,12,13
dataset4,GGCTGAGCTGGTCAGC-1,4,48.0,37.0,0,Cartilage_2,6,10,5
dataset4,GGCTGAGCACGGAGGC-1,4,48.0,30.0,0,Cartilage_2,6,10,5
dataset4,TCGGCCTTCCGATTCC-1,0,39.0,4.0,0,Cartilage_2,6,11,11
dataset4,GCAGGTCCTGGTCAGC-1,3,40.0,37.0,5,Muscle,5,11,5
dataset4,GACCTTGATTATTCAT-1,4,42.0,33.0,0,Cartilage_2,6,10,5
dataset4,ATCATATTCTAAGAGA-1,4,15.0,20.0,6,Primary_brain_1,2,6,11
dataset4,TAGAGTAACCGATTCC-1,4,41.0,4.0,6,Primary_brain_1,2,6,11
dataset4,GCAGGTCCTCCTACCA-1,4,40.0,22.0,3,Mesenchyme,8,12,13
dataset4,CCAGTTCCCGAACGCC-1,0,45.0,2.0,0,Cartilage_2,6,11,13
dataset4,ACCGCCAAGCAGGTCC-1,4,46.0,11.0,0,Cartilage_2,6,10,5
dataset4,TAGAGTAATCGGCCTT-1,4,41.0,12.0,0,Cartilage_2,6,10,5
dataset4,ACTTAACCCTAAGAGA-1,4,44.0,20.0,3,Mesenchyme,8,12,13
dataset4,CATACTCCGATCTTAC-1,4,4.0,24.0,6,Primary_brain_1,2,6,11
dataset4,TCCTACCATTATCCGG-1,0,29.0,41.0,3,Mesenchyme,8,12,13
dataset4,GACCTTGATTACCGAG-1,4,42.0,35.0,0,Cartilage_2,6,10,5
dataset4,GGCTGAGCCGACGCGA-1,4,48.0,39.0,0,Cartilage_2,6,10,5
dataset4,GCCATTCTTAGAATTA-1,4,34.0,16.0,0,Cartilage_2,6,10,5
dataset4,CTGATGGTAATTAAGA-1,4,26.0,32.0,3,Mesenchyme,8,11,13
dataset4,CTAAGAGACCAGTTCC-1,4,31.0,6.0,6,Primary_brain_1,2,6,12
dataset4,GAAGATCGGCAGGTCC-1,4,8.0,11.0,6,Primary_brain_1,2,6,11
dataset4,ACGGAGGCCTGATGGT-1,4,21.0,25.0,7,Primary_brain_2,12,1,11
dataset4,GCAGGTCCGGTACTGC-1,4,40.0,15.0,0,Cartilage_2,6,10,5
dataset4,ACGGAGGCTCGGCCTT-1,4,21.0,12.0,7,Primary_brain_2,12,1,13
dataset4,TGAGTCTGTCTGATAC-1,4,23.0,42.0,6,Primary_brain_1,2,6,11
dataset4,CTAAGAGAAGAACGTC-1,4,31.0,13.0,2,Diencephalon_and_hindbrain,13,7,10
dataset4,CCGATTCCGGTACTGC-1,4,47.0,15.0,3,Mesenchyme,8,11,13
dataset4,CTGATGGTTCGGCCTT-1,4,26.0,12.0,6,Primary_brain_1,2,6,13
dataset4,ACCGCCAAACTATGCA-1,4,46.0,38.0,0,Cartilage_2,6,10,5
dataset4,GCCATTCTTTACCGAG-1,4,34.0,35.0,2,Diencephalon_and_hindbrain,13,3,4
dataset4,GCCGCAACTCGGCCTT-1,4,24.0,12.0,6,Primary_brain_1,2,6,12
dataset4,ACTCAATATCCTACCA-1,0,30.0,22.0,3,Mesenchyme,8,12,5
dataset4,TAGAATTATGGTCAGC-1,4,35.0,37.0,3,Mesenchyme,8,11,4
dataset4,ATCATATTAGAGCTAT-1,0,15.0,19.0,3,Mesenchyme,8,11,13
dataset4,CATACTCCTAGAATTA-1,0,4.0,16.0,2,Diencephalon_and_hindbrain,13,12,13
dataset4,GATCTTACGATACGGA-1,4,27.0,40.0,7,Primary_brain_2,12,1,11
dataset4,CTGATGGTTCCTACCA-1,4,26.0,22.0,3,Mesenchyme,8,11,4
dataset4,CTTGCGCCGGTACTGC-1,4,37.0,15.0,0,Cartilage_2,6,10,5
dataset4,GGTACTGCAGAACGTC-1,4,36.0,13.0,0,Cartilage_2,6,10,5
dataset4,CCAGTTCCCCGATTCC-1,4,45.0,4.0,0,Cartilage_2,6,6,4
dataset4,GGTACTGCGAAGATCG-1,0,36.0,43.0,5,Muscle,5,13,5
dataset4,CCAGTTCCCTTGCGCC-1,4,45.0,14.0,0,Cartilage_2,6,10,5
dataset4,TTATCCGGTCGGCCTT-1,4,10.0,12.0,6,Primary_brain_1,2,6,11
dataset4,CTGATGGTATCATATT-1,4,26.0,36.0,7,Primary_brain_2,12,1,11
dataset4,AGAGCTATAGAGAAGG-1,0,32.0,46.0,3,Mesenchyme,8,12,13
dataset4,CCGATTCCACCGCCAA-1,4,47.0,5.0,0,Cartilage_2,6,11,5
dataset4,GCCATTCTAGAACGTC-1,4,34.0,13.0,0,Cartilage_2,6,11,4
dataset4,GACCTTGATAGAGTAA-1,0,42.0,10.0,0,Cartilage_2,6,11,13
dataset4,TTGACTTCACTTAACC-1,4,33.0,7.0,6,Primary_brain_1,2,6,12
dataset4,TAGATCTACTAAGAGA-1,0,20.0,20.0,3,Mesenchyme,8,12,13
dataset4,AATTAAGATAGAATTA-1,0,19.0,16.0,3,Mesenchyme,8,12,13
dataset4,TGAGTCTGCTAAGAGA-1,0,23.0,20.0,3,Mesenchyme,8,12,13
dataset4,TAGAGTAAACTATGCA-1,4,41.0,38.0,0,Cartilage_2,6,11,5
dataset4,CGAACGCCAGAACGTC-1,4,49.0,13.0,0,Cartilage_2,6,10,5
dataset4,AGAGCTATGCAGGTCC-1,4,32.0,11.0,6,Primary_brain_1,2,6,12
dataset4,GGTACTGCTCTGATAC-1,4,36.0,42.0,5,Muscle,5,13,5
dataset4,GCTAACTTTCCTACCA-1,0,3.0,22.0,3,Mesenchyme,8,12,4
dataset4,TTGACTTCGGTACTGC-1,4,33.0,15.0,3,Mesenchyme,8,11,4
dataset4,TTGACTTCTTGACTTC-1,4,33.0,18.0,0,Cartilage_2,6,10,5
dataset4,TCGGCCTTGGTACTGC-1,4,39.0,15.0,0,Cartilage_2,6,10,5
dataset4,ATCATATTTAGAGTAA-1,4,15.0,10.0,7,Primary_brain_2,12,1,11
dataset4,TAGATCTAACTCAATA-1,0,20.0,21.0,3,Mesenchyme,8,12,13
dataset4,CTGATGGTACTATGCA-1,4,26.0,38.0,7,Primary_brain_2,12,1,11
dataset4,GATCTTACAATTAAGA-1,4,27.0,32.0,0,Cartilage_2,6,10,4
dataset4,TGAGTCTGTTACCGAG-1,4,23.0,35.0,3,Mesenchyme,8,6,13
dataset4,TGAGTCTGATCATATT-1,4,23.0,36.0,3,Mesenchyme,8,6,13
dataset4,TAGAGTAAACTCAATA-1,4,41.0,21.0,3,Mesenchyme,8,12,4
dataset4,TTACCGAGCTGATGGT-1,4,16.0,25.0,6,Primary_brain_1,2,6,11
dataset4,TGCGGACCTCGGCCTT-1,4,22.0,12.0,3,Mesenchyme,8,11,13
dataset4,TTACCGAGTTGACTTC-1,0,16.0,18.0,3,Mesenchyme,8,12,13
dataset4,ACTTAACCTCGGCCTT-1,4,44.0,12.0,0,Cartilage_2,6,10,5
dataset4,AGAACGTCGGTACTGC-1,4,38.0,15.0,0,Cartilage_2,6,10,5
dataset4,GGTACTGCGCAGGTCC-1,4,36.0,11.0,3,Mesenchyme,8,11,4
dataset4,TAGATCTACCGAGAAT-1,4,20.0,26.0,6,Primary_brain_1,2,6,11
dataset4,AGAACGTCCTAAGAGA-1,4,38.0,20.0,0,Cartilage_2,6,10,5
dataset4,ATAAGGAGACGGAGGC-1,4,50.0,30.0,0,Cartilage_2,6,10,5
dataset4,ACCGCCAACAACCGCT-1,4,46.0,8.0,0,Cartilage_2,6,10,5
dataset4,GCAGGTCCTTATTCAT-1,4,40.0,33.0,0,Cartilage_2,6,12,4
dataset4,CCGATTCCTGCCGGCA-1,4,47.0,34.0,0,Cartilage_2,6,10,5
dataset4,TGCGGACCACTCAATA-1,4,22.0,21.0,3,Mesenchyme,8,12,13
dataset4,GGCTGAGCACTATGCA-1,4,48.0,38.0,0,Cartilage_2,6,10,5
dataset4,CAACCGCTCCAGTTCC-1,4,43.0,6.0,7,Primary_brain_2,12,1,11
dataset4,TTGACTTCCGACGCGA-1,4,33.0,39.0,3,Mesenchyme,8,11,13
dataset4,AGAGCTATACTTAACC-1,4,32.0,7.0,6,Primary_brain_1,2,6,12
dataset4,AGAGAAGGGCGTTGGA-1,0,5.0,23.0,3,Mesenchyme,8,12,13
dataset4,GAAGATCGCTGATGGT-1,4,8.0,25.0,3,Mesenchyme,8,6,13
dataset4,TCGGCCTTTAGATCTA-1,0,39.0,31.0,3,Mesenchyme,8,12,13
dataset4,CTAAGAGATCGGCCTT-1,4,31.0,12.0,6,Primary_brain_1,2,6,12
dataset4,TAGAATTAAAGAAGCT-1,0,35.0,44.0,3,Mesenchyme,8,11,13
dataset4,CTGATGGTTCTGATAC-1,4,26.0,42.0,7,Primary_brain_2,12,1,11
dataset4,ACTATGCATAGAGTAA-1,4,13.0,10.0,7,Primary_brain_2,12,1,11
dataset4,CAACCGCTTCTGATAC-1,4,43.0,42.0,0,Cartilage_2,6,11,5
dataset4,CCAGTTCCACTTAACC-1,4,45.0,7.0,0,Cartilage_2,6,10,5
dataset4,CCGATTCCAGAACGTC-1,4,47.0,13.0,0,Cartilage_2,6,10,5
dataset4,CAACCGCTGGCTGAGC-1,4,43.0,3.0,6,Primary_brain_1,2,6,11
dataset4,TCGGCCTTGCCATTCT-1,4,39.0,17.0,0,Cartilage_2,6,10,5
dataset4,AATTAAGACCGAGAAT-1,4,19.0,26.0,6,Primary_brain_1,2,6,11
dataset4,TGGTCAGCGATCTTAC-1,4,14.0,24.0,6,Primary_brain_1,2,6,11
dataset4,ACTCAATATCCGGCCT-1,0,30.0,45.0,3,Mesenchyme,8,8,10
dataset4,TTATTCATTCGGCCTT-1,4,18.0,12.0,7,Primary_brain_2,12,1,11
dataset4,CTAAGAGATTATCCGG-1,0,31.0,41.0,3,Mesenchyme,8,12,13
dataset4,CTAAGAGAGAAGATCG-1,0,31.0,43.0,3,Mesenchyme,8,3,13
dataset4,ATCATATTAGAACGTC-1,2,15.0,13.0,7,Primary_brain_2,12,1,11
dataset4,CCAGTTCCGCCATTCT-1,4,45.0,17.0,3,Mesenchyme,8,12,13
dataset4,GATCTTACCTAAGAGA-1,4,27.0,20.0,6,Primary_brain_1,2,6,12
dataset4,TTGACTTCGCCATTCT-1,4,33.0,17.0,0,Cartilage_2,6,10,5
dataset4,GAAGATCGGATCTTAC-1,0,8.0,24.0,3,Mesenchyme,8,6,13
dataset4,TGGTCAGCTCGGCCTT-1,4,14.0,12.0,7,Primary_brain_2,12,1,11
dataset4,GATCTTACATCATATT-1,4,27.0,36.0,3,Mesenchyme,8,11,13
dataset4,GATCTTACTTGACTTC-1,4,27.0,18.0,3,Mesenchyme,8,11,4
dataset4,TTATCCGGCTGATGGT-1,4,10.0,25.0,6,Primary_brain_1,2,6,11
dataset4,TAGAGTAATCTGATAC-1,4,41.0,42.0,0,Cartilage_2,6,11,5
dataset4,GGTACTGCGGTACTGC-1,4,36.0,15.0,0,Cartilage_2,6,10,5
dataset4,GGTACTGCTTATCCGG-1,4,36.0,41.0,5,Muscle,5,13,5
dataset4,CTAAGAGAGCGTTGGA-1,4,31.0,23.0,0,Cartilage_2,6,10,5
dataset4,CTGATGGTGCCGCAAC-1,4,26.0,27.0,3,Mesenchyme,8,11,13
dataset4,CGAACGCCGGTACTGC-1,4,49.0,15.0,0,Cartilage_2,6,10,5
dataset4,TGGTCAGCGCCATTCT-1,4,14.0,17.0,2,Diencephalon_and_hindbrain,13,4,11
dataset4,GCCGCAACTCTGATAC-1,4,24.0,42.0,6,Primary_brain_1,2,6,11
dataset4,TAGATCTATAGAGTAA-1,4,20.0,10.0,7,Primary_brain_2,12,6,11
dataset4,GCCGCAACCTTGCGCC-1,4,24.0,14.0,3,Mesenchyme,8,5,13
dataset4,TCCTACCATTATTCAT-1,4,29.0,33.0,3,Mesenchyme,8,11,4
dataset4,CTTGCGCCGAAGATCG-1,4,37.0,43.0,5,Muscle,5,13,5
dataset4,TAGAGTAAGAAGATCG-1,0,41.0,43.0,0,Cartilage_2,6,11,5
dataset4,TGCGGACCCCGAGAAT-1,4,22.0,26.0,6,Primary_brain_1,2,6,11
dataset4,GATCTTACGCCATTCT-1,4,27.0,17.0,3,Mesenchyme,8,11,13
dataset4,TGAGTCTGGCGTTGGA-1,0,23.0,23.0,3,Mesenchyme,8,12,13
dataset4,TGGTCAGCCTAAGAGA-1,4,14.0,20.0,6,Primary_brain_1,2,6,11
dataset4,TAGAGTAAGCCATTCT-1,0,41.0,17.0,3,Mesenchyme,8,12,13
dataset4,ATAAGGAGTCGGCCTT-1,4,50.0,12.0,0,Cartilage_2,6,10,5
dataset4,ATAAGGAGAGAACGTC-1,4,50.0,13.0,0,Cartilage_2,6,10,5
dataset4,TGCGGACCTGAGTCTG-1,4,22.0,28.0,6,Primary_brain_1,2,6,11
dataset4,CCAGTTCCTGCCGGCA-1,4,45.0,34.0,0,Cartilage_2,6,10,5
dataset4,TCCTACCATAGATCTA-1,0,29.0,31.0,0,Cartilage_2,6,12,13
dataset4,ACTTAACCTTGACTTC-1,4,44.0,18.0,3,Mesenchyme,8,12,4
dataset4,GCAGGTCCATCATATT-1,4,40.0,36.0,0,Cartilage_2,6,11,5
dataset4,ATAAGGAGTGCCGGCA-1,4,50.0,34.0,0,Cartilage_2,6,10,5
dataset4,CTGATGGTGCGTTGGA-1,4,26.0,23.0,3,Mesenchyme,8,11,13
dataset4,TAGAGTAAATCATATT-1,4,41.0,36.0,0,Cartilage_2,6,10,5
dataset4,GCAGGTCCTCGGCCTT-1,4,40.0,12.0,0,Cartilage_2,6,10,5
dataset4,TAGAATTAGCGTTGGA-1,4,35.0,23.0,0,Cartilage_2,6,10,5
dataset4,TGAGTCTGTCGGCCTT-1,4,23.0,12.0,6,Primary_brain_1,2,6,12
dataset4,GCCATTCTAGAGCTAT-1,4,34.0,19.0,0,Cartilage_2,6,10,5
dataset4,GCCATTCTTTATTCAT-1,4,34.0,33.0,0,Cartilage_2,6,10,5
dataset4,CAACCGCTTTGACTTC-1,0,43.0,18.0,3,Mesenchyme,8,12,13
dataset4,CCGATTCCCCAGTTCC-1,4,47.0,6.0,0,Cartilage_2,6,10,5
dataset4,GATACGGATAGAGTAA-1,4,11.0,10.0,7,Primary_brain_2,12,1,11
dataset4,AAGAAGCTCCGAGAAT-1,0,7.0,26.0,6,Primary_brain_1,2,12,13
dataset4,TGCGGACCCAACCGCT-1,0,22.0,8.0,3,Mesenchyme,8,12,13
dataset4,ACTCAATAACTATGCA-1,0,30.0,38.0,3,Mesenchyme,8,12,13
dataset4,TGCCGGCATTGACTTC-1,4,17.0,18.0,3,Mesenchyme,8,12,13
dataset4,ACTCAATAACTCAATA-1,0,30.0,21.0,3,Mesenchyme,8,12,13
dataset4,GGCTGAGCTAGAGTAA-1,4,48.0,10.0,0,Cartilage_2,6,11,5
dataset4,ATAAGGAGTTACCGAG-1,4,50.0,35.0,0,Cartilage_2,6,10,5
dataset4,GACCTTGATGGTCAGC-1,4,42.0,37.0,0,Cartilage_2,6,10,5
dataset4,ACTCAATATAGAATTA-1,0,30.0,16.0,3,Mesenchyme,8,12,13
dataset4,ACTATGCAAGAACGTC-1,4,13.0,13.0,6,Primary_brain_1,2,1,11
dataset4,GATACGGATCGGCCTT-1,4,11.0,12.0,6,Primary_brain_1,2,6,11
dataset4,GCAGGTCCAATTAAGA-1,0,40.0,32.0,3,Mesenchyme,8,12,4
dataset4,GCCGCAACCGACGCGA-1,4,24.0,39.0,6,Primary_brain_1,2,6,11
dataset4,TGGTCAGCGACCTTGA-1,4,14.0,9.0,7,Primary_brain_2,12,1,11
dataset4,CCAGTTCCGATACGGA-1,4,45.0,40.0,0,Cartilage_2,6,11,5
dataset4,GACCTTGACCAGTTCC-1,4,42.0,6.0,6,Primary_brain_1,2,6,11
dataset4,CTTGCGCCTCCGGCCT-1,0,37.0,45.0,3,Mesenchyme,8,12,13
dataset4,GGCTGAGCTGAGTCTG-1,0,48.0,28.0,3,Mesenchyme,8,12,13
dataset4,TGAGTCTGTTATCCGG-1,4,23.0,41.0,6,Primary_brain_1,2,6,11
dataset4,AGAACGTCGATACGGA-1,3,38.0,40.0,5,Muscle,5,13,5
dataset4,TCGGCCTTATCATATT-1,3,39.0,36.0,5,Muscle,5,13,5
dataset4,TTACCGAGGGTACTGC-1,0,16.0,15.0,3,Mesenchyme,8,12,13
dataset4,GCCGCAACGCCATTCT-1,4,24.0,17.0,3,Mesenchyme,8,11,13
dataset4,CCGATTCCTTGACTTC-1,4,47.0,18.0,3,Mesenchyme,8,12,13
dataset4,GCGTTGGAGGTACTGC-1,4,28.0,15.0,2,Diencephalon_and_hindbrain,13,1,10
dataset4,TGAGTCTGGCAGGTCC-1,4,23.0,11.0,6,Primary_brain_1,2,6,12
dataset4,CTGATGGTGCCATTCT-1,4,26.0,17.0,3,Mesenchyme,8,11,13
dataset4,GATCTTACTGCGGACC-1,4,27.0,29.0,3,Mesenchyme,8,11,13
dataset4,CGACGCGATCGGCCTT-1,4,12.0,12.0,6,Primary_brain_1,2,6,11
dataset4,GCAGGTCCAGAACGTC-1,4,40.0,13.0,0,Cartilage_2,6,10,5
dataset4,TGAGTCTGTTGACTTC-1,0,23.0,18.0,3,Mesenchyme,8,12,13
dataset4,GGCTGAGCGCAGGTCC-1,4,48.0,11.0,0,Cartilage_2,6,10,5
dataset4,GCGTTGGATTACCGAG-1,4,28.0,35.0,3,Mesenchyme,8,11,4
dataset4,AATTAAGACTAAGAGA-1,0,19.0,20.0,3,Mesenchyme,8,12,13
dataset4,GAAGATCGTGAGTCTG-1,4,8.0,28.0,3,Mesenchyme,8,11,13
dataset4,AATTAAGACTGATGGT-1,4,19.0,25.0,7,Primary_brain_2,12,1,11
dataset4,AATTAAGATAGAGTAA-1,4,19.0,10.0,7,Primary_brain_2,12,1,11
dataset4,TCCTACCATTGACTTC-1,0,29.0,18.0,3,Mesenchyme,8,12,4
dataset4,AGAGCTATGGTACTGC-1,4,32.0,15.0,3,Mesenchyme,8,11,13
dataset4,GATCTTACCCGAGAAT-1,4,27.0,26.0,3,Mesenchyme,8,10,4
dataset4,GCCGCAACGAAGATCG-1,4,24.0,43.0,4,Midbrain,14,1,11
dataset4,TTGACTTCACTCAATA-1,4,33.0,21.0,0,Cartilage_2,6,10,5
dataset4,TGCCGGCAGACCTTGA-1,4,17.0,9.0,7,Primary_brain_2,12,1,11
dataset4,CCGAGAATAAGAAGCT-1,4,25.0,44.0,7,Primary_brain_2,12,1,13
dataset4,TCGGCCTTAATTAAGA-1,0,39.0,32.0,3,Mesenchyme,8,12,13
dataset4,CTGATGGTTGCGGACC-1,4,26.0,29.0,3,Mesenchyme,8,11,13
dataset4,ACTCAATAGGTACTGC-1,0,30.0,15.0,1,DPallm,11,12,13
dataset4,CGAACGCCCTTGCGCC-1,4,49.0,14.0,0,Cartilage_2,6,10,5
dataset4,CCGAGAATAATTAAGA-1,4,25.0,32.0,7,Primary_brain_2,12,1,13
dataset4,TTGACTTCGCCGCAAC-1,4,33.0,27.0,0,Cartilage_2,6,10,5
dataset4,ACGGAGGCGGTACTGC-1,4,21.0,15.0,7,Primary_brain_2,12,1,11
dataset4,GCCGCAACACGGAGGC-1,4,24.0,30.0,7,Primary_brain_2,12,1,11
dataset4,TGAGTCTGCAACCGCT-1,4,23.0,8.0,6,Primary_brain_1,2,6,12
dataset4,ACCGCCAATAGAATTA-1,4,46.0,16.0,3,Mesenchyme,8,12,13
dataset4,TAGAATTATCCTACCA-1,4,35.0,22.0,0,Cartilage_2,6,10,5
dataset4,GCCATTCTATCATATT-1,4,34.0,36.0,3,Mesenchyme,8,11,4
dataset4,GCAGGTCCACTCAATA-1,4,40.0,21.0,3,Mesenchyme,8,12,4
dataset4,TAGAGTAATTACCGAG-1,4,41.0,35.0,0,Cartilage_2,6,10,5
dataset4,CAACCGCTGCCATTCT-1,0,43.0,17.0,3,Mesenchyme,8,12,4
dataset4,TGCCGGCACCGAGAAT-1,4,17.0,26.0,6,Primary_brain_1,2,6,11
dataset4,CCGAGAATGGTACTGC-1,4,25.0,15.0,7,Primary_brain_2,12,1,13
dataset4,GCCGCAACAAGAAGCT-1,0,24.0,44.0,0,Cartilage_2,6,12,4
dataset4,AGAACGTCTTGACTTC-1,4,38.0,18.0,0,Cartilage_2,6,10,5
dataset4,TGAGTCTGTGGTCAGC-1,4,23.0,37.0,6,Primary_brain_1,2,6,13
dataset4,CCAGTTCCGACCTTGA-1,4,45.0,9.0,0,Cartilage_2,6,10,5
dataset4,AGAGAAGGAGAACGTC-1,4,5.0,13.0,6,Primary_brain_1,2,6,11
dataset4,CTGATGGTACGGAGGC-1,4,26.0,30.0,3,Mesenchyme,8,11,13
dataset4,ACCGCCAAGGTACTGC-1,4,46.0,15.0,3,Mesenchyme,8,12,4
dataset4,ACCGCCAACTAAGAGA-1,4,46.0,20.0,3,Mesenchyme,8,12,13
dataset4,CTAAGAGATCCGGCCT-1,0,31.0,45.0,3,Mesenchyme,8,12,13
dataset4,TTGACTTCTGAGTCTG-1,4,33.0,28.0,0,Cartilage_2,6,10,5
dataset4,TTATTCATCTTGCGCC-1,0,18.0,14.0,3,Mesenchyme,8,12,13
dataset4,TTATTCATGATCTTAC-1,4,18.0,24.0,7,Primary_brain_2,12,1,11
dataset4,TTATCCGGTAGAGTAA-1,4,10.0,10.0,7,Primary_brain_2,12,1,11
dataset4,CGAACGCCTTATTCAT-1,4,49.0,33.0,0,Cartilage_2,6,9,5
dataset4,GACCTTGAGCCATTCT-1,4,42.0,17.0,3,Mesenchyme,8,12,13
dataset4,CTTGCGCCGCCATTCT-1,4,37.0,17.0,0,Cartilage_2,6,10,5
dataset4,TGAGTCTGGACCTTGA-1,4,23.0,9.0,6,Primary_brain_1,2,6,12
dataset4,CCGAGAATAGAACGTC-1,4,25.0,13.0,6,Primary_brain_1,2,6,12
dataset4,AGAACGTCTAGATCTA-1,0,38.0,31.0,3,Mesenchyme,8,12,9
dataset4,AGAACGTCTCGGCCTT-1,4,38.0,12.0,0,Cartilage_2,6,10,5
dataset4,GGCTGAGCTGCGGACC-1,0,48.0,29.0,3,Mesenchyme,8,12,4
dataset4,GGCTGAGCAGAGCTAT-1,4,48.0,19.0,3,Mesenchyme,8,12,13
dataset4,TGCGGACCCTAAGAGA-1,0,22.0,20.0,3,Mesenchyme,8,12,13
dataset4,TGCCGGCATCCTACCA-1,0,17.0,22.0,3,Mesenchyme,8,12,13
dataset4,TAGAATTATTATTCAT-1,4,35.0,33.0,0,Cartilage_2,6,10,5
dataset4,ACGGAGGCAGAACGTC-1,4,21.0,13.0,7,Primary_brain_2,12,1,10
dataset4,GAAGATCGACGGAGGC-1,0,8.0,30.0,3,Mesenchyme,8,12,13
dataset4,TTGACTTCGATCTTAC-1,4,33.0,24.0,0,Cartilage_2,6,10,5
dataset4,ACCGCCAAGGCTGAGC-1,4,46.0,3.0,0,Cartilage_2,6,6,4
dataset4,GACCTTGAACTTAACC-1,4,42.0,7.0,6,Primary_brain_1,2,6,11
dataset4,CCAGTTCCAGAGCTAT-1,4,45.0,19.0,3,Mesenchyme,8,12,13
dataset4,GAAGATCGGCCGCAAC-1,4,8.0,27.0,3,Mesenchyme,8,11,13
dataset4,GACCTTGAGGCTGAGC-1,4,42.0,3.0,6,Primary_brain_1,2,6,11
dataset4,TGAGTCTGAATTAAGA-1,4,23.0,32.0,3,Mesenchyme,8,6,13
dataset4,TAGAATTAATCATATT-1,4,35.0,36.0,0,Cartilage_2,6,3,4
dataset4,ACTTAACCACGGAGGC-1,0,44.0,30.0,3,Mesenchyme,8,12,13
dataset4,GCAGGTCCTGCCGGCA-1,4,40.0,34.0,0,Cartilage_2,6,10,5
dataset4,GCCATTCTAAGAAGCT-1,4,34.0,44.0,3,Mesenchyme,8,12,13
dataset4,ACTCAATAACTTAACC-1,0,30.0,7.0,6,Primary_brain_1,2,12,12
dataset4,TGCGGACCAGAACGTC-1,4,22.0,13.0,3,Mesenchyme,8,11,13
dataset4,ACTCAATAGCGTTGGA-1,0,30.0,23.0,3,Mesenchyme,8,12,13
dataset4,CCAGTTCCTAGAATTA-1,0,45.0,16.0,3,Mesenchyme,8,12,13
dataset4,ATAAGGAGCCGATTCC-1,4,50.0,4.0,5,Muscle,5,13,5
dataset4,TAGAATTAAGAACGTC-1,4,35.0,13.0,0,Cartilage_2,6,10,5
dataset4,CCGATTCCACTTAACC-1,4,47.0,7.0,0,Cartilage_2,6,10,5
dataset4,TAGATCTAGATCTTAC-1,4,20.0,24.0,7,Primary_brain_2,12,1,11
dataset4,CCGAGAATTTACCGAG-1,4,25.0,35.0,7,Primary_brain_2,12,1,11
dataset4,TCCTACCAGGTACTGC-1,0,29.0,15.0,2,Diencephalon_and_hindbrain,13,1,13
dataset4,AATTAAGAGATCTTAC-1,4,19.0,24.0,7,Primary_brain_2,12,1,11
dataset4,CCAGTTCCCGACGCGA-1,4,45.0,39.0,0,Cartilage_2,6,10,5
dataset4,GATCTTACTGCCGGCA-1,4,27.0,34.0,3,Mesenchyme,8,10,4
dataset4,ACTCAATACTAAGAGA-1,0,30.0,20.0,3,Mesenchyme,8,11,13
dataset4,CCGATTCCTGCGGACC-1,0,47.0,29.0,3,Mesenchyme,8,12,13
dataset4,ACTTAACCGCAGGTCC-1,4,44.0,11.0,0,Cartilage_2,6,10,5
dataset4,TCGGCCTTACCGCCAA-1,4,39.0,5.0,0,Cartilage_2,6,11,11
dataset4,GATCTTACTAGAATTA-1,4,27.0,16.0,2,Diencephalon_and_hindbrain,13,3,13
dataset4,ACTCAATATGAGTCTG-1,0,30.0,28.0,3,Mesenchyme,8,12,4
dataset4,GCCATTCTGATCTTAC-1,4,34.0,24.0,0,Cartilage_2,6,10,5
dataset4,TTATTCATAGAACGTC-1,4,18.0,13.0,7,Primary_brain_2,12,1,13
dataset4,TTATTCATACTCAATA-1,0,18.0,21.0,3,Mesenchyme,8,12,13
dataset4,ATCATATTCTGATGGT-1,4,15.0,25.0,6,Primary_brain_1,2,6,11
dataset4,GATCTTACAGAGCTAT-1,4,27.0,19.0,6,Primary_brain_1,2,6,12
dataset4,TAGAGTAATTGACTTC-1,4,41.0,18.0,3,Mesenchyme,8,12,13
dataset4,GCCGCAACACTCAATA-1,4,24.0,21.0,3,Mesenchyme,8,12,13
dataset4,GGTACTGCGATCTTAC-1,4,36.0,24.0,0,Cartilage_2,6,10,5
dataset4,CAACCGCTCTTGCGCC-1,4,43.0,14.0,0,Cartilage_2,6,10,5
dataset4,GCGTTGGAACTCAATA-1,4,28.0,21.0,0,Cartilage_2,6,10,4
dataset4,GCCGCAACTTACCGAG-1,4,24.0,35.0,3,Mesenchyme,8,1,13
dataset4,TGCCGGCAAGAACGTC-1,4,17.0,13.0,7,Primary_brain_2,12,1,13
dataset4,GGTACTGCTCCGGCCT-1,0,36.0,45.0,3,Mesenchyme,8,12,13
dataset4,TAGAGTAATCCTACCA-1,4,41.0,22.0,3,Mesenchyme,8,12,4
dataset4,CGACGCGAGCAGGTCC-1,4,12.0,11.0,6,Primary_brain_1,2,6,11
dataset4,CATACTCCGCGTTGGA-1,0,4.0,23.0,3,Mesenchyme,8,12,4
dataset4,ATAAGGAGGACCTTGA-1,4,50.0,9.0,0,Cartilage_2,6,10,5
dataset4,GACCTTGAGACCTTGA-1,4,42.0,9.0,3,Mesenchyme,8,11,4
dataset4,ACGGAGGCTCCTACCA-1,0,21.0,22.0,3,Mesenchyme,8,12,13
dataset4,CTAAGAGACTGATGGT-1,4,31.0,25.0,0,Cartilage_2,6,10,5
dataset4,CTTGCGCCTCGGCCTT-1,4,37.0,12.0,0,Cartilage_2,6,10,5
dataset4,GCCATTCTTCGGCCTT-1,0,34.0,12.0,3,Mesenchyme,8,11,13
dataset4,GCAGGTCCTTATCCGG-1,4,40.0,41.0,0,Cartilage_2,6,11,5
dataset4,GCCATTCTAATTAAGA-1,4,34.0,32.0,0,Cartilage_2,6,10,5
dataset4,ACCGCCAATTATTCAT-1,4,46.0,33.0,0,Cartilage_2,6,10,5
dataset4,ATAAGGAGGGTACTGC-1,4,50.0,15.0,0,Cartilage_2,6,10,5
dataset4,AATTAAGAGCGTTGGA-1,0,19.0,23.0,3,Mesenchyme,8,12,13
dataset4,CTAAGAGAATCATATT-1,0,31.0,36.0,3,Mesenchyme,8,11,13
dataset4,GATCTTACCTTGCGCC-1,4,27.0,14.0,6,Primary_brain_1,2,6,12
dataset4,TCCTACCAGAAGATCG-1,0,29.0,43.0,3,Mesenchyme,8,12,13
dataset4,GCCGCAACTGCCGGCA-1,4,24.0,34.0,3,Mesenchyme,8,1,13
dataset4,CTTGCGCCGCGTTGGA-1,4,37.0,23.0,0,Cartilage_2,6,10,5
dataset4,CTAAGAGACAACCGCT-1,4,31.0,8.0,6,Primary_brain_1,2,6,12
dataset4,GCAGGTCCGAAGATCG-1,4,40.0,43.0,0,Cartilage_2,6,11,5
dataset4,CCGAGAATTCCGGCCT-1,0,25.0,45.0,7,Primary_brain_2,12,1,9
dataset4,TGCGGACCTTGACTTC-1,0,22.0,18.0,3,Mesenchyme,8,12,13
dataset4,ACTCAATATTGACTTC-1,0,30.0,18.0,3,Mesenchyme,8,12,4
dataset4,TAGAGTAAAATTAAGA-1,4,41.0,32.0,3,Mesenchyme,8,11,4
dataset4,GCCATTCTCCAGTTCC-1,4,34.0,6.0,0,Cartilage_2,6,11,5
dataset4,GATACGGAGACCTTGA-1,0,11.0,9.0,3,Mesenchyme,8,12,5
dataset4,GCGTTGGATCCTACCA-1,4,28.0,22.0,0,Cartilage_2,6,10,4
dataset4,ACCGCCAACCGATTCC-1,4,46.0,4.0,0,Cartilage_2,6,6,4
dataset4,CATACTCCTCCTACCA-1,0,4.0,22.0,3,Mesenchyme,8,12,4
dataset4,CTAAGAGAGATCTTAC-1,4,31.0,24.0,0,Cartilage_2,6,10,5
dataset4,CCAGTTCCGCAGGTCC-1,4,45.0,11.0,0,Cartilage_2,6,10,5
dataset4,TTGACTTCAATTAAGA-1,4,33.0,32.0,3,Mesenchyme,8,10,13
dataset4,GATCTTACTAGATCTA-1,4,27.0,31.0,0,Cartilage_2,6,6,4
dataset4,CTGATGGTAGAGCTAT-1,4,26.0,19.0,3,Mesenchyme,8,11,13
dataset4,GATCTTACTCCTACCA-1,4,27.0,22.0,0,Cartilage_2,6,10,4
dataset4,TTATTCATTTGACTTC-1,0,18.0,18.0,3,Mesenchyme,8,12,13
dataset4,CTGATGGTCCAGTTCC-1,4,26.0,6.0,6,Primary_brain_1,2,6,12
dataset4,CCAGTTCCTAGAGTAA-1,4,45.0,10.0,0,Cartilage_2,6,10,5
dataset4,CATACTCCAGAGCTAT-1,4,4.0,19.0,3,Mesenchyme,8,6,11
dataset4,TCGGCCTTTCGGCCTT-1,4,39.0,12.0,0,Cartilage_2,6,10,5
dataset4,TTATCCGGGCCGCAAC-1,4,10.0,27.0,6,Primary_brain_1,2,6,11
dataset4,TGAGTCTGAGAACGTC-1,4,23.0,13.0,3,Mesenchyme,8,11,13
dataset4,TGAGTCTGTGAGTCTG-1,4,23.0,28.0,6,Primary_brain_1,2,6,11
dataset4,ATCATATTACTCAATA-1,4,15.0,21.0,7,Primary_brain_2,12,1,11
dataset4,TGAGTCTGGATACGGA-1,4,23.0,40.0,6,Primary_brain_1,2,6,13
dataset4,ATAAGGAGGCAGGTCC-1,4,50.0,11.0,0,Cartilage_2,6,10,5
dataset4,ATAAGGAGTAGAGTAA-1,4,50.0,10.0,0,Cartilage_2,6,10,5
dataset4,GCCGCAACACTATGCA-1,4,24.0,38.0,6,Primary_brain_1,2,6,11
dataset4,ACCGCCAATGCGGACC-1,0,46.0,29.0,3,Mesenchyme,8,12,13
dataset4,ATAAGGAGCTTGCGCC-1,4,50.0,14.0,0,Cartilage_2,6,10,5
dataset4,CGAACGCCCGACGCGA-1,4,49.0,39.0,0,Cartilage_2,6,10,5
dataset4,CTTGCGCCTCTGATAC-1,3,37.0,42.0,5,Muscle,5,13,5
dataset4,ACCGCCAAACTTAACC-1,4,46.0,7.0,0,Cartilage_2,6,10,5
dataset4,GCGTTGGACCAGTTCC-1,4,28.0,6.0,6,Primary_brain_1,2,6,12
dataset4,AGAACGTCACTCAATA-1,4,38.0,21.0,0,Cartilage_2,6,10,5
dataset4,GCGTTGGATTATTCAT-1,4,28.0,33.0,0,Cartilage_2,6,10,4
dataset4,CCAGTTCCTCCTACCA-1,0,45.0,22.0,3,Mesenchyme,8,12,13
dataset4,TAGAGTAACTAAGAGA-1,4,41.0,20.0,3,Mesenchyme,8,12,4
dataset4,CCAGTTCCTTATTCAT-1,4,45.0,33.0,0,Cartilage_2,6,10,5
dataset4,GCCGCAACAATTAAGA-1,4,24.0,32.0,3,Mesenchyme,8,1,13
dataset4,ACTCAATACGACGCGA-1,0,30.0,39.0,3,Mesenchyme,8,12,13
dataset4,TGAGTCTGTAGAATTA-1,4,23.0,16.0,7,Primary_brain_2,12,1,13
dataset4,CCGATTCCACGGAGGC-1,4,47.0,30.0,0,Cartilage_2,6,10,5
dataset4,TCCTACCAAAGAAGCT-1,0,29.0,44.0,3,Mesenchyme,8,12,13
dataset4,ACGGAGGCCTTGCGCC-1,0,21.0,14.0,7,Primary_brain_2,12,1,11
dataset4,CTAAGAGAGCCGCAAC-1,4,31.0,27.0,0,Cartilage_2,6,10,5
dataset4,TTGACTTCGCGTTGGA-1,4,33.0,23.0,0,Cartilage_2,6,10,5
dataset4,TAGATCTAGCGTTGGA-1,0,20.0,23.0,3,Mesenchyme,8,11,13
dataset4,GCCGCAACTAGAATTA-1,4,24.0,16.0,3,Mesenchyme,8,11,13
dataset4,ACTTAACCCAACCGCT-1,4,44.0,8.0,0,Cartilage_2,6,11,5
dataset4,ACTCAATAGCAGGTCC-1,0,30.0,11.0,6,Primary_brain_1,2,6,12
dataset4,CTAAGAGATCCTACCA-1,4,31.0,22.0,0,Cartilage_2,6,11,5
dataset4,AGAGCTATGAAGATCG-1,0,32.0,43.0,3,Mesenchyme,8,4,13
dataset4,TGAGTCTGCCAGTTCC-1,4,23.0,6.0,6,Primary_brain_1,2,6,12
dataset4,ACTTAACCGACCTTGA-1,4,44.0,9.0,0,Cartilage_2,6,11,5
dataset4,GACCTTGAGAAGATCG-1,4,42.0,43.0,0,Cartilage_2,6,11,5
dataset4,TCGGCCTTTTATTCAT-1,0,39.0,33.0,0,Cartilage_2,6,12,4
dataset4,TCTGATACCTGATGGT-1,4,9.0,25.0,6,Primary_brain_1,2,6,11
dataset4,AAGAAGCTCTTGCGCC-1,0,7.0,14.0,3,Mesenchyme,8,12,13
dataset4,AGAGCTATACGGAGGC-1,4,32.0,30.0,3,Mesenchyme,8,10,4
dataset4,GCCATTCTCGACGCGA-1,0,34.0,39.0,3,Mesenchyme,8,11,4
dataset4,GCAGGTCCTTACCGAG-1,4,40.0,35.0,0,Cartilage_2,6,10,5
dataset4,CCGAGAATATCATATT-1,4,25.0,36.0,7,Primary_brain_2,12,1,11
dataset4,CAACCGCTGGTACTGC-1,4,43.0,15.0,0,Cartilage_2,6,11,5
dataset4,GATCTTACTTATCCGG-1,4,27.0,41.0,7,Primary_brain_2,12,1,11
dataset4,GCCGCAACTTATTCAT-1,4,24.0,33.0,3,Mesenchyme,8,1,13
dataset4,CTGATGGTAAGAAGCT-1,4,26.0,44.0,7,Primary_brain_2,12,1,11
dataset4,CTAAGAGATGAGTCTG-1,4,31.0,28.0,0,Cartilage_2,6,10,5
dataset4,TGAGTCTGTCCTACCA-1,0,23.0,22.0,3,Mesenchyme,8,12,13
dataset4,ACCGCCAATTACCGAG-1,4,46.0,35.0,0,Cartilage_2,6,10,5
dataset4,TCCTACCACTTGCGCC-1,0,29.0,14.0,3,Mesenchyme,8,3,13
dataset4,GGCTGAGCGGCTGAGC-1,4,48.0,3.0,0,Cartilage_2,6,11,5
dataset4,TTATCCGGTGCGGACC-1,4,10.0,29.0,6,Primary_brain_1,2,6,11
dataset4,TAGAATTAACTATGCA-1,4,35.0,38.0,3,Mesenchyme,8,11,4
dataset4,TCTGATACGATCTTAC-1,4,9.0,24.0,6,Primary_brain_1,2,6,11
dataset4,ATCATATTGATCTTAC-1,4,15.0,24.0,7,Primary_brain_2,12,1,11
dataset4,TCCTACCAACCGCCAA-1,0,29.0,5.0,6,Primary_brain_1,2,6,12
dataset4,GCCGCAACTGCGGACC-1,4,24.0,29.0,7,Primary_brain_2,12,1,11
dataset4,TTGACTTCTGCGGACC-1,4,33.0,29.0,0,Cartilage_2,6,10,5
dataset4,CAACCGCTATCATATT-1,4,43.0,36.0,0,Cartilage_2,6,10,5
dataset4,TAGAATTAGACCTTGA-1,4,35.0,9.0,3,Mesenchyme,8,12,4
dataset4,CTTGCGCCTTATTCAT-1,4,37.0,33.0,0,Cartilage_2,6,10,5
dataset4,CTAAGAGATTATTCAT-1,4,31.0,33.0,0,Cartilage_2,6,11,4
dataset4,TAGAGTAATAGAATTA-1,4,41.0,16.0,3,Mesenchyme,8,12,13
dataset4,GGTACTGCCCGAGAAT-1,4,36.0,26.0,0,Cartilage_2,6,10,5
dataset4,GGCTGAGCTTGACTTC-1,0,48.0,18.0,3,Mesenchyme,8,12,13
dataset4,AGAGAAGGGGTACTGC-1,4,5.0,15.0,6,Primary_brain_1,2,6,11
dataset4,GGCTGAGCCCGATTCC-1,4,48.0,4.0,0,Cartilage_2,6,11,5
dataset4,AGAACGTCAATTAAGA-1,4,38.0,32.0,0,Cartilage_2,6,11,5
dataset4,AGAGCTATTAGATCTA-1,4,32.0,31.0,3,Mesenchyme,8,10,4
dataset4,GCCATTCTACTTAACC-1,0,34.0,7.0,3,Mesenchyme,8,11,13
dataset4,CCAGTTCCCCAGTTCC-1,4,45.0,6.0,0,Cartilage_2,6,6,2
dataset4,TAGAGTAAACCGCCAA-1,4,41.0,5.0,6,Primary_brain_1,2,6,11
dataset4,TTATTCATCAACCGCT-1,0,18.0,8.0,3,Mesenchyme,8,12,4
dataset4,AGAGCTATGATACGGA-1,4,32.0,40.0,3,Mesenchyme,8,11,13
dataset4,ACCGCCAAACGGAGGC-1,0,46.0,30.0,3,Mesenchyme,8,12,13
dataset4,TCCGGCCTCTGATGGT-1,0,6.0,25.0,6,Primary_brain_1,2,6,11
dataset4,TCGGCCTTACTTAACC-1,4,39.0,7.0,0,Cartilage_2,6,6,4
dataset4,CCGATTCCTCCTACCA-1,0,47.0,22.0,3,Mesenchyme,8,12,13
dataset4,AGAACGTCCCAGTTCC-1,4,38.0,6.0,0,Cartilage_2,6,11,5
dataset4,AGAGCTATCAACCGCT-1,4,32.0,8.0,6,Primary_brain_1,2,6,12
dataset4,GAAGATCGTCGGCCTT-1,4,8.0,12.0,6,Primary_brain_1,2,6,11
dataset4,GCGTTGGATAGATCTA-1,4,28.0,31.0,0,Cartilage_2,6,10,4
dataset4,TAGATCTATAGAATTA-1,0,20.0,16.0,3,Mesenchyme,8,11,13
dataset4,CCGAGAATGCGTTGGA-1,4,25.0,23.0,3,Mesenchyme,8,11,13
dataset4,AGAACGTCTTACCGAG-1,4,38.0,35.0,0,Cartilage_2,6,10,5
dataset4,ACGGAGGCGACCTTGA-1,0,21.0,9.0,3,Mesenchyme,8,12,13
dataset4,GGTACTGCTGCGGACC-1,4,36.0,29.0,0,Cartilage_2,6,10,5
dataset4,GCCATTCTCTTGCGCC-1,4,34.0,14.0,0,Cartilage_2,6,11,5
dataset4,CGACGCGATAGAATTA-1,4,12.0,16.0,6,Primary_brain_1,2,6,11
dataset4,AGAACGTCCTTGCGCC-1,4,38.0,14.0,0,Cartilage_2,6,10,5
dataset4,AGAGCTATTCCTACCA-1,4,32.0,22.0,0,Cartilage_2,6,10,5
dataset4,TTGACTTCTTACCGAG-1,4,33.0,35.0,2,Diencephalon_and_hindbrain,13,1,4
dataset4,GCAGGTCCCAACCGCT-1,4,40.0,8.0,7,Primary_brain_2,12,6,11
dataset4,TTACCGAGAGAACGTC-1,2,16.0,13.0,7,Primary_brain_2,12,1,11
dataset4,GCCGCAACTGAGTCTG-1,4,24.0,28.0,7,Primary_brain_2,12,1,11
dataset4,GCAGGTCCTAGAGTAA-1,4,40.0,10.0,0,Cartilage_2,6,11,13
dataset4,TCCTACCACCAGTTCC-1,0,29.0,6.0,6,Primary_brain_1,2,6,12
dataset4,GCCGCAACATCATATT-1,4,24.0,36.0,6,Primary_brain_1,2,6,11
dataset4,AGAGCTATTCTGATAC-1,4,32.0,42.0,3,Mesenchyme,8,11,13
dataset4,GCCGCAACTAGAGTAA-1,0,24.0,10.0,6,Primary_brain_1,2,6,12
dataset4,CCGAGAATGCCATTCT-1,4,25.0,17.0,3,Mesenchyme,8,11,13
dataset4,TCCTACCACTAAGAGA-1,0,29.0,20.0,3,Mesenchyme,8,11,12
dataset4,CCAGTTCCGGTACTGC-1,4,45.0,15.0,0,Cartilage_2,6,11,5
dataset4,AGAGCTATTCCGGCCT-1,0,32.0,45.0,3,Mesenchyme,8,12,13
dataset4,ACTCAATAGATACGGA-1,0,30.0,40.0,3,Mesenchyme,8,12,13
dataset4,TGAGTCTGACGGAGGC-1,4,23.0,30.0,6,Primary_brain_1,2,6,11
dataset4,CTTGCGCCTTATCCGG-1,3,37.0,41.0,5,Muscle,5,13,5
dataset4,ACTATGCAGCCATTCT-1,4,13.0,17.0,7,Primary_brain_2,12,1,11
dataset4,TAGAATTACGACGCGA-1,4,35.0,39.0,3,Mesenchyme,8,13,4
dataset4,GGCTGAGCTTATTCAT-1,4,48.0,33.0,0,Cartilage_2,6,9,5
dataset4,CGAACGCCACTATGCA-1,4,49.0,38.0,0,Cartilage_2,6,10,5
dataset4,AGAGCTATGCCGCAAC-1,4,32.0,27.0,0,Cartilage_2,6,10,5
dataset4,ATAAGGAGAATTAAGA-1,4,50.0,32.0,0,Cartilage_2,6,10,5
dataset4,CCAGTTCCTGCGGACC-1,0,45.0,29.0,3,Mesenchyme,8,12,13
dataset4,AGAACGTCCGACGCGA-1,4,38.0,39.0,5,Muscle,5,13,5
dataset4,ACTATGCATCCTACCA-1,4,13.0,22.0,6,Primary_brain_1,2,6,11
dataset4,TTATTCATGCAGGTCC-1,4,18.0,11.0,7,Primary_brain_2,12,1,11
dataset4,GGCTGAGCTTACCGAG-1,4,48.0,35.0,0,Cartilage_2,6,10,5
dataset4,CCGAGAATCTGATGGT-1,4,25.0,25.0,3,Mesenchyme,8,11,13
dataset4,AGAGAAGGCTAAGAGA-1,0,5.0,20.0,3,Mesenchyme,8,6,13
dataset4,CTTGCGCCTAGAATTA-1,4,37.0,16.0,0,Cartilage_2,6,10,5
dataset4,GCCATTCTTAGATCTA-1,4,34.0,31.0,0,Cartilage_2,6,10,5
dataset4,GATCTTACTGAGTCTG-1,4,27.0,28.0,3,Mesenchyme,8,11,13
dataset4,GCAGGTCCGCAGGTCC-1,4,40.0,11.0,0,Cartilage_2,6,11,5
dataset4,ACCGCCAATAGATCTA-1,4,46.0,31.0,0,Cartilage_2,6,10,5
dataset4,CTAAGAGAGCAGGTCC-1,4,31.0,11.0,6,Primary_brain_1,2,6,12
dataset4,GGCTGAGCAGAACGTC-1,4,48.0,13.0,0,Cartilage_2,6,10,5
dataset4,TAGATCTAGCAGGTCC-1,4,20.0,11.0,7,Primary_brain_2,12,1,11
dataset4,ACTTAACCTCCTACCA-1,4,44.0,22.0,3,Mesenchyme,8,12,13
dataset4,CCAGTTCCACTCAATA-1,4,45.0,21.0,3,Mesenchyme,8,12,13
dataset4,GGCTGAGCCAACCGCT-1,4,48.0,8.0,0,Cartilage_2,6,10,5
dataset4,CTAAGAGAAAGAAGCT-1,0,31.0,44.0,3,Mesenchyme,8,12,13
dataset4,GGTACTGCTGGTCAGC-1,4,36.0,37.0,0,Cartilage_2,6,10,4
dataset4,GACCTTGAATCATATT-1,4,42.0,36.0,0,Cartilage_2,6,10,5
dataset4,GCTAACTTGCCATTCT-1,0,3.0,17.0,3,Mesenchyme,8,12,4
dataset4,GCGTTGGATTGACTTC-1,4,28.0,18.0,3,Mesenchyme,8,11,5
dataset4,CTAAGAGAGACCTTGA-1,4,31.0,9.0,6,Primary_brain_1,2,6,12
dataset4,CGAACGCCTAGAGTAA-1,4,49.0,10.0,0,Cartilage_2,6,11,5
dataset4,CCGATTCCTTATTCAT-1,4,47.0,33.0,0,Cartilage_2,6,10,5
dataset4,AATTAAGAGCAGGTCC-1,4,19.0,11.0,7,Primary_brain_2,12,1,11
dataset4,TCCGGCCTGGTACTGC-1,4,6.0,15.0,6,Primary_brain_1,2,6,11
dataset4,TGCGGACCTCCTACCA-1,4,22.0,22.0,3,Mesenchyme,8,12,13
dataset4,TGCGGACCGCGTTGGA-1,0,22.0,23.0,3,Mesenchyme,8,12,13
dataset4,GACCTTGATTATCCGG-1,4,42.0,41.0,0,Cartilage_2,6,11,5
dataset4,CAACCGCTCCGATTCC-1,4,43.0,4.0,6,Primary_brain_1,2,6,11
dataset4,AGAACGTCTCTGATAC-1,4,38.0,42.0,5,Muscle,5,13,5
dataset4,CTGATGGTCTAAGAGA-1,4,26.0,20.0,3,Mesenchyme,8,11,13
dataset4,GGTACTGCGATACGGA-1,3,36.0,40.0,5,Muscle,5,13,5
dataset4,ACTTAACCTAGAGTAA-1,4,44.0,10.0,0,Cartilage_2,6,11,5
dataset4,CTAAGAGATGCGGACC-1,4,31.0,29.0,0,Cartilage_2,6,10,4
dataset4,GCCATTCTCTGATGGT-1,4,34.0,25.0,0,Cartilage_2,6,10,5
dataset4,ACCGCCAAAGAACGTC-1,4,46.0,13.0,0,Cartilage_2,6,10,5
dataset4,GCGTTGGATCTGATAC-1,4,28.0,42.0,3,Mesenchyme,8,11,13
dataset4,TTATTCATTAGAATTA-1,0,18.0,16.0,3,Mesenchyme,8,12,13
dataset4,ACTATGCAACTCAATA-1,4,13.0,21.0,6,Primary_brain_1,2,6,11
dataset4,CCGATTCCCTAAGAGA-1,4,47.0,20.0,3,Mesenchyme,8,12,13
dataset4,TAGAGTAAGCGTTGGA-1,4,41.0,23.0,3,Mesenchyme,8,12,13
dataset4,AATTAAGAACTCAATA-1,0,19.0,21.0,3,Mesenchyme,8,12,13
dataset4,AATTAAGAGACCTTGA-1,0,19.0,9.0,3,Mesenchyme,8,11,13
dataset4,TTATTCATCCGAGAAT-1,4,18.0,26.0,6,Primary_brain_1,2,6,11
dataset4,AAGAAGCTCTGATGGT-1,0,7.0,25.0,3,Mesenchyme,8,12,13
dataset4,AGAGCTATACTATGCA-1,4,32.0,38.0,3,Mesenchyme,8,11,13
dataset4,ACCGCCAAAATTAAGA-1,4,46.0,32.0,0,Cartilage_2,6,10,5
dataset4,TCCTACCACCGAGAAT-1,0,29.0,26.0,3,Mesenchyme,8,12,4
dataset4,TAGAATTAGCCGCAAC-1,4,35.0,27.0,0,Cartilage_2,6,10,5
dataset4,TTGACTTCGAAGATCG-1,0,33.0,43.0,3,Mesenchyme,8,12,13
dataset4,CTGATGGTTAGAATTA-1,4,26.0,16.0,7,Primary_brain_2,12,1,13
dataset4,CTGATGGTGAAGATCG-1,4,26.0,43.0,7,Primary_brain_2,12,1,11
dataset4,CTGATGGTGATCTTAC-1,4,26.0,24.0,3,Mesenchyme,8,11,13
dataset4,GCGTTGGACTTGCGCC-1,4,28.0,14.0,6,Primary_brain_1,2,6,12
dataset4,ATCATATTTCGGCCTT-1,4,15.0,12.0,7,Primary_brain_2,12,1,11
dataset4,CTTGCGCCCTAAGAGA-1,4,37.0,20.0,0,Cartilage_2,6,10,5
dataset4,TTACCGAGACTCAATA-1,0,16.0,21.0,3,Mesenchyme,8,12,13
dataset4,AGAACGTCAGAACGTC-1,4,38.0,13.0,0,Cartilage_2,6,10,5
dataset4,GATCTTACTCTGATAC-1,4,27.0,42.0,7,Primary_brain_2,12,1,11
dataset4,TTATCCGGTGAGTCTG-1,4,10.0,28.0,6,Primary_brain_1,2,6,11
dataset4,TTACCGAGTAGAATTA-1,0,16.0,16.0,3,Mesenchyme,8,12,13
dataset4,GCCGCAACGGTACTGC-1,0,24.0,15.0,3,Mesenchyme,8,11,13
dataset4,TTATCCGGGACCTTGA-1,0,10.0,9.0,3,Mesenchyme,8,12,13
dataset4,CCGATTCCACTATGCA-1,4,47.0,38.0,0,Cartilage_2,6,10,5
dataset4,GACCTTGAAATTAAGA-1,4,42.0,32.0,0,Cartilage_2,6,9,4
dataset4,CCAGTTCCACGGAGGC-1,0,45.0,30.0,3,Mesenchyme,8,12,13
dataset4,TCCTACCATCTGATAC-1,0,29.0,42.0,3,Mesenchyme,8,12,13
dataset4,CCGAGAATACTATGCA-1,4,25.0,38.0,7,Primary_brain_2,12,1,11
dataset4,GACCTTGATAGAATTA-1,0,42.0,16.0,3,Mesenchyme,8,12,13
dataset4,TCCTACCAAATTAAGA-1,0,29.0,32.0,3,Mesenchyme,8,12,13
dataset4,TAGAGTAATGGTCAGC-1,4,41.0,37.0,0,Cartilage_2,6,10,5
dataset4,AGAGCTATCTGATGGT-1,4,32.0,25.0,0,Cartilage_2,6,10,5
dataset4,TCCGGCCTGCCATTCT-1,0,6.0,17.0,6,Primary_brain_1,2,6,11
dataset4,TGAGTCTGTAGAGTAA-1,4,23.0,10.0,6,Primary_brain_1,2,6,12
dataset4,GACCTTGATCTGATAC-1,4,42.0,42.0,0,Cartilage_2,6,11,5
dataset4,GCGTTGGATGGTCAGC-1,0,28.0,37.0,3,Mesenchyme,8,12,13
dataset4,TCGGCCTTTGGTCAGC-1,3,39.0,37.0,5,Muscle,5,13,5
dataset4,TCGGCCTTTAGAGTAA-1,4,39.0,10.0,0,Cartilage_2,6,11,5
dataset4,AGAACGTCCAACCGCT-1,4,38.0,8.0,0,Cartilage_2,6,11,5
dataset4,ACTCAATAACCGCCAA-1,0,30.0,5.0,6,Primary_brain_1,2,6,12
dataset4,ACCGCCAACCAGTTCC-1,4,46.0,6.0,0,Cartilage_2,6,10,5
dataset4,CTGATGGTGATACGGA-1,4,26.0,40.0,7,Primary_brain_2,12,1,11
dataset4,CGAACGCCTCGGCCTT-1,4,49.0,12.0,0,Cartilage_2,6,10,5
dataset4,GCCATTCTACTCAATA-1,4,34.0,21.0,0,Cartilage_2,6,10,5
dataset4,TCCTACCAAGAGCTAT-1,0,29.0,19.0,3,Mesenchyme,8,12,13
dataset4,ACTATGCATTGACTTC-1,4,13.0,18.0,6,Primary_brain_1,2,6,11
dataset4,GGTACTGCTAGAATTA-1,4,36.0,16.0,0,Cartilage_2,6,10,5
dataset4,CCGAGAATTTATTCAT-1,4,25.0,33.0,7,Primary_brain_2,12,1,13
dataset4,CGACGCGATAGAGTAA-1,4,12.0,10.0,7,Primary_brain_2,12,1,11
dataset4,AGAGCTATTTATCCGG-1,4,32.0,41.0,3,Mesenchyme,8,11,13
dataset4,GATCTTACACTCAATA-1,4,27.0,21.0,0,Cartilage_2,6,10,4
dataset4,TCCTACCATCCGGCCT-1,0,29.0,45.0,3,Mesenchyme,8,5,10
dataset4,CAACCGCTTTACCGAG-1,4,43.0,35.0,0,Cartilage_2,6,10,5
dataset4,AGAGCTATCCGAGAAT-1,4,32.0,26.0,0,Cartilage_2,6,10,5
dataset4,GGCTGAGCTAGATCTA-1,4,48.0,31.0,0,Cartilage_2,6,10,5
dataset4,TAGAGTAATTATCCGG-1,4,41.0,41.0,0,Cartilage_2,6,11,5
dataset4,CTAAGAGACTAAGAGA-1,4,31.0,20.0,0,Cartilage_2,6,11,5
dataset4,CTTGCGCCCTTGCGCC-1,4,37.0,14.0,0,Cartilage_2,6,10,5
dataset4,GACCTTGACTTGCGCC-1,4,42.0,14.0,0,Cartilage_2,6,10,5
dataset4,TGAGTCTGACTTAACC-1,4,23.0,7.0,6,Primary_brain_1,2,6,12
dataset4,CAACCGCTTAGAATTA-1,0,43.0,16.0,3,Mesenchyme,8,12,4
dataset4,GCCGCAACTGGTCAGC-1,4,24.0,37.0,6,Primary_brain_1,2,6,11
dataset4,TCGGCCTTCGACGCGA-1,4,39.0,39.0,0,Cartilage_2,6,11,5
dataset4,GGTACTGCGCCATTCT-1,4,36.0,17.0,0,Cartilage_2,6,10,5
dataset4,TGAGTCTGTTATTCAT-1,4,23.0,33.0,3,Mesenchyme,8,6,13
dataset4,CTTGCGCCGATACGGA-1,3,37.0,40.0,5,Muscle,5,13,5
dataset4,CCGAGAATTTGACTTC-1,4,25.0,18.0,3,Mesenchyme,8,12,13
dataset4,TCGGCCTTTTACCGAG-1,4,39.0,35.0,0,Cartilage_2,6,10,5
dataset4,ACTTAACCTAGAATTA-1,4,44.0,16.0,3,Mesenchyme,8,12,13
dataset4,AATTAAGATTGACTTC-1,0,19.0,18.0,3,Mesenchyme,8,12,13
dataset4,TTGACTTCTCTGATAC-1,4,33.0,42.0,3,Mesenchyme,8,11,13
dataset4,TAGAATTAGAAGATCG-1,4,35.0,43.0,3,Mesenchyme,8,11,4
dataset4,CTGATGGTCGACGCGA-1,4,26.0,39.0,7,Primary_brain_2,12,1,11
dataset4,TTGACTTCAGAGAAGG-1,0,33.0,46.0,3,Mesenchyme,8,12,13
dataset4,GGCTGAGCCCAGTTCC-1,4,48.0,6.0,5,Muscle,5,13,5
dataset4,TGGTCAGCAGAACGTC-1,2,14.0,13.0,7,Primary_brain_2,12,1,11
dataset4,CTAAGAGACGACGCGA-1,0,31.0,39.0,3,Mesenchyme,8,12,13
dataset4,CGAACGCCTTACCGAG-1,4,49.0,35.0,0,Cartilage_2,6,10,5
dataset4,CCGAGAATACTCAATA-1,4,25.0,21.0,3,Mesenchyme,8,11,13
dataset4,ATCATATTCAACCGCT-1,0,15.0,8.0,7,Primary_brain_2,12,1,11
dataset4,AGAGCTATGCGTTGGA-1,4,32.0,23.0,0,Cartilage_2,6,10,5
dataset4,CCGAGAATCTTGCGCC-1,4,25.0,14.0,6,Primary_brain_1,2,6,12
dataset4,TGAGTCTGGCCGCAAC-1,4,23.0,27.0,7,Primary_brain_2,12,1,11
dataset4,CCGATTCCAATTAAGA-1,4,47.0,32.0,0,Cartilage_2,6,10,5
dataset4,GGCTGAGCAATTAAGA-1,4,48.0,32.0,0,Cartilage_2,6,10,5
dataset4,AGAGCTATACTCAATA-1,4,32.0,21.0,0,Cartilage_2,6,10,5
dataset4,CTAAGAGAGGTACTGC-1,0,31.0,15.0,3,Mesenchyme,8,12,13
dataset4,GGCTGAGCCTAAGAGA-1,4,48.0,20.0,3,Mesenchyme,8,12,13
dataset4,CTGATGGTAGAACGTC-1,4,26.0,13.0,6,Primary_brain_1,2,6,12
dataset4,ACTTAACCTTACCGAG-1,4,44.0,35.0,0,Cartilage_2,6,10,5
dataset4,CGAACGCCACTTAACC-1,4,49.0,7.0,5,Muscle,5,13,5
dataset4,TGCCGGCACTAAGAGA-1,4,17.0,20.0,3,Mesenchyme,8,12,13
dataset4,ATAAGGAGACCGCCAA-1,3,50.0,5.0,5,Muscle,5,13,5
dataset4,AATTAAGAGGTACTGC-1,0,19.0,15.0,3,Mesenchyme,8,11,13
dataset4,GCTAACTTAGAGCTAT-1,0,3.0,19.0,3,Mesenchyme,8,12,13
dataset4,GATCTTACGCCGCAAC-1,4,27.0,27.0,3,Mesenchyme,8,11,13
dataset4,TTACCGAGGATCTTAC-1,4,16.0,24.0,7,Primary_brain_2,12,1,11
dataset4,TTACCGAGTCGGCCTT-1,4,16.0,12.0,7,Primary_brain_2,12,1,11
dataset4,GCCGCAACGATCTTAC-1,4,24.0,24.0,3,Mesenchyme,8,11,13
dataset4,CCAGTTCCTTATCCGG-1,4,45.0,41.0,0,Cartilage_2,6,11,5
dataset4,CAACCGCTTAGATCTA-1,0,43.0,31.0,3,Mesenchyme,8,12,4
dataset4,TGAGTCTGAGAGCTAT-1,0,23.0,19.0,3,Mesenchyme,8,12,13
dataset4,GGCTGAGCTCGGCCTT-1,3,48.0,12.0,0,Cartilage_2,6,10,5
dataset4,ACTATGCAGACCTTGA-1,4,13.0,9.0,7,Primary_brain_2,12,1,11
dataset4,ACCGCCAAACTCAATA-1,4,46.0,21.0,3,Mesenchyme,8,12,13
dataset4,CATACTCCACTCAATA-1,0,4.0,21.0,3,Mesenchyme,8,12,13
dataset4,CGAACGCCACCGCCAA-1,4,49.0,5.0,0,Cartilage_2,6,13,5
dataset4,ACGGAGGCGATCTTAC-1,4,21.0,24.0,7,Primary_brain_2,12,1,11
dataset4,CCAGTTCCTTGACTTC-1,4,45.0,18.0,3,Mesenchyme,8,12,13
dataset4,CCGATTCCTCGGCCTT-1,4,47.0,12.0,0,Cartilage_2,6,10,5
dataset4,ACCGCCAATAGAGTAA-1,4,46.0,10.0,0,Cartilage_2,6,10,5
dataset4,GATCTTACCGACGCGA-1,4,27.0,39.0,7,Primary_brain_2,12,1,11
dataset4,AGAGCTATTCGGCCTT-1,4,32.0,12.0,7,Primary_brain_2,12,1,10
dataset4,CTGATGGTACTCAATA-1,4,26.0,21.0,3,Mesenchyme,8,11,4
dataset4,TTGACTTCTGCCGGCA-1,4,33.0,34.0,7,Primary_brain_2,12,1,4
dataset4,ACCGCCAATCGGCCTT-1,4,46.0,12.0,0,Cartilage_2,6,10,5
dataset4,CCAGTTCCCTAAGAGA-1,0,45.0,20.0,3,Mesenchyme,8,12,13
dataset4,ACCGCCAAACCGCCAA-1,4,46.0,5.0,0,Cartilage_2,6,6,5
dataset4,CAACCGCTAATTAAGA-1,4,43.0,32.0,0,Cartilage_2,6,10,5
dataset4,TAGAATTAAGAGAAGG-1,0,35.0,46.0,3,Mesenchyme,8,12,13
dataset4,TTGACTTCTAGAATTA-1,4,33.0,16.0,0,Cartilage_2,6,10,4
dataset4,GCGTTGGAATCATATT-1,0,28.0,36.0,3,Mesenchyme,8,11,13
dataset4,GGTACTGCAAGAAGCT-1,0,36.0,44.0,3,Mesenchyme,8,11,13
dataset4,GACCTTGAGCAGGTCC-1,4,42.0,11.0,0,Cartilage_2,6,10,5
dataset4,GCCGCAACCCGAGAAT-1,4,24.0,26.0,7,Primary_brain_2,12,1,11
dataset4,TCCTACCATTACCGAG-1,0,29.0,35.0,3,Mesenchyme,8,12,4
dataset4,CCAGTTCCTAGATCTA-1,0,45.0,31.0,3,Mesenchyme,8,12,4
dataset4,TAGAATTAGATACGGA-1,4,35.0,40.0,5,Muscle,5,13,4
dataset4,AGAGCTATAGAGCTAT-1,4,32.0,19.0,0,Cartilage_2,6,10,5
dataset4,TCCGGCCTCTTGCGCC-1,4,6.0,14.0,6,Primary_brain_1,2,6,11
dataset4,AGAGCTATTGCGGACC-1,4,32.0,29.0,0,Cartilage_2,6,10,5
dataset4,TAGAATTAACTCAATA-1,4,35.0,21.0,0,Cartilage_2,6,10,5
dataset4,TAGAATTAGGTACTGC-1,4,35.0,15.0,0,Cartilage_2,6,10,5
dataset4,TAGAGTAAACTTAACC-1,4,41.0,7.0,6,Primary_brain_1,2,6,11
dataset4,TAGATCTAGACCTTGA-1,0,20.0,9.0,3,Mesenchyme,8,11,13
dataset4,ACTTAACCCTTGCGCC-1,4,44.0,14.0,0,Cartilage_2,6,10,5
dataset4,CTAAGAGAGATACGGA-1,0,31.0,40.0,3,Mesenchyme,8,12,13
dataset4,TTATCCGGGCGTTGGA-1,4,10.0,23.0,6,Primary_brain_1,2,6,11
dataset4,ACCGCCAATTGACTTC-1,4,46.0,18.0,3,Mesenchyme,8,12,13
dataset4,GCGTTGGAACTATGCA-1,0,28.0,38.0,3,Mesenchyme,8,13,13
dataset4,GCGTTGGAACGGAGGC-1,4,28.0,30.0,3,Mesenchyme,8,11,4
dataset4,ACCGCCAAATCATATT-1,4,46.0,36.0,0,Cartilage_2,6,10,5
dataset4,GCCGCAACGCAGGTCC-1,4,24.0,11.0,6,Primary_brain_1,2,6,12
dataset4,GGCTGAGCACCGCCAA-1,4,48.0,5.0,0,Cartilage_2,6,10,5
dataset4,CCGAGAATGCCGCAAC-1,4,25.0,27.0,2,Diencephalon_and_hindbrain,13,11,13
dataset4,TGAGTCTGTAGATCTA-1,4,23.0,31.0,3,Mesenchyme,8,6,13
dataset4,ACTTAACCAGAACGTC-1,4,44.0,13.0,0,Cartilage_2,6,10,5
dataset4,TCTGATACTCGGCCTT-1,4,9.0,12.0,6,Primary_brain_1,2,6,11
dataset4,TAGAGTAAGGCTGAGC-1,4,41.0,3.0,6,Primary_brain_1,2,6,11
dataset4,GGCTGAGCTAGAATTA-1,0,48.0,16.0,3,Mesenchyme,8,12,13
dataset4,ATCATATTGCGTTGGA-1,4,15.0,23.0,7,Primary_brain_2,12,1,11
dataset4,CCGAGAATTGAGTCTG-1,4,25.0,28.0,7,Primary_brain_2,12,1,11
dataset4,ACGGAGGCGCGTTGGA-1,0,21.0,23.0,3,Mesenchyme,8,13,13
dataset4,TCCTACCATAGAATTA-1,0,29.0,16.0,3,Mesenchyme,8,12,13
dataset4,TAGAGTAACTTGCGCC-1,4,41.0,14.0,0,Cartilage_2,6,10,5
dataset4,CCGATTCCCTTGCGCC-1,4,47.0,14.0,0,Cartilage_2,6,10,5
dataset4,TAGAATTAGCCATTCT-1,4,35.0,17.0,0,Cartilage_2,6,10,5
dataset4,AAGAAGCTTCGGCCTT-1,0,7.0,12.0,3,Mesenchyme,8,12,13
dataset4,ACGGAGGCGCCATTCT-1,0,21.0,17.0,2,Diencephalon_and_hindbrain,13,4,13
dataset4,TGGTCAGCCTTGCGCC-1,2,14.0,14.0,7,Primary_brain_2,12,1,11
dataset4,CCGATTCCACTCAATA-1,4,47.0,21.0,3,Mesenchyme,8,12,13
dataset4,TTACCGAGGACCTTGA-1,4,16.0,9.0,7,Primary_brain_2,12,1,11
dataset4,AGAACGTCTTATCCGG-1,3,38.0,41.0,5,Muscle,5,13,5
dataset4,ACCGCCAAGACCTTGA-1,4,46.0,9.0,0,Cartilage_2,6,10,5
dataset4,TGAGTCTGGCCATTCT-1,4,23.0,17.0,3,Mesenchyme,8,1,13
dataset4,TCCTACCAGATCTTAC-1,0,29.0,24.0,3,Mesenchyme,8,12,4
dataset4,GGCTGAGCGGTACTGC-1,4,48.0,15.0,0,Cartilage_2,6,10,5
dataset4,TAGAGTAATGCCGGCA-1,4,41.0,34.0,0,Cartilage_2,6,10,5
dataset4,CCGAGAATTTATCCGG-1,4,25.0,41.0,7,Primary_brain_2,12,1,11
dataset4,ACGGAGGCTTGACTTC-1,0,21.0,18.0,3,Mesenchyme,8,12,13
dataset4,CGACGCGAAGAACGTC-1,4,12.0,13.0,6,Primary_brain_1,2,6,11
dataset4,ATAAGGAGCAACCGCT-1,4,50.0,8.0,0,Cartilage_2,6,10,5
dataset4,TAGATCTACTGATGGT-1,4,20.0,25.0,7,Primary_brain_2,12,1,11
dataset4,CAACCGCTTTATCCGG-1,4,43.0,41.0,0,Cartilage_2,6,11,5
dataset4,CGAACGCCACGGAGGC-1,4,49.0,30.0,0,Cartilage_2,6,10,5
dataset4,GGTACTGCAGAGCTAT-1,4,36.0,19.0,0,Cartilage_2,6,10,5
dataset4,TTGACTTCCCGAGAAT-1,4,33.0,26.0,0,Cartilage_2,6,10,5
dataset4,ATCATATTGCCATTCT-1,0,15.0,17.0,3,Mesenchyme,8,12,13
dataset4,GACCTTGAGATACGGA-1,4,42.0,40.0,0,Cartilage_2,6,11,5
dataset4,CATACTCCCTAAGAGA-1,4,4.0,20.0,3,Mesenchyme,8,11,13
dataset4,TGAGTCTGCTTGCGCC-1,4,23.0,14.0,3,Mesenchyme,8,11,13
dataset4,TGAGTCTGTGCGGACC-1,4,23.0,29.0,6,Primary_brain_1,2,6,11
dataset4,GCCATTCTGCCATTCT-1,4,34.0,17.0,0,Cartilage_2,6,10,5
dataset4,CCGATTCCGACCTTGA-1,4,47.0,9.0,0,Cartilage_2,6,10,5
dataset4,AGAACGTCGCCATTCT-1,4,38.0,17.0,0,Cartilage_2,6,10,5
dataset4,CAACCGCTTCGGCCTT-1,4,43.0,12.0,0,Cartilage_2,6,10,5
dataset4,AGAGCTATCTTGCGCC-1,4,32.0,14.0,3,Mesenchyme,8,12,13
dataset4,TTATCCGGGCAGGTCC-1,4,10.0,11.0,6,Primary_brain_1,2,6,11
dataset4,TTGACTTCCTTGCGCC-1,4,33.0,14.0,3,Mesenchyme,8,11,13
dataset4,CTTGCGCCATCATATT-1,4,37.0,36.0,5,Muscle,5,10,5
dataset4,GCCGCAACTAGATCTA-1,4,24.0,31.0,7,Primary_brain_2,12,1,11
dataset4,GCCATTCTCAACCGCT-1,4,34.0,8.0,7,Primary_brain_2,12,1,11
dataset4,TTACCGAGGCAGGTCC-1,4,16.0,11.0,7,Primary_brain_2,12,1,11
dataset4,TAGAGTAAGATACGGA-1,4,41.0,40.0,0,Cartilage_2,6,11,5
dataset4,CCAGTTCCATCATATT-1,4,45.0,36.0,0,Cartilage_2,6,10,5
dataset4,TCGGCCTTAGAGCTAT-1,4,39.0,19.0,0,Cartilage_2,6,10,5
dataset4,TCGGCCTTTTATCCGG-1,4,39.0,41.0,5,Muscle,5,13,5
dataset4,GACCTTGAAGAACGTC-1,4,42.0,13.0,0,Cartilage_2,6,10,5
dataset4,CTAAGAGAACTCAATA-1,4,31.0,21.0,0,Cartilage_2,6,11,5
dataset4,ATAAGGAGATCATATT-1,4,50.0,36.0,0,Cartilage_2,6,10,5
dataset4,GCGTTGGACGACGCGA-1,0,28.0,39.0,3,Mesenchyme,8,11,13
dataset4,TTATTCATCTAAGAGA-1,4,18.0,20.0,3,Mesenchyme,8,12,13
dataset4,CCGATTCCCCGATTCC-1,4,47.0,4.0,0,Cartilage_2,6,11,5
dataset4,TTACCGAGGCGTTGGA-1,4,16.0,23.0,7,Primary_brain_2,12,1,11
dataset4,CAACCGCTACTATGCA-1,4,43.0,38.0,0,Cartilage_2,6,10,5
dataset4,CTAAGAGATCTGATAC-1,0,31.0,42.0,3,Mesenchyme,8,11,13
dataset4,CTTGCGCCGCAGGTCC-1,4,37.0,11.0,0,Cartilage_2,6,11,5
dataset4,TAGAATTAAATTAAGA-1,4,35.0,32.0,0,Cartilage_2,6,10,5
dataset4,AATTAAGAGCCATTCT-1,0,19.0,17.0,3,Mesenchyme,8,12,13
dataset4,ATCATATTTCCTACCA-1,4,15.0,22.0,7,Primary_brain_2,12,1,11
dataset4,TCCTACCAGCGTTGGA-1,0,29.0,23.0,3,Mesenchyme,8,12,4
dataset4,GGTACTGCTCGGCCTT-1,4,36.0,12.0,0,Cartilage_2,6,10,5
dataset4,GCCATTCTTGCGGACC-1,4,34.0,29.0,0,Cartilage_2,6,10,5
dataset4,TCTGATACGCCGCAAC-1,4,9.0,27.0,6,Primary_brain_1,2,6,11
dataset4,CGAACGCCTGAGTCTG-1,4,49.0,28.0,3,Mesenchyme,8,12,4
dataset4,CCAGTTCCCAACCGCT-1,4,45.0,8.0,0,Cartilage_2,6,10,5
dataset4,TAGATCTATCCTACCA-1,0,20.0,22.0,3,Mesenchyme,8,12,13
dataset4,ACGGAGGCCAACCGCT-1,0,21.0,8.0,3,Mesenchyme,8,12,13
dataset4,ACCGCCAACGAACGCC-1,0,46.0,2.0,0,Cartilage_2,6,12,5
dataset4,GGCTGAGCACTTAACC-1,4,48.0,7.0,5,Muscle,5,13,5
dataset4,TTATTCATCTGATGGT-1,4,18.0,25.0,7,Primary_brain_2,12,1,11
dataset4,GGTACTGCCGACGCGA-1,4,36.0,39.0,5,Muscle,5,13,5
dataset4,AGAACGTCGAAGATCG-1,0,38.0,43.0,5,Muscle,5,13,5
dataset4,AGAGCTATGACCTTGA-1,4,32.0,9.0,6,Primary_brain_1,2,6,12
dataset4,CAACCGCTAGAACGTC-1,4,43.0,13.0,0,Cartilage_2,6,10,5
dataset4,GCAGGTCCAAGAAGCT-1,4,40.0,44.0,0,Cartilage_2,6,11,5
dataset4,TAGATCTATTGACTTC-1,0,20.0,18.0,3,Mesenchyme,8,12,13
dataset4,GGTACTGCACTCAATA-1,4,36.0,21.0,0,Cartilage_2,6,10,5
dataset4,ACTCAATAGATCTTAC-1,0,30.0,24.0,3,Mesenchyme,8,12,13
dataset4,CCAGTTCCTTACCGAG-1,4,45.0,35.0,0,Cartilage_2,6,10,5
dataset4,CCAGTTCCGGCTGAGC-1,4,45.0,3.0,0,Cartilage_2,6,6,13
dataset4,GCCATTCTTGCCGGCA-1,4,34.0,34.0,0,Cartilage_2,6,11,4
dataset4,GCGTTGGAAGAGCTAT-1,4,28.0,19.0,6,Primary_brain_1,2,10,12
dataset4,AAGAAGCTGCCGCAAC-1,0,7.0,27.0,3,Mesenchyme,8,12,13
dataset4,TGGTCAGCTCCTACCA-1,4,14.0,22.0,6,Primary_brain_1,2,6,11
dataset4,CTGATGGTTTACCGAG-1,4,26.0,35.0,7,Primary_brain_2,12,1,11
dataset4,CGAACGCCCGAACGCC-1,4,49.0,2.0,0,Cartilage_2,6,12,5
dataset4,AGAACGTCAAGAAGCT-1,0,38.0,44.0,3,Mesenchyme,8,12,13
dataset4,CAACCGCTGCAGGTCC-1,4,43.0,11.0,0,Cartilage_2,6,10,5
dataset4,TTATTCATTCCTACCA-1,0,18.0,22.0,3,Mesenchyme,8,12,13
dataset4,CAACCGCTACCGCCAA-1,4,43.0,5.0,6,Primary_brain_1,2,6,11
dataset4,TAGATCTAAGAGCTAT-1,0,20.0,19.0,3,Mesenchyme,8,12,13
dataset4,GCGTTGGAACCGCCAA-1,4,28.0,5.0,6,Primary_brain_1,2,6,12
dataset4,CCGAGAATGATCTTAC-1,4,25.0,24.0,3,Mesenchyme,8,11,13
dataset4,GCCGCAACCAACCGCT-1,0,24.0,8.0,6,Primary_brain_1,2,6,12
dataset4,GCGTTGGAGCGTTGGA-1,4,28.0,23.0,3,Mesenchyme,8,10,4
dataset4,TGAGTCTGACTATGCA-1,4,23.0,38.0,6,Primary_brain_1,2,6,13
dataset4,ACTTAACCTGGTCAGC-1,4,44.0,37.0,0,Cartilage_2,6,10,5
dataset4,GCGTTGGATAGAATTA-1,4,28.0,16.0,3,Mesenchyme,8,11,13
dataset4,ACTCAATAAATTAAGA-1,0,30.0,32.0,0,Cartilage_2,6,12,13
dataset4,GCGTTGGATTATCCGG-1,0,28.0,41.0,3,Mesenchyme,8,11,13
dataset4,TCCTACCAGCCGCAAC-1,0,29.0,27.0,3,Mesenchyme,8,12,4
dataset4,AGAGAAGGCTGATGGT-1,4,5.0,25.0,6,Primary_brain_1,2,6,11
dataset4,GACCTTGAAGAGCTAT-1,4,42.0,19.0,3,Mesenchyme,8,12,13
dataset4,AATTAAGAAGAACGTC-1,4,19.0,13.0,7,Primary_brain_2,12,1,11
dataset4,GGTACTGCTGAGTCTG-1,4,36.0,28.0,0,Cartilage_2,6,10,5
dataset4,GCCATTCTTTATCCGG-1,4,34.0,41.0,3,Mesenchyme,8,11,4
dataset4,CTTGCGCCCAACCGCT-1,4,37.0,8.0,0,Cartilage_2,6,11,5
dataset4,TCGGCCTTGATACGGA-1,4,39.0,40.0,5,Muscle,5,13,5
dataset4,CCGAGAATGAAGATCG-1,4,25.0,43.0,7,Primary_brain_2,12,1,11
dataset4,CTAAGAGAAGAGCTAT-1,4,31.0,19.0,0,Cartilage_2,6,11,5
dataset4,AGAGCTATGATCTTAC-1,4,32.0,24.0,0,Cartilage_2,6,10,5
dataset4,CCGAGAATCGACGCGA-1,4,25.0,39.0,7,Primary_brain_2,12,1,11
dataset4,GACCTTGACCGATTCC-1,4,42.0,4.0,6,Primary_brain_1,2,6,11
dataset4,TCGGCCTTGCAGGTCC-1,4,39.0,11.0,0,Cartilage_2,6,10,5
dataset4,TGCCGGCACTGATGGT-1,4,17.0,25.0,7,Primary_brain_2,12,1,11
dataset4,ACTATGCAGCAGGTCC-1,4,13.0,11.0,7,Primary_brain_2,12,1,11
dataset4,TTGACTTCGATACGGA-1,4,33.0,40.0,3,Mesenchyme,8,11,13
dataset4,TGCGGACCCTTGCGCC-1,4,22.0,14.0,7,Primary_brain_2,12,1,11
dataset4,ACTCAATACTGATGGT-1,0,30.0,25.0,3,Mesenchyme,8,12,4
dataset4,GAAGATCGGCGTTGGA-1,0,8.0,23.0,3,Mesenchyme,8,6,13
dataset4,GCGTTGGAGAAGATCG-1,0,28.0,43.0,3,Mesenchyme,8,12,13
dataset4,CCGAGAATGCAGGTCC-1,4,25.0,11.0,6,Primary_brain_1,2,6,13
dataset4,ACTCAATATGCCGGCA-1,0,30.0,34.0,3,Mesenchyme,8,12,4
dataset4,ACTCAATATCGGCCTT-1,0,30.0,12.0,6,Primary_brain_1,2,6,13
dataset4,AGAGCTATGCCATTCT-1,4,32.0,17.0,0,Cartilage_2,6,10,4
dataset4,TAGAGTAACAACCGCT-1,4,41.0,8.0,6,Primary_brain_1,2,6,11
dataset4,TGGTCAGCAGAGCTAT-1,4,14.0,19.0,7,Primary_brain_2,12,1,11
dataset4,CAACCGCTGACCTTGA-1,4,43.0,9.0,3,Mesenchyme,8,11,4
dataset4,ACTCAATACCAGTTCC-1,0,30.0,6.0,6,Primary_brain_1,2,6,12
dataset4,TCCTACCAACTCAATA-1,0,29.0,21.0,3,Mesenchyme,8,9,4
dataset4,AGAGAAGGTAGAATTA-1,4,5.0,16.0,6,Primary_brain_1,2,6,11
dataset4,GGTACTGCCTTGCGCC-1,4,36.0,14.0,0,Cartilage_2,6,10,5
dataset4,GCCGCAACTTGACTTC-1,0,24.0,18.0,3,Mesenchyme,8,12,13
dataset4,TTATTCATTAGAGTAA-1,4,18.0,10.0,7,Primary_brain_2,12,1,11
dataset4,TGCGGACCGATCTTAC-1,4,22.0,24.0,7,Primary_brain_2,12,1,11
dataset4,GCAGGTCCTAGATCTA-1,0,40.0,31.0,3,Mesenchyme,8,12,13
dataset4,GCGTTGGATCGGCCTT-1,4,28.0,12.0,6,Primary_brain_1,2,6,12
dataset4,CCAGTTCCACCGCCAA-1,4,45.0,5.0,0,Cartilage_2,6,6,4
dataset4,TGGTCAGCACTCAATA-1,4,14.0,21.0,6,Primary_brain_1,2,6,11
dataset4,TTGACTTCAGAACGTC-1,4,33.0,13.0,3,Mesenchyme,8,10,13
dataset4,ACTTAACCTTATTCAT-1,4,44.0,33.0,0,Cartilage_2,6,10,5
dataset4,GATCTTACACTATGCA-1,4,27.0,38.0,7,Primary_brain_2,12,1,10
dataset4,GCTAACTTGGTACTGC-1,0,3.0,15.0,2,Diencephalon_and_hindbrain,13,12,13
dataset4,TGCGGACCGCCGCAAC-1,4,22.0,27.0,6,Primary_brain_1,2,6,11
dataset4,GCGTTGGAACTTAACC-1,4,28.0,7.0,6,Primary_brain_1,2,6,12
dataset4,CTTGCGCCAGAACGTC-1,4,37.0,13.0,0,Cartilage_2,6,10,5
dataset4,AAGAAGCTGATCTTAC-1,0,7.0,24.0,3,Mesenchyme,8,6,13
dataset4,TGCCGGCAGATCTTAC-1,4,17.0,24.0,7,Primary_brain_2,12,1,11
dataset4,GACCTTGATCGGCCTT-1,4,42.0,12.0,0,Cartilage_2,6,10,5
dataset4,CTGATGGTCCGAGAAT-1,4,26.0,26.0,3,Mesenchyme,8,11,13
dataset4,CCGATTCCCAACCGCT-1,4,47.0,8.0,0,Cartilage_2,6,10,5
dataset4,GCCATTCTACTATGCA-1,0,34.0,38.0,3,Mesenchyme,8,11,4
dataset4,ACTATGCACTTGCGCC-1,4,13.0,14.0,7,Primary_brain_2,12,1,11
dataset4,TTGACTTCAAGAAGCT-1,0,33.0,44.0,3,Mesenchyme,8,12,13
dataset4,ACTCAATAATCATATT-1,0,30.0,36.0,3,Mesenchyme,8,12,13
dataset4,GCGTTGGATGCGGACC-1,4,28.0,29.0,3,Mesenchyme,8,11,4
dataset4,TGAGTCTGCTGATGGT-1,4,23.0,25.0,7,Primary_brain_2,12,1,11
dataset4,TGCGGACCTAGAATTA-1,4,22.0,16.0,7,Primary_brain_2,12,1,11
dataset4,CTAAGAGAAATTAAGA-1,4,31.0,32.0,0,Cartilage_2,6,10,5
dataset4,CTTGCGCCAATTAAGA-1,4,37.0,32.0,0,Cartilage_2,6,10,5
dataset4,GCAGGTCCTCTGATAC-1,4,40.0,42.0,0,Cartilage_2,6,11,5
dataset4,TGCCGGCATAGAATTA-1,0,17.0,16.0,3,Mesenchyme,8,12,13
dataset4,GCGTTGGACCGAGAAT-1,4,28.0,26.0,3,Mesenchyme,8,10,5
