row_index,selected_spot_index,cluster,x,y
0,0,1,47.0,71.0
1,1,2,49.0,43.0
2,2,2,28.0,86.0
3,3,1,51.0,41.0
4,4,2,24.0,6.0
5,5,3,12.0,10.0
6,6,4,50.0,6.0
7,7,4,58.0,26.0
8,8,4,67.0,55.0
9,9,3,16.0,8.0
10,10,0,67.0,21.0
11,11,1,38.0,104.0
12,12,2,52.0,18.0
13,13,4,59.0,15.0
14,14,2,29.0,49.0
15,15,3,59.0,77.0
16,16,0,67.0,19.0
17,17,3,39.0,45.0
18,18,4,68.0,72.0
19,19,4,54.0,98.0
20,20,4,30.0,108.0
21,21,0,10.0,2.0
22,22,4,35.0,17.0
23,23,0,14.0,82.0
24,24,4,64.0,58.0
25,25,2,21.0,75.0
26,26,3,35.0,39.0
27,27,0,7.0,39.0
28,28,3,38.0,12.0
29,29,4,27.0,101.0
30,30,2,7.0,27.0
31,31,3,14.0,24.0
32,32,4,50.0,4.0
33,33,3,18.0,12.0
34,34,1,24.0,58.0
35,35,4,56.0,26.0
36,36,0,7.0,53.0
37,37,3,26.0,56.0
38,38,1,41.0,99.0
39,39,0,69.0,81.0
40,40,2,14.0,52.0
41,41,4,60.0,44.0
42,42,1,49.0,91.0
43,43,1,36.0,110.0
44,44,3,39.0,79.0
45,45,1,53.0,41.0
46,46,3,19.0,71.0
47,47,3,22.0,48.0
48,48,4,63.0,77.0
49,49,2,19.0,13.0
50,50,1,42.0,100.0
51,51,0,5.0,55.0
52,52,0,67.0,25.0
53,53,2,37.0,61.0
54,54,3,12.0,60.0
55,55,3,12.0,42.0
56,56,1,53.0,97.0
57,57,4,66.0,26.0
58,58,2,60.0,70.0
59,59,2,15.0,13.0
60,60,1,51.0,83.0
61,61,3,34.0,8.0
62,62,2,37.0,77.0
63,63,3,32.0,26.0
64,64,0,5.0,47.0
65,65,1,45.0,3.0
66,66,1,56.0,52.0
67,67,3,60.0,54.0
68,68,3,51.0,27.0
69,69,1,25.0,101.0
70,70,3,34.0,46.0
71,71,1,18.0,40.0
72,72,4,66.0,80.0
73,73,4,66.0,74.0
74,74,4,48.0,110.0
75,75,0,6.0,54.0
76,76,4,62.0,34.0
77,77,3,13.0,25.0
78,78,4,28.0,70.0
79,79,4,20.0,0.0
80,80,3,10.0,20.0
81,81,1,24.0,0.0
82,82,1,39.0,71.0
83,83,3,30.0,14.0
84,84,3,46.0,28.0
85,85,3,57.0,73.0
86,86,4,48.0,4.0
87,87,3,18.0,70.0
88,88,1,57.0,31.0
89,89,3,29.0,25.0
90,90,1,50.0,12.0
91,91,2,28.0,100.0
92,92,4,64.0,26.0
93,93,4,34.0,60.0
94,94,4,67.0,53.0
95,95,1,49.0,15.0
96,96,3,47.0,27.0
97,97,1,56.0,16.0
98,98,2,52.0,32.0
99,99,4,27.0,111.0
100,100,2,16.0,66.0
101,101,3,10.0,42.0
102,102,3,20.0,72.0
103,103,0,69.0,35.0
104,104,1,45.0,97.0
105,105,3,15.0,55.0
106,106,4,60.0,98.0
107,107,3,23.0,1.0
108,108,1,34.0,16.0
109,109,1,45.0,73.0
110,110,3,27.0,17.0
111,111,4,48.0,88.0
112,112,3,34.0,34.0
113,113,1,59.0,51.0
114,114,2,20.0,86.0
115,115,4,70.0,48.0
116,116,1,50.0,20.0
117,117,2,14.0,44.0
118,118,1,62.0,54.0
119,119,0,20.0,102.0
120,120,2,50.0,70.0
121,121,3,28.0,28.0
122,122,3,28.0,24.0
123,123,0,18.0,72.0
124,124,3,25.0,45.0
125,125,4,33.0,61.0
126,126,1,58.0,94.0
127,127,0,16.0,90.0
128,128,1,41.0,83.0
129,129,3,23.0,75.0
130,130,3,15.0,59.0
131,131,2,34.0,28.0
132,132,1,55.0,45.0
133,133,3,28.0,50.0
134,134,2,50.0,38.0
135,135,3,52.0,74.0
136,136,3,30.0,58.0
137,137,4,68.0,42.0
138,138,0,5.0,51.0
139,139,1,18.0,56.0
140,140,4,51.0,111.0
141,141,0,35.0,117.0
142,142,3,13.0,13.0
143,143,2,15.0,57.0
144,144,1,56.0,80.0
145,145,2,48.0,24.0
146,146,2,28.0,30.0
147,147,4,65.0,39.0
148,148,1,40.0,74.0
149,149,3,46.0,16.0
150,150,1,29.0,79.0
151,151,1,55.0,61.0
152,152,3,35.0,85.0
153,153,1,25.0,51.0
154,154,1,60.0,58.0
155,155,1,33.0,47.0
156,156,3,31.0,11.0
157,157,2,33.0,3.0
158,158,1,58.0,42.0
159,159,4,65.0,37.0
160,160,2,9.0,21.0
161,161,3,17.0,9.0
162,162,3,22.0,2.0
163,163,4,66.0,56.0
164,164,4,61.0,23.0
165,165,1,37.0,65.0
166,166,1,46.0,90.0
167,167,4,42.0,116.0
168,168,1,43.0,89.0
169,169,3,19.0,61.0
170,170,4,65.0,77.0
171,171,0,52.0,0.0
172,172,4,46.0,0.0
173,173,1,41.0,59.0
174,174,1,41.0,105.0
175,175,2,31.0,71.0
176,176,2,10.0,52.0
177,177,2,26.0,8.0
178,178,1,32.0,108.0
179,179,2,20.0,20.0
180,180,4,60.0,86.0
181,181,1,44.0,24.0
182,182,1,30.0,78.0
183,183,3,11.0,43.0
184,184,0,13.0,69.0
185,185,0,72.0,46.0
186,186,3,17.0,55.0
187,187,2,27.0,89.0
188,188,1,59.0,53.0
189,189,2,46.0,54.0
190,190,3,26.0,24.0
191,191,3,24.0,22.0
192,192,3,22.0,34.0
193,193,3,17.0,43.0
194,194,4,53.0,53.0
195,195,3,48.0,70.0
196,196,1,60.0,56.0
197,197,0,8.0,56.0
198,198,2,29.0,21.0
199,199,2,15.0,5.0
200,200,4,65.0,81.0
201,201,3,25.0,47.0
202,202,4,52.0,104.0
203,203,1,44.0,108.0
204,204,2,13.0,27.0
205,205,1,43.0,101.0
206,206,4,26.0,102.0
207,207,1,49.0,93.0
208,208,4,54.0,100.0
209,209,1,58.0,80.0
210,210,2,41.0,93.0
211,211,1,52.0,58.0
212,212,1,40.0,90.0
213,213,4,62.0,36.0
214,214,2,31.0,1.0
215,215,3,20.0,76.0
216,216,1,36.0,54.0
217,217,0,57.0,65.0
218,218,3,33.0,9.0
219,219,3,33.0,7.0
220,220,0,9.0,63.0
221,221,1,43.0,49.0
222,222,3,44.0,10.0
223,223,1,18.0,86.0
224,224,3,18.0,58.0
225,225,1,57.0,39.0
226,226,3,36.0,20.0
227,227,3,59.0,79.0
228,228,4,66.0,40.0
229,229,4,59.0,89.0
230,230,0,7.0,51.0
231,231,1,46.0,84.0
232,232,1,55.0,55.0
233,233,3,49.0,19.0
234,234,4,65.0,43.0
235,235,3,23.0,23.0
236,236,4,63.0,45.0
237,237,4,68.0,40.0
238,238,1,38.0,98.0
239,239,1,48.0,8.0
240,240,1,49.0,55.0
241,241,2,17.0,77.0
242,242,2,23.0,49.0
243,243,2,30.0,64.0
244,244,2,58.0,70.0
245,245,0,71.0,37.0
246,246,1,40.0,108.0
247,247,1,27.0,59.0
248,248,0,15.0,79.0
249,249,4,65.0,35.0
250,250,1,37.0,97.0
251,251,4,55.0,105.0
252,252,1,51.0,71.0
253,253,1,52.0,20.0
254,254,2,19.0,41.0
255,255,2,27.0,47.0
256,256,4,58.0,92.0
257,257,1,34.0,110.0
258,258,1,24.0,86.0
259,259,1,28.0,74.0
260,260,1,53.0,87.0
261,261,0,14.0,66.0
262,262,4,59.0,97.0
263,263,3,46.0,34.0
264,264,3,48.0,94.0
265,265,3,45.0,13.0
266,266,3,8.0,26.0
267,267,3,23.0,29.0
268,268,0,5.0,31.0
269,269,4,29.0,107.0
270,270,1,20.0,54.0
271,271,3,25.0,1.0
272,272,2,29.0,99.0
273,273,3,56.0,72.0
274,274,1,35.0,53.0
275,275,2,30.0,2.0
276,276,0,10.0,76.0
277,277,3,38.0,94.0
278,278,1,13.0,59.0
279,279,1,57.0,41.0
280,280,1,32.0,48.0
281,281,1,43.0,111.0
282,282,4,62.0,40.0
283,283,3,39.0,99.0
284,284,1,54.0,94.0
285,285,3,37.0,35.0
286,286,2,57.0,75.0
287,287,1,50.0,92.0
288,288,1,47.0,55.0
289,289,2,18.0,52.0
290,290,2,36.0,2.0
291,291,3,21.0,27.0
292,292,2,14.0,50.0
293,293,1,50.0,14.0
294,294,2,32.0,90.0
295,295,2,47.0,25.0
296,296,0,8.0,58.0
297,297,1,44.0,50.0
298,298,2,16.0,16.0
299,299,3,22.0,6.0
300,300,1,45.0,25.0
301,301,1,42.0,42.0
302,302,2,28.0,2.0
303,303,3,56.0,74.0
304,304,3,66.0,66.0
305,305,0,6.0,36.0
306,306,4,42.0,114.0
307,307,1,56.0,54.0
308,308,2,16.0,60.0
309,309,0,16.0,74.0
310,310,3,47.0,17.0
311,311,3,19.0,25.0
312,312,2,26.0,68.0
313,313,3,23.0,73.0
314,314,4,69.0,59.0
315,315,2,31.0,7.0
316,316,1,24.0,26.0
317,317,3,18.0,62.0
318,318,2,21.0,41.0
319,319,1,60.0,48.0
320,320,3,35.0,47.0
321,321,3,19.0,67.0
322,322,4,23.0,107.0
323,323,1,36.0,16.0
324,324,3,46.0,48.0
325,325,0,46.0,116.0
326,326,1,47.0,81.0
327,327,0,17.0,97.0
328,328,4,63.0,39.0
329,329,3,29.0,39.0
330,330,1,54.0,82.0
331,331,2,14.0,36.0
332,332,1,38.0,2.0
333,333,2,12.0,18.0
334,334,4,18.0,0.0
335,335,2,22.0,54.0
336,336,0,18.0,98.0
337,337,4,67.0,71.0
338,338,2,25.0,83.0
339,339,0,10.0,62.0
340,340,2,25.0,19.0
341,341,3,30.0,10.0
342,342,1,46.0,74.0
343,343,2,45.0,57.0
344,344,2,24.0,88.0
345,345,0,29.0,113.0
346,346,2,53.0,19.0
347,347,3,15.0,21.0
348,348,4,59.0,11.0
349,349,2,11.0,29.0
350,350,2,22.0,68.0
351,351,1,52.0,68.0
352,352,1,34.0,90.0
353,353,1,37.0,45.0
354,354,3,62.0,72.0
355,355,3,46.0,36.0
356,356,1,49.0,95.0
357,357,3,18.0,14.0
358,358,3,55.0,29.0
359,359,4,68.0,30.0
360,360,1,59.0,47.0
361,361,0,7.0,57.0
362,362,0,5.0,45.0
363,363,2,9.0,9.0
364,364,4,45.0,1.0
365,365,4,66.0,38.0
366,366,3,23.0,19.0
367,367,1,25.0,27.0
368,368,3,19.0,31.0
369,369,2,38.0,8.0
370,370,3,28.0,22.0
371,371,2,10.0,12.0
372,372,2,13.0,37.0
373,373,0,13.0,83.0
374,374,1,62.0,56.0
375,375,1,45.0,75.0
376,376,0,6.0,32.0
377,377,2,32.0,2.0
378,378,2,17.0,5.0
379,379,1,51.0,49.0
380,380,2,27.0,81.0
381,381,1,32.0,94.0
382,382,1,38.0,72.0
383,383,2,21.0,1.0
384,384,2,23.0,87.0
385,385,3,55.0,39.0
386,386,4,21.0,95.0
387,387,1,20.0,64.0
388,388,3,16.0,32.0
389,389,1,28.0,96.0
390,390,1,56.0,78.0
391,391,4,42.0,4.0
392,392,1,41.0,71.0
393,393,2,53.0,49.0
394,394,0,63.0,91.0
395,395,4,62.0,48.0
396,396,0,63.0,95.0
397,397,3,29.0,41.0
398,398,2,51.0,31.0
399,399,2,47.0,13.0
400,400,0,3.0,33.0
401,401,1,58.0,32.0
402,402,0,19.0,99.0
403,403,1,40.0,54.0
404,404,1,36.0,102.0
405,405,3,34.0,38.0
406,406,3,45.0,11.0
407,407,3,38.0,44.0
408,408,2,42.0,68.0
409,409,4,38.0,116.0
410,410,3,47.0,63.0
411,411,2,12.0,16.0
412,412,0,11.0,79.0
413,413,4,57.0,87.0
414,414,4,61.0,81.0
415,415,3,49.0,69.0
416,416,0,64.0,18.0
417,417,4,52.0,4.0
418,418,1,49.0,53.0
419,419,4,69.0,51.0
420,420,1,45.0,31.0
421,421,0,9.0,59.0
422,422,0,71.0,45.0
423,423,2,30.0,88.0
424,424,2,32.0,84.0
425,425,1,30.0,38.0
426,426,1,33.0,111.0
427,427,4,11.0,49.0
428,428,1,36.0,42.0
429,429,3,17.0,67.0
430,430,2,32.0,4.0
431,431,4,62.0,38.0
432,432,2,16.0,50.0
433,433,4,57.0,17.0
434,434,4,63.0,85.0
435,435,0,8.0,38.0
436,436,3,56.0,44.0
437,437,3,44.0,38.0
438,438,0,8.0,46.0
439,439,0,15.0,89.0
440,440,0,4.0,48.0
441,441,1,45.0,105.0
442,442,1,55.0,93.0
443,443,3,46.0,62.0
444,444,2,59.0,61.0
445,445,1,21.0,53.0
446,446,1,47.0,105.0
447,447,3,19.0,5.0
448,448,2,24.0,64.0
449,449,4,50.0,102.0
450,450,0,6.0,10.0
451,451,4,65.0,41.0
452,452,4,33.0,59.0
453,453,1,51.0,37.0
454,454,0,69.0,79.0
455,455,1,30.0,34.0
456,456,4,65.0,23.0
457,457,3,34.0,30.0
458,458,3,44.0,66.0
459,459,2,42.0,28.0
460,460,0,11.0,77.0
461,461,4,44.0,114.0
462,462,3,52.0,36.0
463,463,2,10.0,8.0
464,464,3,24.0,74.0
465,465,1,45.0,47.0
466,466,1,45.0,79.0
467,467,2,17.0,91.0
468,468,2,17.0,15.0
469,469,1,44.0,48.0
470,470,4,55.0,13.0
471,471,4,40.0,116.0
472,472,0,30.0,112.0
473,473,1,36.0,14.0
474,474,3,51.0,17.0
475,475,4,44.0,14.0
476,476,3,57.0,69.0
477,477,2,22.0,38.0
478,478,1,61.0,73.0
479,479,0,72.0,50.0
480,480,0,70.0,36.0
481,481,1,50.0,50.0
482,482,2,17.0,17.0
483,483,1,61.0,69.0
484,484,2,26.0,18.0
485,485,4,52.0,110.0
486,486,2,37.0,17.0
487,487,3,31.0,39.0
488,488,3,40.0,32.0
489,489,3,21.0,15.0
490,490,1,41.0,103.0
491,491,3,43.0,93.0
492,492,3,34.0,68.0
493,493,1,20.0,82.0
494,494,4,57.0,95.0
495,495,1,22.0,66.0
496,496,0,7.0,67.0
497,497,1,48.0,90.0
498,498,2,26.0,12.0
499,499,3,64.0,66.0
500,500,4,68.0,46.0
501,501,0,7.0,9.0
502,502,0,6.0,40.0
503,503,1,48.0,74.0
504,504,0,8.0,52.0
505,505,0,4.0,44.0
506,506,1,52.0,86.0
507,507,4,24.0,106.0
508,508,1,42.0,110.0
509,509,1,43.0,99.0
510,510,1,51.0,59.0
511,511,1,59.0,37.0
512,512,2,31.0,53.0
513,513,1,34.0,78.0
514,514,4,27.0,103.0
515,515,0,16.0,92.0
516,516,3,41.0,35.0
517,517,4,60.0,14.0
518,518,1,41.0,7.0
519,519,2,19.0,27.0
520,520,2,21.0,9.0
521,521,2,37.0,13.0
522,522,1,44.0,52.0
523,523,2,28.0,88.0
524,524,4,70.0,46.0
525,525,1,48.0,44.0
526,526,3,54.0,44.0
527,527,3,19.0,1.0
528,528,2,53.0,7.0
529,529,0,34.0,116.0
530,530,4,68.0,64.0
531,531,4,24.0,104.0
532,532,2,44.0,16.0
533,533,3,44.0,32.0
534,534,1,46.0,82.0
535,535,2,11.0,35.0
536,536,1,26.0,70.0
537,537,1,38.0,54.0
538,538,1,33.0,49.0
539,539,4,57.0,21.0
540,540,2,48.0,80.0
541,541,2,23.0,55.0
542,542,3,48.0,28.0
543,543,3,51.0,25.0
544,544,2,30.0,0.0
545,545,1,42.0,62.0
546,546,2,29.0,73.0
547,547,2,44.0,62.0
548,548,3,29.0,23.0
549,549,2,18.0,22.0
550,550,0,7.0,7.0
551,551,4,67.0,61.0
552,552,2,27.0,13.0
553,553,4,60.0,22.0
554,554,2,39.0,75.0
555,555,3,54.0,74.0
556,556,2,36.0,80.0
557,557,3,49.0,65.0
558,558,0,7.0,15.0
559,559,3,20.0,42.0
560,560,4,34.0,114.0
561,561,1,60.0,78.0
562,562,0,50.0,114.0
563,563,2,22.0,80.0
564,564,3,13.0,23.0
565,565,3,22.0,22.0
566,566,0,63.0,93.0
567,567,1,49.0,45.0
568,568,3,53.0,77.0
569,569,0,12.0,78.0
570,570,2,32.0,54.0
571,571,1,22.0,82.0
572,572,1,49.0,27.0
573,573,2,42.0,92.0
574,574,4,37.0,115.0
575,575,1,52.0,60.0
576,576,2,36.0,60.0
577,577,3,29.0,45.0
578,578,1,33.0,57.0
579,579,4,56.0,14.0
580,580,2,45.0,109.0
581,581,3,26.0,100.0
582,582,2,35.0,101.0
583,583,2,21.0,21.0
584,584,1,41.0,101.0
585,585,3,28.0,12.0
586,586,1,62.0,52.0
587,587,3,20.0,4.0
588,588,1,45.0,85.0
589,589,1,45.0,99.0
590,590,1,42.0,60.0
591,591,1,47.0,41.0
592,592,0,13.0,81.0
593,593,0,31.0,115.0
594,594,1,65.0,75.0
595,595,1,38.0,64.0
596,596,2,11.0,33.0
597,597,3,45.0,37.0
598,598,1,56.0,86.0
599,599,3,23.0,51.0
600,600,4,35.0,115.0
601,601,3,35.0,5.0
602,602,4,64.0,46.0
603,603,0,8.0,54.0
604,604,1,26.0,54.0
605,605,2,18.0,44.0
606,606,2,7.0,25.0
607,607,3,20.0,26.0
608,608,1,36.0,46.0
609,609,1,43.0,81.0
610,610,3,29.0,43.0
611,611,1,21.0,93.0
612,612,3,51.0,73.0
613,613,3,38.0,28.0
614,614,1,59.0,21.0
615,615,4,56.0,102.0
616,616,0,69.0,29.0
617,617,1,44.0,96.0
618,618,1,32.0,80.0
619,619,1,29.0,95.0
620,620,0,70.0,70.0
621,621,4,64.0,56.0
622,622,1,41.0,81.0
623,623,0,10.0,60.0
624,624,0,6.0,24.0
625,625,2,45.0,53.0
626,626,1,58.0,22.0
627,627,0,71.0,63.0
628,628,2,9.0,39.0
629,629,2,7.0,33.0
630,630,4,30.0,102.0
631,631,4,59.0,29.0
632,632,4,54.0,62.0
633,633,1,54.0,78.0
634,634,3,28.0,56.0
635,635,2,13.0,43.0
636,636,1,31.0,77.0
637,637,3,22.0,28.0
638,638,2,17.0,83.0
639,639,4,56.0,8.0
640,640,0,16.0,82.0
641,641,1,20.0,78.0
642,642,4,48.0,108.0
643,643,1,53.0,81.0
644,644,3,54.0,18.0
645,645,2,60.0,60.0
646,646,3,27.0,49.0
647,647,1,34.0,50.0
648,648,1,30.0,60.0
649,649,4,30.0,110.0
650,650,4,56.0,66.0
651,651,0,57.0,107.0
652,652,3,27.0,45.0
653,653,1,66.0,78.0
654,654,0,7.0,41.0
655,655,4,35.0,113.0
656,656,4,61.0,33.0
657,657,3,27.0,15.0
658,658,2,43.0,57.0
659,659,1,28.0,68.0
660,660,2,34.0,98.0
661,661,4,69.0,43.0
662,662,3,21.0,51.0
663,663,2,31.0,41.0
664,664,3,23.0,27.0
665,665,0,11.0,81.0
666,666,2,28.0,64.0
667,667,4,60.0,96.0
668,668,3,28.0,38.0
669,669,2,15.0,17.0
670,670,2,44.0,76.0
671,671,1,33.0,45.0
672,672,2,41.0,9.0
673,673,2,16.0,62.0
674,674,1,53.0,23.0
675,675,3,16.0,12.0
676,676,1,41.0,51.0
677,677,1,29.0,81.0
678,678,3,65.0,65.0
679,679,4,61.0,85.0
680,680,1,47.0,57.0
681,681,4,69.0,57.0
682,682,1,25.0,23.0
683,683,2,42.0,38.0
684,684,1,38.0,70.0
685,685,4,59.0,83.0
686,686,4,65.0,51.0
687,687,0,20.0,104.0
688,688,2,7.0,21.0
689,689,1,51.0,95.0
690,690,2,19.0,63.0
691,691,1,54.0,16.0
692,692,1,55.0,33.0
693,693,1,61.0,47.0
694,694,3,36.0,24.0
695,695,0,5.0,37.0
696,696,2,29.0,71.0
697,697,4,63.0,33.0
698,698,0,15.0,83.0
699,699,1,43.0,23.0
700,700,2,38.0,16.0
701,701,2,37.0,11.0
702,702,2,42.0,58.0
703,703,3,12.0,22.0
704,704,3,18.0,46.0
705,705,1,54.0,68.0
706,706,1,43.0,85.0
707,707,3,21.0,11.0
708,708,1,46.0,42.0
709,709,3,38.0,22.0
710,710,4,53.0,15.0
711,711,2,41.0,37.0
712,712,4,42.0,108.0
713,713,3,56.0,60.0
714,714,2,43.0,31.0
715,715,3,30.0,40.0
716,716,3,26.0,16.0
717,717,3,44.0,92.0
718,718,2,10.0,18.0
719,719,4,50.0,80.0
720,720,1,47.0,73.0
721,721,0,6.0,18.0
722,722,2,53.0,29.0
723,723,1,32.0,74.0
724,724,4,41.0,1.0
725,725,2,26.0,92.0
726,726,1,49.0,17.0
727,727,2,24.0,96.0
728,728,3,24.0,42.0
729,729,3,35.0,9.0
730,730,3,32.0,10.0
731,731,2,32.0,100.0
732,732,1,68.0,70.0
733,733,4,64.0,74.0
734,734,1,26.0,60.0
735,735,3,48.0,66.0
736,736,0,61.0,97.0
737,737,1,57.0,57.0
738,738,3,25.0,43.0
739,739,4,36.0,112.0
740,740,0,22.0,106.0
741,741,3,30.0,16.0
742,742,3,40.0,80.0
743,743,3,40.0,104.0
744,744,4,58.0,16.0
745,745,1,47.0,5.0
746,746,1,50.0,44.0
747,747,1,31.0,23.0
748,748,4,51.0,103.0
749,749,4,62.0,26.0
750,750,0,17.0,73.0
751,751,2,32.0,20.0
752,752,2,40.0,6.0
753,753,1,38.0,78.0
754,754,0,7.0,55.0
755,755,3,11.0,53.0
756,756,3,22.0,40.0
757,757,0,59.0,103.0
758,758,4,64.0,82.0
759,759,1,50.0,18.0
760,760,1,35.0,73.0
761,761,3,58.0,50.0
762,762,1,61.0,21.0
763,763,2,38.0,14.0
764,764,0,5.0,23.0
765,765,1,44.0,60.0
766,766,3,53.0,17.0
767,767,3,28.0,78.0
768,768,1,46.0,94.0
769,769,3,43.0,13.0
770,770,3,50.0,74.0
771,771,0,53.0,1.0
772,772,2,29.0,59.0
773,773,2,18.0,20.0
774,774,1,27.0,53.0
775,775,4,53.0,13.0
776,776,1,46.0,110.0
777,777,0,9.0,57.0
778,778,4,55.0,101.0
779,779,1,41.0,47.0
780,780,4,61.0,67.0
781,781,2,20.0,66.0
782,782,0,65.0,17.0
783,783,1,40.0,18.0
784,784,1,53.0,43.0
785,785,1,43.0,105.0
786,786,2,13.0,21.0
787,787,4,50.0,0.0
788,788,4,56.0,100.0
789,789,4,64.0,28.0
790,790,2,31.0,89.0
791,791,1,46.0,100.0
792,792,1,48.0,78.0
793,793,2,26.0,80.0
794,794,2,21.0,57.0
795,795,3,41.0,79.0
796,796,1,29.0,97.0
797,797,2,18.0,66.0
798,798,0,9.0,3.0
799,799,3,23.0,83.0
800,800,2,16.0,56.0
801,801,3,35.0,95.0
802,802,1,53.0,93.0
803,803,0,57.0,7.0
804,804,2,25.0,79.0
805,805,2,34.0,106.0
806,806,1,39.0,97.0
807,807,2,11.0,15.0
808,808,2,24.0,68.0
809,809,3,33.0,37.0
810,810,3,12.0,8.0
811,811,0,56.0,6.0
812,812,3,60.0,72.0
813,813,1,39.0,85.0
814,814,1,22.0,62.0
815,815,1,39.0,107.0
816,816,4,47.0,3.0
817,817,4,67.0,73.0
818,818,3,54.0,42.0
819,819,0,14.0,86.0
820,820,3,26.0,26.0
821,821,2,10.0,50.0
822,822,1,50.0,100.0
823,823,2,21.0,7.0
824,824,2,50.0,10.0
825,825,2,50.0,36.0
826,826,2,18.0,8.0
827,827,2,43.0,29.0
828,828,2,31.0,83.0
829,829,2,24.0,44.0
830,830,0,70.0,76.0
831,831,0,5.0,17.0
832,832,0,8.0,48.0
833,833,4,71.0,51.0
834,834,0,70.0,62.0
835,835,3,15.0,43.0
836,836,0,72.0,52.0
837,837,3,19.0,35.0
838,838,4,62.0,80.0
839,839,4,52.0,108.0
840,840,1,52.0,14.0
841,841,4,29.0,105.0
842,842,3,17.0,37.0
843,843,1,32.0,46.0
844,844,0,68.0,78.0
845,845,1,36.0,68.0
846,846,4,57.0,83.0
847,847,3,37.0,21.0
848,848,1,39.0,89.0
849,849,4,38.0,114.0
850,850,2,36.0,78.0
851,851,1,59.0,33.0
852,852,4,61.0,79.0
853,853,1,34.0,74.0
854,854,3,25.0,11.0
855,855,1,22.0,96.0
856,856,2,16.0,18.0
857,857,4,58.0,100.0
858,858,1,30.0,48.0
859,859,2,16.0,10.0
860,860,0,69.0,31.0
861,861,2,41.0,25.0
862,862,3,16.0,44.0
863,863,4,53.0,111.0
864,864,1,31.0,29.0
865,865,3,31.0,25.0
866,866,4,63.0,27.0
867,867,2,33.0,27.0
868,868,2,16.0,6.0
869,869,0,8.0,44.0
870,870,1,58.0,30.0
871,871,1,45.0,89.0
872,872,1,16.0,46.0
873,873,3,38.0,38.0
874,874,1,59.0,49.0
875,875,0,67.0,23.0
876,876,2,18.0,90.0
877,877,4,53.0,11.0
878,878,0,15.0,69.0
879,879,0,10.0,72.0
880,880,3,47.0,93.0
881,881,2,12.0,12.0
882,882,3,29.0,5.0
883,883,0,69.0,27.0
884,884,0,4.0,24.0
885,885,0,4.0,34.0
886,886,1,52.0,90.0
887,887,3,37.0,31.0
888,888,0,58.0,6.0
889,889,4,27.0,71.0
890,890,2,53.0,27.0
891,891,0,16.0,80.0
892,892,3,39.0,37.0
893,893,2,35.0,13.0
894,894,3,18.0,50.0
895,895,4,69.0,73.0
896,896,3,27.0,21.0
897,897,1,42.0,16.0
898,898,1,44.0,88.0
899,899,0,68.0,80.0
900,900,1,27.0,77.0
901,901,3,12.0,28.0
902,902,1,50.0,54.0
903,903,4,68.0,34.0
904,904,1,53.0,59.0
905,905,1,55.0,81.0
906,906,1,42.0,74.0
907,907,2,24.0,66.0
908,908,0,71.0,57.0
909,909,0,64.0,94.0
910,910,2,49.0,37.0
911,911,4,54.0,108.0
912,912,1,57.0,37.0
913,913,1,59.0,75.0
914,914,1,54.0,86.0
915,915,1,59.0,63.0
916,916,2,25.0,71.0
917,917,3,23.0,71.0
918,918,4,58.0,24.0
919,919,1,39.0,73.0
920,920,2,47.0,23.0
921,921,0,45.0,117.0
922,922,3,60.0,76.0
923,923,1,14.0,64.0
924,924,4,15.0,1.0
925,925,4,62.0,44.0
926,926,1,36.0,48.0
927,927,1,21.0,81.0
928,928,4,54.0,54.0
929,929,4,67.0,45.0
930,930,0,39.0,119.0
931,931,2,23.0,41.0
932,932,4,65.0,85.0
933,933,3,22.0,16.0
934,934,1,55.0,19.0
935,935,1,48.0,6.0
936,936,2,15.0,53.0
937,937,1,42.0,56.0
938,938,3,17.0,29.0
939,939,1,51.0,61.0
940,940,3,41.0,17.0
941,941,2,10.0,10.0
942,942,3,43.0,83.0
943,943,4,25.0,109.0
944,944,1,54.0,36.0
945,945,4,12.0,6.0
946,946,1,27.0,95.0
947,947,3,41.0,29.0
948,948,4,53.0,105.0
949,949,1,36.0,84.0
950,950,1,34.0,94.0
951,951,4,59.0,17.0
952,952,0,6.0,22.0
953,953,2,31.0,81.0
954,954,2,19.0,9.0
955,955,3,36.0,38.0
956,956,4,70.0,56.0
957,957,0,5.0,25.0
958,958,4,66.0,82.0
959,959,3,13.0,41.0
960,960,1,29.0,37.0
961,961,1,42.0,76.0
962,962,2,41.0,67.0
963,963,2,29.0,27.0
964,964,1,60.0,20.0
965,965,0,14.0,80.0
966,966,2,31.0,5.0
967,967,1,29.0,77.0
968,968,1,40.0,52.0
969,969,3,39.0,25.0
970,970,0,14.0,88.0
971,971,1,65.0,69.0
972,972,2,11.0,61.0
973,973,2,24.0,70.0
974,974,3,26.0,34.0
975,975,2,17.0,21.0
976,976,4,48.0,112.0
977,977,4,13.0,47.0
978,978,4,56.0,88.0
979,979,4,56.0,96.0
980,980,1,27.0,69.0
981,981,1,56.0,46.0
982,982,4,65.0,61.0
983,983,3,22.0,42.0
984,984,1,48.0,56.0
985,985,1,55.0,75.0
986,986,0,11.0,75.0
987,987,1,41.0,87.0
988,988,4,60.0,34.0
989,989,2,18.0,2.0
990,990,4,56.0,98.0
991,991,2,25.0,81.0
992,992,1,48.0,82.0
993,993,2,48.0,14.0
994,994,2,14.0,58.0
995,995,1,33.0,101.0
996,996,1,43.0,5.0
997,997,1,47.0,47.0
998,998,4,67.0,59.0
999,999,2,26.0,20.0
1000,1000,1,46.0,98.0
1001,1001,3,23.0,45.0
1002,1002,1,45.0,15.0
1003,1003,1,58.0,38.0
1004,1004,2,23.0,65.0
1005,1005,2,9.0,25.0
1006,1006,0,7.0,17.0
1007,1007,0,8.0,72.0
1008,1008,4,49.0,109.0
1009,1009,4,65.0,83.0
1010,1010,0,71.0,39.0
1011,1011,1,43.0,69.0
1012,1012,3,19.0,15.0
1013,1013,3,20.0,80.0
1014,1014,0,66.0,84.0
1015,1015,3,22.0,44.0
1016,1016,1,42.0,52.0
1017,1017,4,61.0,43.0
1018,1018,4,61.0,93.0
1019,1019,3,20.0,34.0
1020,1020,4,49.0,111.0
1021,1021,2,29.0,1.0
1022,1022,0,7.0,37.0
1023,1023,1,42.0,90.0
1024,1024,4,69.0,55.0
1025,1025,4,40.0,114.0
1026,1026,1,50.0,98.0
1027,1027,4,68.0,52.0
1028,1028,0,55.0,109.0
1029,1029,3,48.0,60.0
1030,1030,3,43.0,11.0
1031,1031,4,45.0,115.0
1032,1032,0,67.0,85.0
1033,1033,2,16.0,52.0
1034,1034,4,42.0,0.0
1035,1035,0,13.0,73.0
1036,1036,4,26.0,110.0
1037,1037,4,67.0,49.0
1038,1038,1,31.0,43.0
1039,1039,4,65.0,27.0
1040,1040,0,70.0,66.0
1041,1041,3,50.0,62.0
1042,1042,1,41.0,77.0
1043,1043,3,34.0,10.0
1044,1044,1,35.0,67.0
1045,1045,1,22.0,64.0
1046,1046,1,36.0,96.0
1047,1047,1,54.0,20.0
1048,1048,0,59.0,7.0
1049,1049,0,8.0,60.0
1050,1050,2,27.0,35.0
1051,1051,4,52.0,54.0
1052,1052,1,48.0,104.0
1053,1053,0,5.0,57.0
1054,1054,3,21.0,33.0
1055,1055,2,33.0,99.0
1056,1056,0,6.0,52.0
1057,1057,1,55.0,53.0
1058,1058,4,20.0,92.0
1059,1059,3,19.0,45.0
1060,1060,1,42.0,86.0
1061,1061,1,57.0,35.0
1062,1062,0,70.0,74.0
1063,1063,3,40.0,30.0
1064,1064,2,56.0,70.0
1065,1065,2,19.0,47.0
1066,1066,2,41.0,23.0
1067,1067,3,55.0,71.0
1068,1068,1,34.0,44.0
1069,1069,0,14.0,70.0
1070,1070,2,12.0,40.0
1071,1071,0,14.0,90.0
1072,1072,4,63.0,21.0
1073,1073,1,42.0,82.0
1074,1074,3,25.0,89.0
1075,1075,2,33.0,105.0
1076,1076,1,35.0,31.0
1077,1077,3,30.0,68.0
1078,1078,3,54.0,48.0
1079,1079,3,46.0,30.0
1080,1080,1,36.0,82.0
1081,1081,3,41.0,15.0
1082,1082,4,56.0,12.0
1083,1083,4,69.0,39.0
1084,1084,3,13.0,17.0
1085,1085,0,5.0,49.0
1086,1086,2,26.0,42.0
1087,1087,4,51.0,109.0
1088,1088,1,34.0,56.0
1089,1089,4,39.0,115.0
1090,1090,0,69.0,67.0
1091,1091,2,9.0,35.0
1092,1092,1,30.0,104.0
1093,1093,2,35.0,7.0
1094,1094,0,72.0,66.0
1095,1095,1,33.0,79.0
1096,1096,3,32.0,92.0
1097,1097,2,23.0,67.0
1098,1098,3,37.0,63.0
1099,1099,1,45.0,101.0
1100,1100,3,41.0,91.0
1101,1101,4,62.0,92.0
1102,1102,4,22.0,98.0
1103,1103,2,25.0,91.0
1104,1104,2,24.0,14.0
1105,1105,1,50.0,94.0
1106,1106,4,43.0,3.0
1107,1107,4,64.0,84.0
1108,1108,0,9.0,69.0
1109,1109,3,23.0,17.0
1110,1110,3,25.0,9.0
1111,1111,3,34.0,32.0
1112,1112,2,24.0,2.0
1113,1113,4,64.0,36.0
1114,1114,1,61.0,55.0
1115,1115,1,26.0,58.0
1116,1116,3,28.0,46.0
1117,1117,1,13.0,61.0
1118,1118,1,55.0,31.0
1119,1119,0,46.0,32.0
1120,1120,3,40.0,102.0
1121,1121,0,70.0,38.0
1122,1122,3,46.0,64.0
1123,1123,1,38.0,88.0
1124,1124,3,48.0,68.0
1125,1125,4,51.0,105.0
1126,1126,1,61.0,63.0
1127,1127,3,33.0,23.0
1128,1128,0,14.0,78.0
1129,1129,2,30.0,62.0
1130,1130,1,51.0,67.0
1131,1131,2,40.0,22.0
1132,1132,3,15.0,45.0
1133,1133,1,43.0,87.0
1134,1134,1,58.0,76.0
1135,1135,1,55.0,83.0
1136,1136,1,26.0,72.0
1137,1137,4,61.0,17.0
1138,1138,4,61.0,25.0
1139,1139,2,9.0,51.0
1140,1140,4,62.0,18.0
1141,1141,1,19.0,57.0
1142,1142,2,26.0,82.0
1143,1143,0,12.0,74.0
1144,1144,3,10.0,30.0
1145,1145,2,23.0,63.0
1146,1146,0,70.0,64.0
1147,1147,1,36.0,104.0
1148,1148,1,43.0,43.0
1149,1149,2,31.0,79.0
1150,1150,3,32.0,8.0
1151,1151,2,42.0,24.0
1152,1152,3,27.0,75.0
1153,1153,1,52.0,66.0
1154,1154,1,47.0,59.0
1155,1155,4,56.0,104.0
1156,1156,3,27.0,27.0
1157,1157,4,67.0,51.0
1158,1158,4,54.0,66.0
1159,1159,4,60.0,36.0
1160,1160,2,28.0,94.0
1161,1161,3,53.0,83.0
1162,1162,2,14.0,28.0
1163,1163,4,64.0,44.0
1164,1164,3,20.0,38.0
1165,1165,2,29.0,87.0
1166,1166,2,17.0,89.0
1167,1167,2,39.0,7.0
1168,1168,1,27.0,29.0
1169,1169,4,69.0,47.0
1170,1170,1,27.0,73.0
1171,1171,1,44.0,110.0
1172,1172,1,50.0,78.0
1173,1173,0,3.0,29.0
1174,1174,1,46.0,102.0
1175,1175,1,33.0,67.0
1176,1176,4,67.0,27.0
1177,1177,0,31.0,113.0
1178,1178,3,12.0,14.0
1179,1179,1,44.0,36.0
1180,1180,4,64.0,42.0
1181,1181,4,45.0,29.0
1182,1182,4,64.0,80.0
1183,1183,3,9.0,19.0
1184,1184,2,37.0,87.0
1185,1185,3,40.0,36.0
1186,1186,0,30.0,114.0
1187,1187,1,32.0,56.0
1188,1188,1,45.0,77.0
1189,1189,2,12.0,32.0
1190,1190,2,12.0,36.0
1191,1191,3,40.0,14.0
1192,1192,3,29.0,9.0
1193,1193,0,4.0,22.0
1194,1194,2,14.0,30.0
1195,1195,3,39.0,33.0
1196,1196,2,7.0,23.0
1197,1197,1,51.0,57.0
1198,1198,1,33.0,107.0
1199,1199,2,53.0,31.0
1200,1200,1,44.0,80.0
1201,1201,2,30.0,70.0
1202,1202,4,66.0,30.0
1203,1203,3,41.0,33.0
1204,1204,2,27.0,31.0
1205,1205,4,65.0,29.0
1206,1206,2,25.0,7.0
1207,1207,2,8.0,16.0
1208,1208,2,38.0,92.0
1209,1209,4,58.0,86.0
1210,1210,3,30.0,50.0
1211,1211,3,15.0,41.0
1212,1212,2,40.0,68.0
1213,1213,0,70.0,68.0
1214,1214,3,28.0,26.0
1215,1215,2,11.0,45.0
1216,1216,1,32.0,68.0
1217,1217,3,47.0,37.0
1218,1218,2,27.0,93.0
1219,1219,2,22.0,20.0
1220,1220,2,33.0,25.0
1221,1221,4,55.0,9.0
1222,1222,4,62.0,90.0
1223,1223,1,46.0,92.0
1224,1224,3,36.0,22.0
1225,1225,4,42.0,112.0
1226,1226,0,72.0,48.0
1227,1227,1,50.0,46.0
1228,1228,2,11.0,11.0
1229,1229,4,66.0,76.0
1230,1230,3,47.0,39.0
1231,1231,1,51.0,51.0
1232,1232,1,24.0,100.0
1233,1233,3,42.0,36.0
1234,1234,0,14.0,92.0
1235,1235,3,50.0,24.0
1236,1236,3,30.0,18.0
1237,1237,1,32.0,30.0
1238,1238,4,26.0,104.0
1239,1239,1,41.0,111.0
1240,1240,4,70.0,58.0
1241,1241,4,68.0,38.0
1242,1242,0,15.0,85.0
1243,1243,3,18.0,54.0
1244,1244,3,37.0,99.0
1245,1245,1,41.0,73.0
1246,1246,0,71.0,59.0
1247,1247,0,70.0,24.0
1248,1248,2,32.0,82.0
1249,1249,3,29.0,65.0
1250,1250,3,42.0,84.0
1251,1251,2,11.0,47.0
1252,1252,1,52.0,56.0
1253,1253,1,43.0,45.0
1254,1254,4,67.0,37.0
1255,1255,3,39.0,17.0
1256,1256,0,72.0,60.0
1257,1257,2,44.0,64.0
1258,1258,1,38.0,50.0
1259,1259,3,39.0,27.0
1260,1260,1,34.0,82.0
1261,1261,4,67.0,39.0
1262,1262,1,41.0,89.0
1263,1263,3,25.0,39.0
1264,1264,0,65.0,15.0
1265,1265,4,32.0,62.0
1266,1266,1,39.0,55.0
1267,1267,4,68.0,50.0
1268,1268,2,38.0,6.0
1269,1269,3,27.0,57.0
1270,1270,3,23.0,11.0
1271,1271,2,26.0,32.0
1272,1272,0,8.0,8.0
1273,1273,3,17.0,65.0
1274,1274,1,47.0,107.0
1275,1275,4,62.0,86.0
1276,1276,3,42.0,12.0
1277,1277,3,17.0,53.0
1278,1278,4,68.0,74.0
1279,1279,1,26.0,52.0
1280,1280,4,57.0,97.0
1281,1281,4,59.0,31.0
1282,1282,2,21.0,23.0
1283,1283,1,43.0,47.0
1284,1284,0,9.0,75.0
1285,1285,1,45.0,33.0
1286,1286,3,26.0,46.0
1287,1287,2,27.0,85.0
1288,1288,1,42.0,106.0
1289,1289,2,8.0,12.0
1290,1290,3,16.0,30.0
1291,1291,0,41.0,119.0
1292,1292,1,35.0,41.0
1293,1293,1,53.0,25.0
1294,1294,2,33.0,93.0
1295,1295,1,40.0,100.0
1296,1296,0,18.0,94.0
1297,1297,4,59.0,27.0
1298,1298,2,36.0,34.0
1299,1299,4,63.0,35.0
1300,1300,4,67.0,29.0
1301,1301,3,19.0,37.0
1302,1302,3,55.0,37.0
1303,1303,2,33.0,91.0
1304,1304,3,19.0,17.0
1305,1305,1,38.0,76.0
1306,1306,4,69.0,61.0
1307,1307,3,16.0,42.0
1308,1308,1,54.0,80.0
1309,1309,4,27.0,109.0
1310,1310,0,16.0,88.0
1311,1311,1,45.0,111.0
1312,1312,1,24.0,52.0
1313,1313,2,43.0,39.0
1314,1314,3,49.0,63.0
1315,1315,3,37.0,73.0
1316,1316,0,66.0,22.0
1317,1317,1,65.0,71.0
1318,1318,0,32.0,112.0
1319,1319,2,33.0,81.0
1320,1320,1,54.0,76.0
1321,1321,1,57.0,33.0
1322,1322,1,42.0,70.0
1323,1323,3,26.0,10.0
1324,1324,2,18.0,92.0
1325,1325,2,46.0,56.0
1326,1326,4,58.0,98.0
1327,1327,2,37.0,41.0
1328,1328,2,34.0,2.0
1329,1329,3,12.0,56.0
1330,1330,3,48.0,22.0
1331,1331,1,44.0,22.0
1332,1332,1,48.0,100.0
1333,1333,1,50.0,68.0
1334,1334,4,57.0,63.0
1335,1335,2,49.0,35.0
1336,1336,1,58.0,58.0
1337,1337,3,22.0,72.0
1338,1338,3,40.0,82.0
1339,1339,3,28.0,34.0
1340,1340,2,59.0,65.0
1341,1341,1,32.0,34.0
1342,1342,2,10.0,36.0
1343,1343,0,66.0,88.0
1344,1344,3,18.0,68.0
1345,1345,4,56.0,84.0
1346,1346,2,39.0,5.0
1347,1347,3,13.0,31.0
1348,1348,1,52.0,52.0
1349,1349,1,57.0,19.0
1350,1350,2,51.0,9.0
1351,1351,3,30.0,12.0
1352,1352,3,22.0,12.0
1353,1353,0,11.0,83.0
1354,1354,1,58.0,36.0
1355,1355,3,39.0,29.0
1356,1356,3,39.0,31.0
1357,1357,3,29.0,51.0
1358,1358,2,38.0,20.0
1359,1359,1,46.0,44.0
1360,1360,0,8.0,74.0
1361,1361,1,40.0,44.0
1362,1362,1,50.0,26.0
1363,1363,1,62.0,58.0
1364,1364,0,6.0,26.0
1365,1365,4,63.0,83.0
1366,1366,2,53.0,9.0
1367,1367,2,33.0,21.0
1368,1368,1,50.0,22.0
1369,1369,2,42.0,30.0
1370,1370,1,31.0,61.0
1371,1371,3,15.0,25.0
1372,1372,0,16.0,84.0
1373,1373,2,35.0,1.0
1374,1374,1,26.0,88.0
1375,1375,1,30.0,100.0
1376,1376,2,15.0,51.0
1377,1377,2,47.0,21.0
1378,1378,1,20.0,58.0
1379,1379,0,15.0,71.0
1380,1380,4,27.0,105.0
1381,1381,2,37.0,37.0
1382,1382,2,39.0,21.0
1383,1383,0,13.0,71.0
1384,1384,4,64.0,48.0
1385,1385,1,40.0,58.0
1386,1386,1,48.0,96.0
1387,1387,2,31.0,99.0
1388,1388,1,40.0,66.0
1389,1389,1,49.0,79.0
1390,1390,1,54.0,46.0
1391,1391,2,21.0,3.0
1392,1392,4,59.0,23.0
1393,1393,4,63.0,59.0
1394,1394,1,46.0,52.0
1395,1395,4,57.0,89.0
1396,1396,1,39.0,53.0
1397,1397,3,32.0,14.0
1398,1398,1,61.0,49.0
1399,1399,4,62.0,76.0
1400,1400,3,14.0,6.0
1401,1401,3,23.0,37.0
1402,1402,3,36.0,36.0
1403,1403,1,46.0,104.0
1404,1404,3,11.0,21.0
1405,1405,4,52.0,10.0
1406,1406,3,40.0,8.0
1407,1407,1,33.0,31.0
1408,1408,2,10.0,44.0
1409,1409,0,4.0,28.0
1410,1410,2,19.0,43.0
1411,1411,0,9.0,73.0
1412,1412,4,43.0,117.0
1413,1413,2,44.0,42.0
1414,1414,0,5.0,53.0
1415,1415,3,35.0,93.0
1416,1416,3,28.0,92.0
1417,1417,2,8.0,22.0
1418,1418,3,37.0,3.0
1419,1419,1,42.0,6.0
1420,1420,1,34.0,80.0
1421,1421,3,57.0,71.0
1422,1422,1,55.0,79.0
1423,1423,1,60.0,62.0
1424,1424,3,34.0,36.0
1425,1425,0,69.0,37.0
1426,1426,3,28.0,60.0
1427,1427,2,23.0,89.0
1428,1428,2,23.0,79.0
1429,1429,4,64.0,88.0
1430,1430,2,23.0,59.0
1431,1431,3,19.0,75.0
1432,1432,1,52.0,70.0
1433,1433,1,34.0,48.0
1434,1434,1,30.0,36.0
1435,1435,1,46.0,70.0
1436,1436,4,61.0,89.0
1437,1437,2,55.0,25.0
1438,1438,2,43.0,63.0
1439,1439,3,40.0,46.0
1440,1440,1,57.0,47.0
1441,1441,4,68.0,32.0
1442,1442,2,13.0,1.0
1443,1443,1,48.0,102.0
1444,1444,2,11.0,63.0
1445,1445,1,45.0,95.0
1446,1446,2,32.0,18.0
1447,1447,2,48.0,12.0
1448,1448,0,60.0,100.0
1449,1449,2,16.0,48.0
1450,1450,2,21.0,85.0
1451,1451,0,5.0,43.0
1452,1452,3,44.0,94.0
1453,1453,0,12.0,82.0
1454,1454,1,50.0,96.0
1455,1455,4,49.0,107.0
1456,1456,4,55.0,95.0
1457,1457,0,8.0,66.0
1458,1458,4,66.0,64.0
1459,1459,4,12.0,50.0
1460,1460,0,8.0,40.0
1461,1461,4,14.0,62.0
1462,1462,3,16.0,40.0
1463,1463,1,49.0,67.0
1464,1464,1,23.0,15.0
1465,1465,3,27.0,9.0
1466,1466,1,41.0,5.0
1467,1467,0,59.0,9.0
1468,1468,4,63.0,49.0
1469,1469,3,49.0,61.0
1470,1470,2,25.0,97.0
1471,1471,1,30.0,32.0
1472,1472,0,47.0,35.0
1473,1473,3,24.0,24.0
1474,1474,0,10.0,4.0
1475,1475,0,71.0,43.0
1476,1476,2,16.0,58.0
1477,1477,2,30.0,66.0
1478,1478,2,14.0,20.0
1479,1479,3,19.0,19.0
1480,1480,4,50.0,110.0
1481,1481,1,64.0,68.0
1482,1482,2,16.0,4.0
1483,1483,4,63.0,87.0
1484,1484,0,72.0,54.0
1485,1485,3,44.0,74.0
1486,1486,4,38.0,118.0
1487,1487,1,34.0,76.0
1488,1488,3,28.0,0.0
1489,1489,3,14.0,8.0
1490,1490,2,35.0,63.0
1491,1491,1,60.0,42.0
1492,1492,1,19.0,53.0
1493,1493,2,33.0,5.0
1494,1494,3,30.0,24.0
1495,1495,2,21.0,17.0
1496,1496,1,51.0,75.0
1497,1497,1,55.0,87.0
1498,1498,3,14.0,40.0
1499,1499,3,32.0,96.0
1500,1500,2,14.0,2.0
1501,1501,0,53.0,3.0
1502,1502,1,40.0,64.0
1503,1503,2,38.0,60.0
1504,1504,4,65.0,79.0
1505,1505,4,65.0,31.0
1506,1506,2,8.0,32.0
1507,1507,2,39.0,3.0
1508,1508,3,47.0,61.0
1509,1509,3,42.0,96.0
1510,1510,4,66.0,28.0
1511,1511,3,56.0,50.0
1512,1512,2,9.0,41.0
1513,1513,2,17.0,59.0
1514,1514,1,47.0,53.0
1515,1515,2,35.0,19.0
1516,1516,2,24.0,90.0
1517,1517,1,30.0,76.0
1518,1518,1,50.0,60.0
1519,1519,1,51.0,47.0
1520,1520,3,36.0,28.0
1521,1521,1,40.0,50.0
1522,1522,3,39.0,15.0
1523,1523,1,44.0,90.0
1524,1524,2,35.0,87.0
1525,1525,3,39.0,41.0
1526,1526,4,41.0,113.0
1527,1527,4,51.0,5.0
1528,1528,1,53.0,55.0
1529,1529,2,36.0,0.0
1530,1530,1,57.0,93.0
1531,1531,1,47.0,85.0
1532,1532,4,62.0,22.0
1533,1533,1,40.0,62.0
1534,1534,1,31.0,107.0
1535,1535,4,58.0,96.0
1536,1536,3,37.0,19.0
1537,1537,3,24.0,80.0
1538,1538,3,53.0,33.0
1539,1539,3,47.0,65.0
1540,1540,1,35.0,69.0
1541,1541,3,58.0,74.0
1542,1542,1,55.0,85.0
1543,1543,1,29.0,31.0
1544,1544,3,49.0,21.0
1545,1545,3,48.0,64.0
1546,1546,2,20.0,62.0
1547,1547,3,46.0,26.0
1548,1548,2,22.0,26.0
1549,1549,3,36.0,26.0
1550,1550,1,45.0,87.0
1551,1551,3,42.0,10.0
1552,1552,3,31.0,45.0
1553,1553,3,43.0,91.0
1554,1554,3,20.0,10.0
1555,1555,0,6.0,48.0
1556,1556,3,27.0,41.0
1557,1557,1,37.0,25.0
1558,1558,1,46.0,72.0
1559,1559,4,37.0,113.0
1560,1560,2,33.0,85.0
1561,1561,3,33.0,15.0
1562,1562,2,42.0,32.0
1563,1563,4,64.0,34.0
1564,1564,4,67.0,35.0
1565,1565,1,53.0,71.0
1566,1566,1,47.0,43.0
1567,1567,4,50.0,108.0
1568,1568,0,8.0,62.0
1569,1569,0,7.0,45.0
1570,1570,2,23.0,69.0
1571,1571,0,6.0,14.0
1572,1572,1,56.0,18.0
1573,1573,2,9.0,43.0
1574,1574,2,12.0,44.0
1575,1575,4,54.0,110.0
1576,1576,4,44.0,112.0
1577,1577,4,57.0,103.0
1578,1578,0,4.0,46.0
1579,1579,2,9.0,37.0
1580,1580,2,26.0,48.0
1581,1581,3,18.0,10.0
1582,1582,1,45.0,69.0
1583,1583,1,51.0,97.0
1584,1584,1,52.0,46.0
1585,1585,0,10.0,80.0
1586,1586,1,34.0,58.0
1587,1587,1,44.0,34.0
1588,1588,4,69.0,75.0
1589,1589,0,65.0,87.0
1590,1590,0,66.0,24.0
1591,1591,2,31.0,63.0
1592,1592,1,24.0,60.0
1593,1593,0,72.0,58.0
1594,1594,4,62.0,68.0
1595,1595,1,53.0,45.0
1596,1596,3,17.0,61.0
1597,1597,4,22.0,102.0
1598,1598,3,34.0,18.0
1599,1599,2,27.0,23.0
1600,1600,0,6.0,12.0
1601,1601,4,64.0,22.0
1602,1602,3,57.0,49.0
1603,1603,2,23.0,39.0
1604,1604,3,11.0,27.0
1605,1605,4,44.0,2.0
1606,1606,4,68.0,28.0
1607,1607,4,29.0,67.0
1608,1608,4,54.0,12.0
1609,1609,3,49.0,31.0
1610,1610,2,30.0,80.0
1611,1611,0,17.0,69.0
1612,1612,4,66.0,46.0
1613,1613,4,37.0,117.0
1614,1614,1,42.0,54.0
1615,1615,2,43.0,19.0
1616,1616,1,40.0,78.0
1617,1617,3,21.0,49.0
1618,1618,4,60.0,16.0
1619,1619,2,30.0,22.0
1620,1620,2,15.0,3.0
1621,1621,0,72.0,64.0
1622,1622,1,32.0,110.0
1623,1623,1,40.0,110.0
1624,1624,2,8.0,30.0
1625,1625,1,39.0,69.0
1626,1626,1,57.0,53.0
1627,1627,2,18.0,88.0
1628,1628,2,17.0,87.0
1629,1629,2,56.0,64.0
1630,1630,0,5.0,33.0
1631,1631,2,34.0,24.0
1632,1632,1,39.0,63.0
1633,1633,1,34.0,52.0
1634,1634,3,52.0,16.0
1635,1635,1,36.0,106.0
1636,1636,3,33.0,11.0
1637,1637,1,38.0,108.0
1638,1638,3,20.0,22.0
1639,1639,0,72.0,62.0
1640,1640,1,37.0,71.0
1641,1641,3,24.0,12.0
1642,1642,3,27.0,87.0
1643,1643,3,43.0,9.0
1644,1644,3,38.0,24.0
1645,1645,2,20.0,16.0
1646,1646,2,36.0,64.0
1647,1647,2,24.0,84.0
1648,1648,2,15.0,37.0
1649,1649,1,52.0,94.0
1650,1650,2,14.0,0.0
1651,1651,1,58.0,48.0
1652,1652,2,16.0,78.0
1653,1653,3,12.0,54.0
1654,1654,1,35.0,43.0
1655,1655,2,27.0,99.0
1656,1656,4,64.0,30.0
1657,1657,2,24.0,98.0
1658,1658,1,30.0,94.0
1659,1659,2,10.0,58.0
1660,1660,3,17.0,39.0
1661,1661,3,28.0,48.0
1662,1662,0,7.0,71.0
1663,1663,2,13.0,11.0
1664,1664,1,38.0,82.0
1665,1665,3,26.0,66.0
1666,1666,4,49.0,103.0
1667,1667,0,28.0,112.0
1668,1668,2,9.0,13.0
1669,1669,1,44.0,70.0
1670,1670,2,38.0,74.0
1671,1671,2,22.0,86.0
1672,1672,0,13.0,77.0
1673,1673,1,62.0,70.0
1674,1674,4,21.0,97.0
1675,1675,1,55.0,51.0
1676,1676,1,42.0,50.0
1677,1677,3,13.0,51.0
1678,1678,2,10.0,6.0
1679,1679,1,52.0,48.0
1680,1680,3,14.0,10.0
1681,1681,2,49.0,41.0
1682,1682,1,31.0,35.0
1683,1683,4,68.0,58.0
1684,1684,1,58.0,78.0
1685,1685,4,59.0,93.0
1686,1686,1,29.0,33.0
1687,1687,0,67.0,83.0
1688,1688,0,69.0,33.0
1689,1689,0,16.0,96.0
1690,1690,4,48.0,2.0
1691,1691,1,31.0,59.0
1692,1692,4,61.0,91.0
1693,1693,4,66.0,54.0
1694,1694,3,61.0,71.0
1695,1695,1,40.0,76.0
1696,1696,4,67.0,79.0
1697,1697,3,28.0,52.0
1698,1698,1,56.0,20.0
1699,1699,0,70.0,34.0
1700,1700,1,55.0,47.0
1701,1701,3,38.0,100.0
1702,1702,2,25.0,67.0
1703,1703,3,35.0,15.0
1704,1704,1,45.0,81.0
1705,1705,3,11.0,13.0
1706,1706,1,54.0,58.0
1707,1707,3,63.0,71.0
1708,1708,1,52.0,44.0
1709,1709,3,31.0,75.0
1710,1710,1,52.0,78.0
1711,1711,2,17.0,19.0
1712,1712,1,56.0,30.0
1713,1713,4,68.0,68.0
1714,1714,0,6.0,30.0
1715,1715,3,31.0,27.0
1716,1716,0,72.0,40.0
1717,1717,4,67.0,31.0
1718,1718,3,43.0,61.0
1719,1719,1,42.0,98.0
1720,1720,0,70.0,40.0
1721,1721,2,30.0,28.0
1722,1722,3,31.0,9.0
1723,1723,3,44.0,30.0
1724,1724,4,55.0,63.0
1725,1725,0,6.0,42.0
1726,1726,4,62.0,28.0
1727,1727,1,45.0,51.0
1728,1728,1,50.0,58.0
1729,1729,1,42.0,104.0
1730,1730,1,56.0,38.0
1731,1731,3,22.0,30.0
1732,1732,3,14.0,38.0
1733,1733,1,61.0,57.0
1734,1734,3,47.0,9.0
1735,1735,4,64.0,40.0
1736,1736,1,34.0,62.0
1737,1737,1,52.0,42.0
1738,1738,2,35.0,81.0
1739,1739,3,34.0,6.0
1740,1740,1,35.0,75.0
1741,1741,4,16.0,0.0
1742,1742,3,24.0,48.0
1743,1743,2,12.0,52.0
1744,1744,2,45.0,45.0
1745,1745,2,54.0,10.0
1746,1746,1,40.0,70.0
1747,1747,3,14.0,14.0
1748,1748,2,10.0,38.0
1749,1749,4,51.0,13.0
1750,1750,3,16.0,34.0
1751,1751,0,11.0,67.0
1752,1752,1,33.0,63.0
1753,1753,3,47.0,11.0
1754,1754,4,21.0,101.0
1755,1755,4,55.0,97.0
1756,1756,2,53.0,69.0
1757,1757,1,51.0,7.0
1758,1758,3,34.0,92.0
1759,1759,3,17.0,31.0
1760,1760,3,42.0,18.0
1761,1761,2,8.0,14.0
1762,1762,3,38.0,32.0
1763,1763,1,9.0,17.0
1764,1764,3,49.0,73.0
1765,1765,3,46.0,20.0
1766,1766,2,20.0,18.0
1767,1767,3,19.0,65.0
1768,1768,1,40.0,20.0
1769,1769,1,58.0,52.0
1770,1770,3,49.0,25.0
1771,1771,4,36.0,116.0
1772,1772,4,62.0,84.0
1773,1773,3,31.0,69.0
1774,1774,4,13.0,49.0
1775,1775,1,33.0,55.0
1776,1776,0,4.0,20.0
1777,1777,2,30.0,84.0
1778,1778,3,23.0,85.0
1779,1779,2,41.0,31.0
1780,1780,3,50.0,32.0
1781,1781,0,71.0,67.0
1782,1782,3,51.0,29.0
1783,1783,1,56.0,82.0
1784,1784,2,19.0,3.0
1785,1785,2,26.0,64.0
1786,1786,4,56.0,28.0
1787,1787,2,43.0,27.0
1788,1788,2,15.0,27.0
1789,1789,2,29.0,7.0
1790,1790,4,28.0,110.0
1791,1791,3,52.0,26.0
1792,1792,3,45.0,35.0
1793,1793,1,32.0,78.0
1794,1794,4,66.0,36.0
1795,1795,3,46.0,18.0
1796,1796,2,21.0,25.0
1797,1797,1,29.0,69.0
1798,1798,2,26.0,74.0
1799,1799,3,22.0,36.0
1800,1800,3,24.0,8.0
1801,1801,1,26.0,44.0
1802,1802,0,4.0,42.0
1803,1803,2,21.0,45.0
1804,1804,3,21.0,89.0
1805,1805,0,21.0,103.0
1806,1806,3,40.0,38.0
1807,1807,0,56.0,4.0
1808,1808,1,36.0,66.0
1809,1809,3,52.0,84.0
1810,1810,4,63.0,19.0
1811,1811,0,70.0,26.0
1812,1812,4,65.0,25.0
1813,1813,1,39.0,65.0
1814,1814,2,10.0,54.0
1815,1815,4,37.0,111.0
1816,1816,3,28.0,40.0
1817,1817,0,12.0,2.0
1818,1818,1,59.0,67.0
1819,1819,3,33.0,33.0
1820,1820,0,9.0,79.0
1821,1821,4,25.0,103.0
1822,1822,1,34.0,72.0
1823,1823,1,55.0,91.0
1824,1824,2,41.0,85.0
1825,1825,3,46.0,4.0
1826,1826,3,54.0,34.0
1827,1827,1,43.0,107.0
1828,1828,2,21.0,59.0
1829,1829,2,30.0,72.0
1830,1830,3,54.0,38.0
1831,1831,3,45.0,67.0
1832,1832,4,65.0,45.0
1833,1833,2,10.0,26.0
1834,1834,2,26.0,90.0
1835,1835,2,17.0,79.0
1836,1836,2,58.0,64.0
1837,1837,1,34.0,102.0
1838,1838,4,53.0,109.0
1839,1839,2,30.0,56.0
1840,1840,3,11.0,51.0
1841,1841,4,28.0,106.0
1842,1842,4,63.0,81.0
1843,1843,2,35.0,25.0
1844,1844,2,9.0,49.0
1845,1845,1,56.0,56.0
1846,1846,2,50.0,34.0
1847,1847,1,54.0,22.0
1848,1848,3,59.0,73.0
1849,1849,2,40.0,4.0
1850,1850,4,51.0,53.0
1851,1851,4,57.0,13.0
1852,1852,2,40.0,26.0
1853,1853,4,64.0,54.0
1854,1854,1,42.0,80.0
1855,1855,3,24.0,28.0
1856,1856,1,34.0,54.0
1857,1857,0,13.0,67.0
1858,1858,1,22.0,92.0
1859,1859,4,63.0,37.0
1860,1860,2,20.0,48.0
1861,1861,1,52.0,50.0
1862,1862,4,63.0,51.0
1863,1863,4,64.0,50.0
1864,1864,3,34.0,42.0
1865,1865,1,14.0,46.0
1866,1866,2,10.0,56.0
1867,1867,1,42.0,64.0
1868,1868,1,50.0,48.0
1869,1869,1,54.0,32.0
1870,1870,1,46.0,86.0
1871,1871,1,32.0,64.0
1872,1872,3,42.0,8.0
1873,1873,1,35.0,51.0
1874,1874,3,44.0,86.0
1875,1875,2,15.0,39.0
1876,1876,3,46.0,66.0
1877,1877,1,35.0,103.0
1878,1878,4,52.0,12.0
1879,1879,3,45.0,9.0
1880,1880,4,64.0,76.0
1881,1881,3,36.0,94.0
1882,1882,2,15.0,19.0
1883,1883,3,34.0,0.0
1884,1884,4,70.0,52.0
1885,1885,3,27.0,37.0
1886,1886,3,21.0,73.0
1887,1887,4,49.0,5.0
1888,1888,2,35.0,21.0
1889,1889,2,38.0,62.0
1890,1890,1,15.0,63.0
1891,1891,0,10.0,74.0
1892,1892,3,23.0,91.0
1893,1893,3,45.0,21.0
1894,1894,1,60.0,46.0
1895,1895,2,32.0,106.0
1896,1896,1,56.0,68.0
1897,1897,2,54.0,26.0
1898,1898,1,51.0,79.0
1899,1899,4,69.0,65.0
1900,1900,1,61.0,77.0
1901,1901,3,38.0,40.0
1902,1902,1,68.0,66.0
1903,1903,1,41.0,75.0
1904,1904,2,25.0,99.0
1905,1905,2,19.0,23.0
1906,1906,4,69.0,41.0
1907,1907,2,38.0,18.0
1908,1908,1,32.0,42.0
1909,1909,1,42.0,78.0
1910,1910,2,59.0,59.0
1911,1911,2,20.0,24.0
1912,1912,3,46.0,38.0
1913,1913,0,70.0,42.0
1914,1914,1,49.0,97.0
1915,1915,4,66.0,34.0
1916,1916,1,53.0,75.0
1917,1917,1,29.0,19.0
1918,1918,4,29.0,101.0
1919,1919,2,37.0,33.0
1920,1920,1,53.0,91.0
1921,1921,3,45.0,27.0
1922,1922,0,8.0,6.0
1923,1923,1,39.0,83.0
1924,1924,0,13.0,79.0
1925,1925,4,61.0,27.0
1926,1926,3,12.0,58.0
1927,1927,2,41.0,19.0
1928,1928,1,41.0,69.0
1929,1929,2,28.0,84.0
1930,1930,3,22.0,50.0
1931,1931,1,44.0,98.0
1932,1932,3,32.0,38.0
1933,1933,3,33.0,13.0
1934,1934,1,51.0,45.0
1935,1935,1,48.0,54.0
1936,1936,1,43.0,77.0
1937,1937,3,40.0,42.0
1938,1938,4,59.0,99.0
1939,1939,1,29.0,75.0
1940,1940,1,36.0,90.0
1941,1941,0,7.0,47.0
1942,1942,3,25.0,85.0
1943,1943,3,49.0,7.0
1944,1944,0,69.0,23.0
1945,1945,4,55.0,11.0
1946,1946,1,25.0,57.0
1947,1947,3,28.0,10.0
1948,1948,4,20.0,94.0
1949,1949,1,46.0,80.0
1950,1950,1,39.0,67.0
1951,1951,1,50.0,82.0
1952,1952,0,12.0,72.0
1953,1953,4,61.0,35.0
1954,1954,3,49.0,87.0
1955,1955,3,20.0,30.0
1956,1956,1,47.0,75.0
1957,1957,0,11.0,3.0
1958,1958,2,17.0,57.0
1959,1959,0,10.0,70.0
1960,1960,1,34.0,70.0
1961,1961,3,19.0,29.0
1962,1962,4,65.0,63.0
1963,1963,2,37.0,1.0
1964,1964,3,26.0,40.0
1965,1965,2,10.0,14.0
1966,1966,1,43.0,53.0
1967,1967,1,40.0,72.0
1968,1968,3,14.0,34.0
1969,1969,2,31.0,105.0
1970,1970,3,30.0,30.0
1971,1971,0,68.0,82.0
1972,1972,1,46.0,8.0
1973,1973,3,20.0,70.0
1974,1974,2,12.0,34.0
1975,1975,1,19.0,93.0
1976,1976,2,29.0,57.0
1977,1977,1,39.0,87.0
1978,1978,1,59.0,45.0
1979,1979,2,18.0,84.0
1980,1980,4,66.0,58.0
1981,1981,3,36.0,12.0
1982,1982,4,57.0,99.0
1983,1983,2,38.0,42.0
1984,1984,3,26.0,96.0
1985,1985,1,32.0,58.0
1986,1986,1,32.0,66.0
1987,1987,3,38.0,96.0
1988,1988,1,44.0,72.0
1989,1989,4,53.0,99.0
1990,1990,4,60.0,92.0
1991,1991,3,36.0,76.0
1992,1992,1,40.0,98.0
1993,1993,4,68.0,56.0
1994,1994,2,27.0,67.0
1995,1995,4,33.0,109.0
1996,1996,0,71.0,55.0
1997,1997,1,33.0,89.0
1998,1998,1,32.0,40.0
1999,1999,3,35.0,91.0
2000,2000,1,63.0,55.0
2001,2001,4,55.0,7.0
2002,2002,0,72.0,44.0
2003,2003,1,37.0,55.0
2004,2004,3,37.0,109.0
2005,2005,2,19.0,7.0
2006,2006,3,19.0,91.0
2007,2007,3,38.0,58.0
2008,2008,4,59.0,13.0
2009,2009,4,59.0,19.0
2010,2010,3,24.0,10.0
2011,2011,2,24.0,50.0
2012,2012,1,32.0,76.0
2013,2013,3,36.0,32.0
2014,2014,3,29.0,11.0
2015,2015,0,15.0,93.0
2016,2016,3,24.0,76.0
2017,2017,1,37.0,105.0
2018,2018,3,25.0,33.0
2019,2019,1,62.0,46.0
2020,2020,0,13.0,85.0
2021,2021,3,50.0,28.0
2022,2022,1,51.0,91.0
2023,2023,2,22.0,58.0
2024,2024,1,51.0,69.0
2025,2025,3,23.0,43.0
2026,2026,2,26.0,84.0
2027,2027,2,31.0,65.0
2028,2028,1,49.0,99.0
2029,2029,0,64.0,92.0
2030,2030,1,55.0,21.0
2031,2031,2,19.0,87.0
2032,2032,1,58.0,40.0
2033,2033,0,4.0,40.0
2034,2034,1,25.0,61.0
2035,2035,3,36.0,8.0
2036,2036,1,48.0,92.0
2037,2037,2,29.0,85.0
2038,2038,2,8.0,34.0
2039,2039,2,43.0,37.0
2040,2040,1,57.0,55.0
2041,2041,3,45.0,19.0
2042,2042,1,51.0,85.0
2043,2043,4,58.0,28.0
2044,2044,2,31.0,85.0
2045,2045,1,28.0,76.0
2046,2046,4,57.0,9.0
2047,2047,4,58.0,18.0
2048,2048,1,26.0,86.0
2049,2049,2,26.0,6.0
2050,2050,4,43.0,1.0
2051,2051,0,62.0,14.0
2052,2052,0,6.0,16.0
2053,2053,2,54.0,28.0
2054,2054,3,53.0,65.0
2055,2055,3,32.0,104.0
2056,2056,1,33.0,73.0
2057,2057,4,46.0,2.0
2058,2058,4,50.0,104.0
2059,2059,3,54.0,56.0
2060,2060,3,14.0,16.0
2061,2061,2,24.0,72.0
2062,2062,4,49.0,1.0
2063,2063,4,53.0,103.0
2064,2064,2,15.0,49.0
2065,2065,4,58.0,14.0
2066,2066,3,19.0,73.0
2067,2067,3,25.0,55.0
2068,2068,4,26.0,106.0
2069,2069,3,45.0,71.0
2070,2070,1,32.0,98.0
2071,2071,3,39.0,11.0
2072,2072,1,59.0,41.0
2073,2073,2,51.0,43.0
2074,2074,2,18.0,6.0
2075,2075,3,28.0,44.0
2076,2076,0,14.0,74.0
2077,2077,4,63.0,17.0
2078,2078,4,57.0,101.0
2079,2079,1,61.0,53.0
2080,2080,1,41.0,61.0
2081,2081,0,5.0,35.0
2082,2082,1,44.0,84.0
2083,2083,2,23.0,61.0
2084,2084,4,57.0,105.0
2085,2085,3,21.0,31.0
2086,2086,2,34.0,84.0
2087,2087,1,43.0,59.0
2088,2088,0,8.0,68.0
2089,2089,0,5.0,15.0
2090,2090,3,17.0,75.0
2091,2091,4,61.0,45.0
2092,2092,0,65.0,19.0
2093,2093,2,14.0,54.0
2094,2094,3,48.0,30.0
2095,2095,4,47.0,109.0
2096,2096,0,35.0,99.0
2097,2097,3,39.0,13.0
2098,2098,4,67.0,77.0
2099,2099,2,33.0,97.0
2100,2100,0,15.0,81.0
2101,2101,2,9.0,31.0
2102,2102,3,44.0,26.0
2103,2103,2,9.0,23.0
2104,2104,0,59.0,101.0
2105,2105,1,21.0,83.0
2106,2106,1,63.0,69.0
2107,2107,2,49.0,39.0
2108,2108,0,11.0,5.0
2109,2109,3,24.0,34.0
2110,2110,1,38.0,84.0
2111,2111,1,35.0,83.0
2112,2112,3,43.0,41.0
2113,2113,3,49.0,85.0
2114,2114,0,16.0,70.0
2115,2115,1,36.0,108.0
2116,2116,3,18.0,74.0
2117,2117,1,52.0,22.0
2118,2118,2,40.0,10.0
2119,2119,1,21.0,65.0
2120,2120,2,11.0,37.0
2121,2121,1,25.0,53.0
2122,2122,2,47.0,45.0
2123,2123,2,25.0,5.0
2124,2124,3,54.0,24.0
2125,2125,1,60.0,68.0
2126,2126,0,16.0,76.0
2127,2127,0,15.0,73.0
2128,2128,3,24.0,36.0
2129,2129,1,46.0,76.0
2130,2130,4,62.0,88.0
2131,2131,4,24.0,108.0
2132,2132,2,25.0,63.0
2133,2133,4,60.0,18.0
2134,2134,3,50.0,40.0
2135,2135,1,51.0,23.0
2136,2136,1,39.0,57.0
2137,2137,3,17.0,51.0
2138,2138,3,18.0,34.0
2139,2139,3,12.0,26.0
2140,2140,2,8.0,20.0
2141,2141,4,65.0,59.0
2142,2142,1,63.0,61.0
2143,2143,4,54.0,52.0
2144,2144,1,38.0,80.0
2145,2145,4,61.0,39.0
2146,2146,3,47.0,95.0
2147,2147,4,35.0,111.0
2148,2148,3,27.0,5.0
2149,2149,3,29.0,17.0
2150,2150,1,49.0,81.0
2151,2151,2,34.0,86.0
2152,2152,4,57.0,91.0
2153,2153,0,3.0,41.0
2154,2154,3,52.0,38.0
2155,2155,2,36.0,58.0
2156,2156,1,31.0,67.0
2157,2157,3,23.0,33.0
2158,2158,1,62.0,74.0
2159,2159,3,31.0,17.0
2160,2160,1,53.0,89.0
2161,2161,3,61.0,59.0
2162,2162,1,33.0,77.0
2163,2163,2,37.0,59.0
2164,2164,2,50.0,72.0
2165,2165,2,37.0,81.0
2166,2166,2,43.0,17.0
2167,2167,3,19.0,77.0
2168,2168,1,41.0,65.0
2169,2169,2,22.0,8.0
2170,2170,2,22.0,76.0
2171,2171,1,31.0,87.0
2172,2172,1,14.0,48.0
2173,2173,1,19.0,55.0
2174,2174,2,58.0,66.0
2175,2175,3,27.0,11.0
2176,2176,1,62.0,64.0
2177,2177,4,13.0,3.0
2178,2178,3,25.0,73.0
2179,2179,0,70.0,72.0
2180,2180,1,48.0,46.0
2181,2181,0,9.0,7.0
2182,2182,1,27.0,1.0
2183,2183,4,61.0,87.0
2184,2184,3,49.0,13.0
2185,2185,3,33.0,35.0
2186,2186,0,5.0,27.0
2187,2187,4,13.0,5.0
2188,2188,1,57.0,51.0
2189,2189,4,51.0,3.0
2190,2190,2,23.0,3.0
2191,2191,2,28.0,32.0
2192,2192,0,9.0,71.0
2193,2193,3,27.0,51.0
2194,2194,0,19.0,101.0
2195,2195,2,40.0,92.0
2196,2196,2,39.0,93.0
2197,2197,3,33.0,1.0
2198,2198,4,36.0,114.0
2199,2199,3,36.0,92.0
2200,2200,3,33.0,41.0
2201,2201,2,26.0,22.0
2202,2202,1,40.0,60.0
2203,2203,1,39.0,111.0
2204,2204,3,16.0,28.0
2205,2205,1,40.0,96.0
2206,2206,0,18.0,96.0
2207,2207,4,57.0,25.0
2208,2208,0,4.0,30.0
2209,2209,3,52.0,76.0
2210,2210,3,20.0,50.0
2211,2211,3,13.0,57.0
2212,2212,4,62.0,94.0
2213,2213,3,18.0,16.0
2214,2214,2,48.0,32.0
2215,2215,4,24.0,102.0
2216,2216,0,6.0,60.0
2217,2217,3,55.0,17.0
2218,2218,1,47.0,97.0
2219,2219,0,9.0,67.0
2220,2220,1,42.0,46.0
2221,2221,1,45.0,93.0
2222,2222,2,21.0,29.0
2223,2223,2,36.0,18.0
2224,2224,4,23.0,101.0
2225,2225,2,21.0,61.0
2226,2226,0,6.0,56.0
2227,2227,0,3.0,35.0
2228,2228,0,10.0,68.0
2229,2229,2,20.0,2.0
2230,2230,1,49.0,75.0
2231,2231,1,36.0,86.0
2232,2232,2,11.0,39.0
2233,2233,0,7.0,59.0
2234,2234,0,11.0,65.0
2235,2235,0,51.0,1.0
2236,2236,3,15.0,33.0
2237,2237,1,48.0,58.0
2238,2238,3,26.0,30.0
2239,2239,0,57.0,5.0
2240,2240,2,19.0,69.0
2241,2241,3,31.0,21.0
2242,2242,1,51.0,39.0
2243,2243,4,41.0,115.0
2244,2244,3,11.0,55.0
2245,2245,3,29.0,83.0
2246,2246,2,22.0,88.0
2247,2247,2,45.0,41.0
2248,2248,1,25.0,25.0
2249,2249,4,63.0,25.0
2250,2250,4,61.0,29.0
2251,2251,3,49.0,59.0
2252,2252,4,53.0,107.0
2253,2253,1,34.0,66.0
2254,2254,2,14.0,56.0
2255,2255,0,54.0,2.0
2256,2256,1,58.0,34.0
2257,2257,3,19.0,81.0
2258,2258,2,17.0,11.0
2259,2259,3,21.0,47.0
2260,2260,0,72.0,42.0
2261,2261,3,28.0,16.0
2262,2262,1,47.0,89.0
2263,2263,3,48.0,18.0
2264,2264,2,49.0,11.0
2265,2265,4,51.0,11.0
2266,2266,0,6.0,38.0
2267,2267,3,16.0,54.0
2268,2268,2,33.0,19.0
2269,2269,3,22.0,74.0
2270,2270,1,40.0,106.0
2271,2271,0,4.0,26.0
2272,2272,1,17.0,47.0
2273,2273,2,38.0,90.0
2274,2274,3,34.0,26.0
2275,2275,3,15.0,7.0
2276,2276,2,27.0,33.0
2277,2277,1,49.0,57.0
2278,2278,3,36.0,4.0
2279,2279,1,43.0,21.0
2280,2280,0,65.0,91.0
2281,2281,4,64.0,60.0
2282,2282,4,67.0,41.0
2283,2283,4,23.0,99.0
2284,2284,4,60.0,88.0
2285,2285,4,40.0,0.0
2286,2286,2,13.0,55.0
2287,2287,0,3.0,31.0
2288,2288,2,38.0,36.0
2289,2289,2,22.0,4.0
2290,2290,3,46.0,10.0
2291,2291,4,45.0,113.0
2292,2292,4,49.0,3.0
2293,2293,1,56.0,92.0
2294,2294,2,12.0,38.0
2295,2295,0,58.0,8.0
2296,2296,0,66.0,20.0
2297,2297,0,60.0,12.0
2298,2298,1,62.0,62.0
2299,2299,1,56.0,62.0
2300,2300,1,49.0,83.0
2301,2301,3,48.0,40.0
2302,2302,1,39.0,77.0
2303,2303,4,69.0,53.0
2304,2304,4,20.0,96.0
2305,2305,1,19.0,59.0
2306,2306,4,22.0,104.0
2307,2307,4,44.0,116.0
2308,2308,0,16.0,72.0
2309,2309,4,64.0,24.0
2310,2310,3,19.0,33.0
2311,2311,1,52.0,72.0
2312,2312,1,48.0,52.0
2313,2313,2,29.0,61.0
2314,2314,4,67.0,75.0
2315,2315,3,18.0,24.0
2316,2316,3,17.0,27.0
2317,2317,3,52.0,34.0
2318,2318,3,44.0,8.0
2319,2319,3,37.0,91.0
2320,2320,2,24.0,78.0
2321,2321,4,67.0,57.0
2322,2322,1,22.0,56.0
2323,2323,1,45.0,5.0
2324,2324,2,55.0,27.0
2325,2325,1,15.0,23.0
2326,2326,1,55.0,43.0
2327,2327,1,34.0,104.0
2328,2328,4,62.0,24.0
2329,2329,3,26.0,78.0
2330,2330,0,58.0,104.0
2331,2331,1,57.0,45.0
2332,2332,3,40.0,94.0
2333,2333,4,57.0,85.0
2334,2334,1,45.0,103.0
2335,2335,4,44.0,0.0
2336,2336,1,35.0,45.0
2337,2337,1,53.0,79.0
2338,2338,1,37.0,103.0
2339,2339,3,44.0,20.0
2340,2340,0,12.0,70.0
2341,2341,3,39.0,43.0
2342,2342,1,29.0,91.0
2343,2343,2,48.0,38.0
2344,2344,4,46.0,112.0
2345,2345,2,11.0,19.0
2346,2346,4,66.0,50.0
2347,2347,4,60.0,90.0
2348,2348,1,58.0,56.0
2349,2349,1,37.0,49.0
2350,2350,3,25.0,77.0
2351,2351,1,44.0,104.0
2352,2352,0,32.0,114.0
2353,2353,1,32.0,50.0
2354,2354,3,32.0,52.0
2355,2355,3,36.0,40.0
2356,2356,1,26.0,36.0
2357,2357,3,56.0,42.0
2358,2358,4,47.0,1.0
2359,2359,1,30.0,96.0
2360,2360,2,46.0,12.0
2361,2361,1,36.0,70.0
2362,2362,4,67.0,47.0
2363,2363,3,48.0,36.0
2364,2364,4,60.0,32.0
2365,2365,0,6.0,20.0
2366,2366,2,7.0,31.0
2367,2367,4,41.0,117.0
2368,2368,1,60.0,52.0
2369,2369,1,53.0,21.0
2370,2370,4,46.0,114.0
2371,2371,4,67.0,63.0
2372,2372,1,38.0,110.0
2373,2373,3,47.0,31.0
2374,2374,4,66.0,48.0
2375,2375,3,18.0,26.0
2376,2376,2,32.0,0.0
2377,2377,3,52.0,82.0
2378,2378,1,46.0,50.0
2379,2379,0,10.0,78.0
2380,2380,2,22.0,70.0
2381,2381,3,13.0,33.0
2382,2382,0,69.0,69.0
2383,2383,3,17.0,33.0
2384,2384,1,45.0,91.0
2385,2385,2,55.0,49.0
2386,2386,2,30.0,90.0
2387,2387,1,59.0,25.0
2388,2388,2,16.0,24.0
2389,2389,2,20.0,32.0
2390,2390,1,22.0,18.0
2391,2391,3,37.0,23.0
2392,2392,1,41.0,55.0
2393,2393,0,68.0,26.0
2394,2394,0,64.0,16.0
2395,2395,1,55.0,59.0
2396,2396,2,37.0,75.0
2397,2397,4,67.0,69.0
2398,2398,3,18.0,28.0
2399,2399,0,12.0,68.0
2400,2400,2,53.0,35.0
2401,2401,1,56.0,76.0
2402,2402,1,27.0,63.0
2403,2403,0,44.0,118.0
2404,2404,2,27.0,25.0
2405,2405,0,19.0,95.0
2406,2406,2,44.0,58.0
2407,2407,1,21.0,79.0
2408,2408,1,48.0,86.0
2409,2409,2,25.0,69.0
2410,2410,3,30.0,6.0
2411,2411,0,71.0,41.0
2412,2412,2,36.0,62.0
2413,2413,0,14.0,84.0
2414,2414,1,39.0,95.0
2415,2415,0,11.0,71.0
2416,2416,3,36.0,72.0
2417,2417,2,28.0,4.0
2418,2418,1,30.0,106.0
2419,2419,3,13.0,45.0
2420,2420,4,58.0,90.0
2421,2421,3,50.0,64.0
2422,2422,1,56.0,34.0
2423,2423,1,40.0,84.0
2424,2424,4,49.0,113.0
2425,2425,2,18.0,78.0
2426,2426,0,67.0,81.0
2427,2427,1,53.0,57.0
2428,2428,4,55.0,103.0
2429,2429,2,45.0,63.0
2430,2430,3,52.0,24.0
2431,2431,3,23.0,7.0
2432,2432,1,58.0,44.0
2433,2433,1,44.0,6.0
2434,2434,4,64.0,38.0
2435,2435,2,32.0,88.0
2436,2436,2,19.0,85.0
2437,2437,1,42.0,14.0
2438,2438,4,25.0,105.0
2439,2439,3,20.0,40.0
2440,2440,4,60.0,38.0
2441,2441,1,66.0,68.0
2442,2442,1,52.0,98.0
2443,2443,3,21.0,67.0
2444,2444,0,12.0,76.0
2445,2445,1,58.0,72.0
2446,2446,1,41.0,95.0
2447,2447,2,9.0,27.0
2448,2448,0,11.0,73.0
2449,2449,2,25.0,93.0
2450,2450,4,62.0,42.0
2451,2451,4,60.0,84.0
2452,2452,1,37.0,47.0
2453,2453,0,6.0,58.0
2454,2454,1,51.0,99.0
2455,2455,3,20.0,36.0
2456,2456,3,46.0,106.0
2457,2457,2,38.0,4.0
2458,2458,1,23.0,95.0
2459,2459,2,23.0,93.0
2460,2460,2,25.0,15.0
2461,2461,3,21.0,37.0
2462,2462,1,35.0,55.0
2463,2463,4,39.0,117.0
2464,2464,3,16.0,36.0
2465,2465,0,5.0,29.0
2466,2466,1,43.0,67.0
2467,2467,3,24.0,46.0
2468,2468,1,28.0,66.0
2469,2469,2,27.0,3.0
2470,2470,1,53.0,85.0
2471,2471,4,56.0,106.0
2472,2472,0,49.0,115.0
2473,2473,2,18.0,82.0
2474,2474,4,57.0,11.0
2475,2475,3,37.0,27.0
2476,2476,1,31.0,33.0
2477,2477,1,60.0,64.0
2478,2478,2,35.0,37.0
2479,2479,0,33.0,115.0
2480,2480,2,42.0,34.0
2481,2481,2,37.0,53.0
2482,2482,2,36.0,52.0
2483,2483,2,25.0,3.0
2484,2484,2,11.0,23.0
2485,2485,4,51.0,107.0
2486,2486,1,63.0,73.0
2487,2487,1,31.0,31.0
2488,2488,3,38.0,26.0
2489,2489,0,63.0,65.0
2490,2490,3,47.0,33.0
2491,2491,2,13.0,29.0
2492,2492,4,70.0,54.0
2493,2493,3,60.0,24.0
2494,2494,1,36.0,98.0
2495,2495,4,20.0,98.0
2496,2496,2,54.0,50.0
2497,2497,0,21.0,105.0
2498,2498,1,50.0,88.0
2499,2499,3,32.0,12.0
2500,2500,1,29.0,35.0
2501,2501,1,33.0,71.0
2502,2502,4,29.0,103.0
2503,2503,4,59.0,81.0
2504,2504,1,41.0,63.0
2505,2505,0,71.0,65.0
2506,2506,2,44.0,40.0
2507,2507,0,36.0,118.0
2508,2508,4,63.0,57.0
2509,2509,1,64.0,64.0
2510,2510,4,42.0,118.0
2511,2511,2,22.0,14.0
2512,2512,1,30.0,42.0
2513,2513,1,43.0,79.0
2514,2514,0,9.0,77.0
2515,2515,0,20.0,100.0
2516,2516,3,25.0,49.0
2517,2517,3,40.0,48.0
2518,2518,1,47.0,99.0
2519,2519,3,23.0,81.0
2520,2520,0,9.0,53.0
2521,2521,1,66.0,72.0
2522,2522,2,10.0,24.0
2523,2523,4,26.0,108.0
2524,2524,3,31.0,91.0
2525,2525,0,9.0,61.0
2526,2526,4,52.0,106.0
2527,2527,1,38.0,52.0
2528,2528,0,72.0,56.0
2529,2529,3,25.0,75.0
2530,2530,3,25.0,41.0
2531,2531,2,31.0,51.0
2532,2532,2,9.0,33.0
2533,2533,4,61.0,37.0
2534,2534,3,18.0,42.0
2535,2535,1,40.0,88.0
2536,2536,1,44.0,12.0
2537,2537,1,33.0,65.0
2538,2538,3,23.0,9.0
2539,2539,3,46.0,24.0
2540,2540,4,28.0,102.0
2541,2541,4,55.0,65.0
2542,2542,1,50.0,84.0
2543,2543,4,67.0,43.0
2544,2544,1,39.0,103.0
2545,2545,2,50.0,42.0
2546,2546,0,4.0,32.0
2547,2547,1,31.0,37.0
2548,2548,2,41.0,27.0
2549,2549,4,62.0,78.0
2550,2550,2,30.0,98.0
2551,2551,3,24.0,40.0
2552,2552,1,14.0,60.0
2553,2553,2,58.0,60.0
2554,2554,3,50.0,86.0
2555,2555,4,29.0,109.0
2556,2556,3,28.0,62.0
2557,2557,1,55.0,89.0
2558,2558,4,39.0,1.0
2559,2559,1,56.0,94.0
2560,2560,3,22.0,24.0
2561,2561,3,37.0,57.0
2562,2562,0,9.0,5.0
2563,2563,1,37.0,85.0
2564,2564,3,45.0,59.0
2565,2565,2,22.0,90.0
2566,2566,2,12.0,24.0
2567,2567,4,23.0,103.0
2568,2568,2,39.0,9.0
2569,2569,3,17.0,35.0
2570,2570,2,20.0,6.0
2571,2571,2,22.0,60.0
2572,2572,4,21.0,99.0
2573,2573,3,41.0,43.0
2574,2574,3,48.0,26.0
2575,2575,0,40.0,118.0
2576,2576,3,51.0,15.0
2577,2577,4,65.0,57.0
2578,2578,2,60.0,66.0
2579,2579,2,22.0,10.0
2580,2580,1,52.0,80.0
2581,2581,2,21.0,69.0
2582,2582,0,63.0,15.0
2583,2583,4,15.0,65.0
2584,2584,2,35.0,3.0
2585,2585,2,52.0,30.0
2586,2586,1,40.0,112.0
2587,2587,0,9.0,45.0
2588,2588,1,40.0,86.0
2589,2589,3,30.0,20.0
2590,2590,4,68.0,44.0
2591,2591,3,26.0,50.0
2592,2592,2,17.0,81.0
2593,2593,2,41.0,13.0
2594,2594,1,54.0,14.0
2595,2595,2,32.0,6.0
2596,2596,2,9.0,47.0
2597,2597,1,19.0,49.0
2598,2598,3,30.0,8.0
2599,2599,2,21.0,77.0
2600,2600,2,20.0,8.0
2601,2601,2,10.0,34.0
2602,2602,4,52.0,112.0
2603,2603,4,71.0,49.0
2604,2604,2,20.0,88.0
2605,2605,0,60.0,10.0
2606,2606,2,7.0,29.0
2607,2607,0,6.0,34.0
2608,2608,1,25.0,29.0
2609,2609,2,25.0,31.0
2610,2610,4,65.0,33.0
2611,2611,2,17.0,3.0
2612,2612,2,37.0,51.0
2613,2613,3,49.0,29.0
2614,2614,4,58.0,88.0
2615,2615,0,5.0,13.0
2616,2616,2,21.0,87.0
2617,2617,1,50.0,90.0
2618,2618,2,17.0,85.0
2619,2619,3,23.0,31.0
2620,2620,2,17.0,49.0
2621,2621,1,48.0,50.0
2622,2622,1,28.0,20.0
2623,2623,3,31.0,15.0
2624,2624,2,30.0,54.0
2625,2625,4,62.0,50.0
2626,2626,2,20.0,28.0
2627,2627,4,51.0,101.0
2628,2628,1,52.0,92.0
2629,2629,4,50.0,2.0
2630,2630,4,57.0,15.0
2631,2631,2,24.0,92.0
2632,2632,4,63.0,43.0
2633,2633,4,70.0,50.0
2634,2634,4,68.0,36.0
2635,2635,0,12.0,84.0
2636,2636,3,59.0,71.0
2637,2637,2,24.0,94.0
2638,2638,3,18.0,80.0
2639,2639,2,9.0,15.0
2640,2640,2,39.0,47.0
2641,2641,4,56.0,22.0
2642,2642,2,27.0,65.0
2643,2643,2,13.0,19.0
2644,2644,4,61.0,41.0
2645,2645,0,4.0,38.0
2646,2646,2,18.0,4.0
2647,2647,1,41.0,109.0
2648,2648,2,13.0,39.0
2649,2649,3,36.0,88.0
2650,2650,3,15.0,47.0
2651,2651,4,61.0,83.0
2652,2652,3,47.0,15.0
2653,2653,4,59.0,39.0
2654,2654,1,13.0,63.0
2655,2655,3,37.0,43.0
2656,2656,2,25.0,65.0
2657,2657,3,27.0,39.0
2658,2658,2,14.0,26.0
2659,2659,2,43.0,65.0
2660,2660,4,63.0,23.0
2661,2661,2,43.0,33.0
2662,2662,3,30.0,44.0
2663,2663,1,64.0,72.0
2664,2664,0,5.0,19.0
2665,2665,1,66.0,70.0
2666,2666,3,27.0,7.0
2667,2667,2,42.0,20.0
2668,2668,3,11.0,41.0
2669,2669,3,52.0,40.0
2670,2670,0,7.0,73.0
2671,2671,1,47.0,69.0
2672,2672,1,39.0,109.0
2673,2673,0,7.0,69.0
2674,2674,2,12.0,30.0
2675,2675,3,54.0,72.0
2676,2676,0,12.0,66.0
2677,2677,2,26.0,94.0
2678,2678,1,49.0,101.0
2679,2679,1,52.0,62.0
2680,2680,2,25.0,17.0
2681,2681,3,49.0,77.0
2682,2682,1,32.0,72.0
2683,2683,1,45.0,43.0
2684,2684,3,53.0,39.0
2685,2685,4,63.0,47.0
2686,2686,0,3.0,45.0
2687,2687,0,61.0,99.0
2688,2688,1,43.0,73.0
2689,2689,2,11.0,59.0
2690,2690,3,28.0,58.0
2691,2691,2,21.0,55.0
2692,2692,3,25.0,35.0
2693,2693,3,15.0,29.0
2694,2694,1,64.0,70.0
2695,2695,1,20.0,90.0
2696,2696,1,12.0,46.0
2697,2697,1,36.0,74.0
2698,2698,4,64.0,78.0
2699,2699,0,31.0,111.0
2700,2700,2,23.0,77.0
2701,2701,3,28.0,6.0
2702,2702,1,61.0,75.0
2703,2703,3,29.0,15.0
2704,2704,3,37.0,39.0
2705,2705,0,4.0,36.0
2706,2706,2,14.0,42.0
2707,2707,1,35.0,77.0
2708,2708,3,35.0,29.0
2709,2709,1,31.0,73.0
2710,2710,3,18.0,32.0
2711,2711,2,30.0,74.0
2712,2712,2,10.0,28.0
2713,2713,2,32.0,86.0
2714,2714,0,8.0,42.0
2715,2715,3,42.0,40.0
2716,2716,0,6.0,46.0
2717,2717,3,21.0,5.0
2718,2718,1,45.0,107.0
2719,2719,2,14.0,18.0
2720,2720,2,37.0,15.0
2721,2721,3,41.0,39.0
2722,2722,3,52.0,64.0
2723,2723,2,44.0,46.0
2724,2724,4,65.0,47.0
2725,2725,0,51.0,113.0
2726,2726,4,63.0,63.0
2727,2727,4,43.0,109.0
2728,2728,2,33.0,103.0
2729,2729,1,41.0,97.0
2730,2730,4,61.0,15.0
2731,2731,4,52.0,2.0
2732,2732,3,25.0,95.0
2733,2733,1,52.0,88.0
2734,2734,2,40.0,24.0
2735,2735,2,39.0,91.0
2736,2736,3,23.0,35.0
2737,2737,1,51.0,89.0
2738,2738,4,60.0,94.0
2739,2739,1,38.0,68.0
2740,2740,2,10.0,46.0
2741,2741,2,20.0,60.0
2742,2742,3,20.0,52.0
2743,2743,4,47.0,113.0
2744,2744,4,43.0,115.0
2745,2745,1,57.0,23.0
2746,2746,1,19.0,89.0
2747,2747,1,37.0,67.0
2748,2748,1,36.0,30.0
2749,2749,2,34.0,4.0
2750,2750,3,24.0,30.0
2751,2751,3,28.0,90.0
2752,2752,2,10.0,22.0
2753,2753,2,46.0,46.0
2754,2754,3,29.0,47.0
2755,2755,1,38.0,106.0
2756,2756,0,69.0,71.0
2757,2757,0,12.0,64.0
2758,2758,2,10.0,32.0
2759,2759,4,68.0,76.0
2760,2760,1,57.0,81.0
2761,2761,2,55.0,69.0
2762,2762,1,49.0,51.0
2763,2763,3,50.0,16.0
2764,2764,2,61.0,65.0
2765,2765,4,58.0,84.0
2766,2766,2,30.0,86.0
2767,2767,1,59.0,55.0
2768,2768,3,52.0,96.0
2769,2769,1,49.0,49.0
2770,2770,3,32.0,36.0
2771,2771,4,65.0,55.0
2772,2772,0,54.0,4.0
2773,2773,4,63.0,29.0
2774,2774,1,59.0,35.0
2775,2775,4,49.0,105.0
2776,2776,4,54.0,104.0
2777,2777,1,58.0,68.0
2778,2778,2,29.0,3.0
2779,2779,2,17.0,7.0
2780,2780,3,15.0,35.0
2781,2781,1,63.0,67.0
2782,2782,2,58.0,62.0
2783,2783,4,54.0,106.0
2784,2784,3,54.0,70.0
2785,2785,1,53.0,47.0
2786,2786,2,30.0,52.0
2787,2787,3,8.0,24.0
2788,2788,3,47.0,79.0
2789,2789,4,68.0,60.0
2790,2790,4,51.0,55.0
2791,2791,4,60.0,26.0
2792,2792,3,14.0,32.0
2793,2793,0,15.0,91.0
2794,2794,4,64.0,52.0
2795,2795,2,44.0,28.0
2796,2796,2,24.0,18.0
2797,2797,1,65.0,73.0
2798,2798,3,31.0,97.0
2799,2799,0,14.0,68.0
2800,2800,2,10.0,16.0
2801,2801,2,46.0,60.0
2802,2802,1,55.0,57.0
2803,2803,4,64.0,62.0
2804,2804,0,58.0,102.0
2805,2805,0,4.0,18.0
2806,2806,4,52.0,100.0
2807,2807,1,48.0,98.0
2808,2808,1,35.0,61.0
2809,2809,4,59.0,85.0
2810,2810,3,21.0,35.0
2811,2811,2,49.0,9.0
2812,2812,2,21.0,19.0
2813,2813,2,26.0,98.0
2814,2814,3,30.0,46.0
2815,2815,2,24.0,54.0
2816,2816,3,43.0,35.0
2817,2817,3,31.0,55.0
2818,2818,1,28.0,98.0
2819,2819,1,47.0,83.0
2820,2820,1,56.0,90.0
2821,2821,1,21.0,91.0
2822,2822,4,62.0,32.0
2823,2823,2,48.0,62.0
2824,2824,3,44.0,18.0
2825,2825,0,66.0,18.0
2826,2826,2,40.0,12.0
2827,2827,3,65.0,67.0
2828,2828,2,29.0,63.0
2829,2829,2,20.0,74.0
2830,2830,1,35.0,49.0
2831,2831,1,33.0,51.0
2832,2832,3,38.0,86.0
2833,2833,1,39.0,59.0
2834,2834,2,22.0,78.0
2835,2835,3,23.0,47.0
2836,2836,2,19.0,83.0
2837,2837,4,59.0,91.0
2838,2838,2,39.0,23.0
2839,2839,0,10.0,66.0
2840,2840,2,44.0,56.0
2841,2841,2,29.0,89.0
2842,2842,4,69.0,63.0
2843,2843,3,15.0,67.0
2844,2844,1,42.0,72.0
2845,2845,2,40.0,28.0
2846,2846,4,62.0,16.0
2847,2847,1,38.0,56.0
2848,2848,1,60.0,50.0
2849,2849,0,68.0,20.0
2850,2850,2,37.0,107.0
2851,2851,0,48.0,116.0
2852,2852,3,37.0,9.0
2853,2853,1,62.0,60.0
2854,2854,4,56.0,32.0
2855,2855,3,59.0,69.0
2856,2856,2,31.0,101.0
2857,2857,3,48.0,20.0
2858,2858,1,48.0,48.0
2859,2859,2,16.0,14.0
2860,2860,1,54.0,90.0
2861,2861,3,25.0,37.0
2862,2862,4,61.0,19.0
2863,2863,3,16.0,20.0
2864,2864,2,34.0,20.0
2865,2865,0,25.0,111.0
2866,2866,0,17.0,71.0
2867,2867,2,8.0,36.0
2868,2868,0,71.0,71.0
2869,2869,3,39.0,101.0
2870,2870,3,23.0,53.0
2871,2871,3,12.0,20.0
2872,2872,3,38.0,10.0
2873,2873,1,31.0,49.0
2874,2874,3,55.0,73.0
2875,2875,3,45.0,39.0
2876,2876,1,33.0,69.0
2877,2877,1,38.0,48.0
2878,2878,1,42.0,88.0
2879,2879,1,16.0,64.0
2880,2880,1,51.0,81.0
2881,2881,4,67.0,65.0
2882,2882,3,26.0,14.0
2883,2883,3,32.0,16.0
2884,2884,2,34.0,100.0
2885,2885,0,3.0,37.0
2886,2886,3,17.0,45.0
2887,2887,1,50.0,52.0
2888,2888,4,60.0,30.0
2889,2889,0,11.0,1.0
2890,2890,0,7.0,61.0
2891,2891,4,60.0,82.0
2892,2892,1,26.0,62.0
2893,2893,0,7.0,43.0
2894,2894,1,60.0,74.0
2895,2895,2,30.0,4.0
2896,2896,3,33.0,17.0
2897,2897,4,50.0,106.0
2898,2898,2,28.0,80.0
2899,2899,3,19.0,79.0
2900,2900,2,48.0,10.0
2901,2901,2,11.0,7.0
2902,2902,1,37.0,101.0
2903,2903,1,31.0,57.0
2904,2904,2,7.0,35.0
2905,2905,2,17.0,23.0
2906,2906,1,41.0,107.0
2907,2907,1,42.0,44.0
2908,2908,1,48.0,84.0
2909,2909,1,42.0,48.0
2910,2910,2,24.0,38.0
2911,2911,1,45.0,23.0
2912,2912,4,51.0,77.0
2913,2913,1,41.0,57.0
2914,2914,3,49.0,23.0
2915,2915,1,57.0,77.0
2916,2916,1,55.0,77.0
2917,2917,1,25.0,59.0
2918,2918,1,56.0,36.0
2919,2919,1,51.0,93.0
2920,2920,2,8.0,10.0
2921,2921,4,22.0,100.0
2922,2922,2,51.0,19.0
2923,2923,2,44.0,54.0
2924,2924,3,20.0,46.0
2925,2925,3,13.0,15.0
2926,2926,3,8.0,28.0
2927,2927,2,54.0,30.0
2928,2928,1,23.0,97.0
2929,2929,1,53.0,95.0
2930,2930,4,64.0,32.0
2931,2931,4,42.0,2.0
2932,2932,3,28.0,18.0
2933,2933,0,14.0,72.0
2934,2934,0,11.0,69.0
2935,2935,3,42.0,26.0
2936,2936,1,34.0,12.0
2937,2937,1,48.0,72.0
2938,2938,3,27.0,79.0
2939,2939,2,20.0,14.0
2940,2940,2,34.0,88.0
2941,2941,4,58.0,10.0
2942,2942,1,32.0,32.0
2943,2943,0,16.0,86.0
2944,2944,3,25.0,87.0
2945,2945,4,68.0,54.0
2946,2946,1,39.0,51.0
2947,2947,4,28.0,104.0
2948,2948,0,13.0,75.0
2949,2949,3,35.0,11.0
2950,2950,1,32.0,22.0
2951,2951,1,63.0,53.0
2952,2952,4,60.0,40.0
2953,2953,3,43.0,25.0
2954,2954,1,31.0,19.0
2955,2955,0,6.0,28.0
2956,2956,1,30.0,92.0
2957,2957,1,45.0,83.0
2958,2958,3,26.0,28.0
2959,2959,3,45.0,61.0
2960,2960,4,50.0,112.0
2961,2961,0,8.0,70.0
2962,2962,3,40.0,34.0
2963,2963,1,53.0,37.0
2964,2964,4,65.0,49.0
2965,2965,0,6.0,50.0
2966,2966,2,18.0,48.0
2967,2967,2,48.0,42.0
2968,2968,1,35.0,57.0
2969,2969,3,51.0,35.0
2970,2970,2,50.0,8.0
2971,2971,4,59.0,87.0
2972,2972,0,55.0,3.0
2973,2973,2,21.0,39.0
2974,2974,2,43.0,55.0
2975,2975,1,43.0,51.0
2976,2976,3,36.0,10.0
2977,2977,0,17.0,95.0
2978,2978,0,68.0,24.0
2979,2979,2,14.0,4.0
2980,2980,0,10.0,64.0
2981,2981,0,67.0,67.0
2982,2982,4,62.0,82.0
2983,2983,1,35.0,97.0
2984,2984,0,13.0,65.0
2985,2985,3,39.0,35.0
2986,2986,0,33.0,113.0
2987,2987,4,63.0,79.0
2988,2988,0,8.0,50.0
2989,2989,1,53.0,63.0
2990,2990,4,58.0,82.0
2991,2991,4,52.0,6.0
2992,2992,3,19.0,39.0
2993,2993,3,48.0,34.0
2994,2994,0,64.0,90.0
2995,2995,1,44.0,78.0
2996,2996,3,38.0,46.0
2997,2997,0,16.0,94.0
2998,2998,2,9.0,29.0
2999,2999,1,47.0,103.0
3000,3000,1,42.0,102.0
3001,3001,4,63.0,31.0
3002,3002,3,47.0,29.0
3003,3003,3,24.0,82.0
3004,3004,2,9.0,55.0
3005,3005,4,67.0,33.0
3006,3006,3,8.0,18.0
3007,3007,0,12.0,80.0
3008,3008,1,27.0,61.0
3009,3009,0,8.0,64.0
3010,3010,3,44.0,4.0
3011,3011,1,54.0,92.0
3012,3012,2,36.0,6.0
3013,3013,4,70.0,60.0
3014,3014,1,57.0,67.0
3015,3015,0,16.0,68.0
3016,3016,4,57.0,29.0
3017,3017,2,37.0,7.0
3018,3018,3,42.0,66.0
3019,3019,1,32.0,102.0
3020,3020,2,41.0,11.0
3021,3021,2,7.0,19.0
3022,3022,3,23.0,25.0
3023,3023,0,47.0,115.0
3024,3024,0,15.0,77.0
3025,3025,1,35.0,109.0
3026,3026,1,53.0,73.0
3027,3027,0,15.0,75.0
3028,3028,2,37.0,29.0
3029,3029,1,50.0,66.0
3030,3030,3,35.0,27.0
3031,3031,3,61.0,51.0
3032,3032,1,47.0,77.0
3033,3033,4,54.0,6.0
3034,3034,4,48.0,114.0
3035,3035,2,49.0,71.0
3036,3036,0,65.0,89.0
3037,3037,1,47.0,51.0
3038,3038,3,28.0,42.0
3039,3039,0,61.0,13.0
3040,3040,3,57.0,43.0
3041,3041,3,55.0,15.0
3042,3042,4,38.0,112.0
3043,3043,4,69.0,45.0
3044,3044,1,54.0,84.0
3045,3045,0,71.0,47.0
3046,3046,1,35.0,59.0
3047,3047,3,22.0,0.0
3048,3048,1,46.0,96.0
3049,3049,4,66.0,44.0
3050,3050,1,33.0,83.0
3051,3051,4,66.0,32.0
3052,3052,3,36.0,44.0
3053,3053,4,71.0,53.0
3054,3054,1,51.0,63.0
3055,3055,1,41.0,53.0
3056,3056,2,42.0,22.0
3057,3057,0,7.0,49.0
3058,3058,3,35.0,89.0
3059,3059,1,44.0,82.0
3060,3060,3,15.0,31.0
3061,3061,2,11.0,31.0
3062,3062,2,24.0,56.0
3063,3063,4,28.0,108.0
3064,3064,3,25.0,21.0
3065,3065,0,6.0,44.0
3066,3066,2,33.0,87.0
3067,3067,4,34.0,112.0
3068,3068,2,54.0,40.0
3069,3069,3,43.0,95.0
3070,3070,3,17.0,63.0
3071,3071,2,33.0,29.0
3072,3072,4,12.0,48.0
3073,3073,3,35.0,33.0
3074,3074,1,40.0,56.0
3075,3075,2,33.0,95.0
3076,3076,3,26.0,38.0
3077,3077,1,56.0,24.0
3078,3078,3,20.0,12.0
3079,3079,1,38.0,66.0
3080,3080,3,26.0,2.0
3081,3081,1,51.0,87.0
3082,3082,1,58.0,20.0
3083,3083,2,37.0,79.0
3084,3084,1,47.0,111.0
3085,3085,3,31.0,93.0
3086,3086,4,63.0,41.0
3087,3087,4,48.0,0.0
3088,3088,0,69.0,77.0
3089,3089,3,29.0,53.0
3090,3090,4,66.0,60.0
3091,3091,3,17.0,13.0
3092,3092,2,55.0,41.0
3093,3093,2,50.0,56.0
3094,3094,0,3.0,39.0
3095,3095,3,24.0,32.0
3096,3096,4,64.0,86.0
3097,3097,4,54.0,102.0
3098,3098,1,39.0,49.0
3099,3099,1,34.0,40.0
3100,3100,0,66.0,86.0
3101,3101,3,46.0,6.0
3102,3102,2,46.0,68.0
3103,3103,1,35.0,71.0
3104,3104,3,31.0,13.0
3105,3105,2,11.0,9.0
3106,3106,2,31.0,109.0
3107,3107,1,29.0,93.0
3108,3108,3,29.0,29.0
3109,3109,3,37.0,95.0
3110,3110,4,60.0,80.0
3111,3111,1,27.0,43.0
3112,3112,3,17.0,41.0
3113,3113,2,18.0,64.0
3114,3114,1,63.0,75.0
3115,3115,2,28.0,82.0
3116,3116,2,42.0,94.0
3117,3117,3,10.0,40.0
3118,3118,3,20.0,84.0
3119,3119,0,71.0,69.0
3120,3120,1,43.0,7.0
3121,3121,1,58.0,54.0
3122,3122,4,66.0,62.0
3123,3123,1,15.0,61.0
3124,3124,1,32.0,24.0
3125,3125,4,22.0,94.0
3126,3126,3,19.0,21.0
3127,3127,1,39.0,105.0
3128,3128,4,48.0,106.0
3129,3129,3,47.0,7.0
3130,3130,1,53.0,61.0
3131,3131,4,54.0,8.0
3132,3132,3,28.0,36.0
3133,3133,3,18.0,60.0
3134,3134,1,49.0,89.0
3135,3135,3,35.0,79.0
3136,3136,2,57.0,61.0
3137,3137,2,16.0,38.0
3138,3138,2,15.0,15.0
3139,3139,1,45.0,7.0
3140,3140,2,47.0,19.0
3141,3141,2,23.0,5.0
3142,3142,2,34.0,64.0
3143,3143,1,55.0,35.0
3144,3144,1,44.0,106.0
3145,3145,1,26.0,0.0
3146,3146,3,32.0,28.0
3147,3147,2,20.0,68.0
3148,3148,1,44.0,102.0
3149,3149,3,31.0,3.0
3150,3150,2,11.0,17.0
3151,3151,1,43.0,103.0
3152,3152,1,47.0,49.0
3153,3153,3,39.0,19.0
3154,3154,1,50.0,76.0
3155,3155,4,57.0,27.0
3156,3156,2,45.0,55.0
3157,3157,0,5.0,21.0
3158,3158,1,56.0,40.0
3159,3159,2,29.0,55.0
3160,3160,2,18.0,18.0
3161,3161,1,56.0,48.0
3162,3162,2,23.0,57.0
3163,3163,1,43.0,75.0
3164,3164,2,17.0,25.0
3165,3165,0,7.0,13.0
3166,3166,0,14.0,76.0
3167,3167,1,47.0,91.0
3168,3168,2,23.0,21.0
3169,3169,2,38.0,34.0
3170,3170,0,71.0,73.0
3171,3171,1,46.0,78.0
3172,3172,4,29.0,111.0
3173,3173,2,14.0,12.0
3174,3174,2,45.0,65.0
3175,3175,3,24.0,4.0
3176,3176,1,46.0,108.0
3177,3177,0,66.0,16.0
3178,3178,3,46.0,14.0
3179,3179,1,57.0,79.0
3180,3180,4,32.0,60.0
3181,3181,2,27.0,91.0
3182,3182,2,24.0,16.0
3183,3183,3,56.0,58.0
3184,3184,1,43.0,15.0
3185,3185,1,43.0,71.0
3186,3186,2,24.0,62.0
3187,3187,2,24.0,20.0
3188,3188,0,69.0,25.0
3189,3189,4,66.0,42.0
3190,3190,3,22.0,32.0
3191,3191,4,56.0,10.0
3192,3192,1,44.0,100.0
3193,3193,2,31.0,95.0
3194,3194,2,41.0,49.0
3195,3195,2,10.0,48.0
3196,3196,3,54.0,64.0
3197,3197,3,46.0,22.0
3198,3198,4,59.0,95.0
3199,3199,1,37.0,69.0
3200,3200,1,35.0,107.0
3201,3201,2,30.0,26.0
3202,3202,0,62.0,66.0
3203,3203,1,13.0,7.0
3204,3204,0,5.0,39.0
3205,3205,2,37.0,89.0
3206,3206,1,51.0,21.0
3207,3207,0,18.0,100.0
3208,3208,0,3.0,43.0
3209,3209,4,38.0,0.0
3210,3210,3,13.0,9.0
3211,3211,1,35.0,105.0
3212,3212,2,26.0,4.0
3213,3213,1,47.0,101.0
3214,3214,3,19.0,51.0
3215,3215,4,69.0,49.0
3216,3216,1,46.0,88.0
3217,3217,2,32.0,70.0
3218,3218,4,60.0,28.0
3219,3219,1,57.0,59.0
3220,3220,0,17.0,93.0
3221,3221,2,41.0,21.0
3222,3222,3,34.0,22.0
3223,3223,2,28.0,14.0
3224,3224,1,59.0,57.0
3225,3225,2,34.0,96.0
3226,3226,3,52.0,28.0
3227,3227,1,37.0,83.0
3228,3228,2,51.0,33.0
3229,3229,0,7.0,65.0
3230,3230,3,33.0,39.0
3231,3231,0,62.0,96.0
3232,3232,1,33.0,75.0
3233,3233,0,9.0,65.0
3234,3234,0,15.0,87.0
3235,3235,3,29.0,13.0
3236,3236,4,62.0,30.0
3237,3237,2,52.0,8.0
3238,3238,1,31.0,47.0
3239,3239,1,54.0,88.0
3240,3240,1,45.0,17.0
3241,3241,4,23.0,105.0
3242,3242,3,11.0,25.0
3243,3243,3,22.0,46.0
3244,3244,4,66.0,52.0
3245,3245,4,43.0,113.0
3246,3246,1,47.0,87.0
3247,3247,0,13.0,87.0
3248,3248,3,19.0,11.0
3249,3249,2,16.0,26.0
3250,3250,3,34.0,14.0
3251,3251,2,28.0,54.0
3252,3252,3,14.0,22.0
3253,3253,2,38.0,30.0
3254,3254,0,70.0,28.0
3255,3255,3,27.0,19.0
3256,3256,2,35.0,23.0
3257,3257,2,31.0,103.0
3258,3258,3,41.0,41.0
3259,3259,3,37.0,93.0
3260,3260,3,40.0,16.0
3261,3261,3,16.0,22.0
3262,3262,2,18.0,36.0
3263,3263,2,25.0,13.0
3264,3264,2,20.0,56.0
3265,3265,4,41.0,3.0
3266,3266,4,52.0,102.0
3267,3267,4,61.0,95.0
3268,3268,4,27.0,107.0
3269,3269,1,48.0,76.0
3270,3270,4,53.0,5.0
3271,3271,2,39.0,61.0
3272,3272,1,45.0,49.0
3273,3273,1,21.0,63.0
3274,3274,4,40.0,2.0
3275,3275,0,7.0,63.0
3276,3276,4,12.0,4.0
3277,3277,3,26.0,76.0
3278,3278,1,16.0,2.0
3279,3279,3,61.0,61.0
3280,3280,0,65.0,21.0
3281,3281,0,55.0,5.0
3282,3282,2,11.0,57.0
3283,3283,2,30.0,82.0
3284,3284,2,20.0,44.0
3285,3285,3,18.0,38.0
3286,3286,2,35.0,65.0
3287,3287,2,21.0,71.0
3288,3288,2,27.0,83.0
3289,3289,2,55.0,23.0
3290,3290,1,36.0,56.0
3291,3291,1,53.0,51.0
3292,3292,0,5.0,41.0
3293,3293,1,44.0,68.0
3294,3294,1,53.0,67.0
3295,3295,1,33.0,43.0
3296,3296,1,46.0,58.0
3297,3297,4,55.0,107.0
3298,3298,2,37.0,5.0
3299,3299,3,28.0,8.0
3300,3300,1,43.0,97.0
3301,3301,2,15.0,11.0
3302,3302,2,9.0,11.0
3303,3303,2,22.0,84.0
3304,3304,1,33.0,53.0
3305,3305,3,27.0,55.0
3306,3306,0,71.0,61.0
3307,3307,1,39.0,81.0
3308,3308,3,47.0,67.0
3309,3309,3,40.0,40.0
3310,3310,4,70.0,44.0
3311,3311,4,63.0,89.0
3312,3312,4,68.0,48.0
3313,3313,0,19.0,97.0
3314,3314,4,25.0,107.0
3315,3315,4,39.0,113.0
3316,3316,3,50.0,30.0
3317,3317,3,15.0,9.0
3318,3318,1,38.0,102.0
3319,3319,3,48.0,16.0
3320,3320,1,21.0,43.0
3321,3321,3,21.0,13.0
3322,3322,4,65.0,53.0
3323,3323,3,46.0,40.0
3324,3324,1,22.0,52.0
3325,3325,4,53.0,101.0
3326,3326,4,68.0,62.0
3327,3327,1,32.0,44.0
3328,3328,4,62.0,20.0
3329,3329,4,17.0,1.0
3330,3330,4,55.0,67.0
3331,3331,1,34.0,108.0
3332,3332,0,7.0,11.0
3333,3333,1,27.0,97.0
3334,3334,0,68.0,22.0
3335,3335,2,13.0,35.0
3336,3336,3,18.0,30.0
3337,3337,1,58.0,46.0
3338,3338,4,61.0,31.0
3339,3339,4,59.0,43.0
3340,3340,1,12.0,62.0
3341,3341,4,58.0,12.0
3342,3342,3,18.0,76.0
3343,3343,1,36.0,50.0
3344,3344,1,41.0,45.0
3345,3345,4,54.0,96.0
3346,3346,1,54.0,60.0
3347,3347,3,23.0,13.0
3348,3348,3,44.0,44.0
3349,3349,4,64.0,20.0
3350,3350,2,49.0,33.0
3351,3351,4,55.0,99.0
3352,3352,1,36.0,100.0
3353,3353,3,39.0,39.0
3354,3354,1,51.0,65.0
3355,3355,2,35.0,35.0
3356,3356,1,28.0,72.0
3357,3357,3,13.0,53.0
3358,3358,3,49.0,47.0
