mode,k,section,plot_n_obs,plot_scope,figure_path,figure_sha256,labels_path,labels_sha256,plot_sample_path,plot_sample_sha256
joint,5,CRC_003_bin20,166279,all_spots_in_section,/home/hujinlan/spa_mo_model/results/crc_stereocite_preprocessing_comparison/raw_embedding/clustering/joint_k5/spatial_CRC_003_bin20.png,35939f70efa86f2b82bf6bfe292d60011cd6f64c2a6d3d1ed118cfdf0da49f51,/home/hujinlan/spa_mo_model/results/crc_stereocite_preprocessing_comparison/raw_embedding/clustering/joint_k5/labels_CRC_003_bin20.csv,f35ae52f154159a00b5ca59e627cbd8a512cfaf3595489a051ff94c7de441a51,/home/hujinlan/spa_mo_model/results/crc_stereocite_preprocessing_comparison/shared_metrics/plot_sample.csv,8d8f1f6f71c8488320f869df16cf9ca695b7d24aa864a221ce4a3ae7559b56c5
joint,5,CRC_006_bin20,446095,all_spots_in_section,/home/hujinlan/spa_mo_model/results/crc_stereocite_preprocessing_comparison/raw_embedding/clustering/joint_k5/spatial_CRC_006_bin20.png,09a51485abfbaf0e6b20d528058e5ba3939b852801be85b773cddb9a2e8a90bb,/home/hujinlan/spa_mo_model/results/crc_stereocite_preprocessing_comparison/raw_embedding/clustering/joint_k5/labels_CRC_006_bin20.csv,3af4d15bb1bbca6cb95fb1b02c960b23d99e5cc66cd140406f2b57ba8d57db2f,/home/hujinlan/spa_mo_model/results/crc_stereocite_preprocessing_comparison/shared_metrics/plot_sample.csv,8d8f1f6f71c8488320f869df16cf9ca695b7d24aa864a221ce4a3ae7559b56c5
joint,10,CRC_003_bin20,166279,all_spots_in_section,/home/hujinlan/spa_mo_model/results/crc_stereocite_preprocessing_comparison/raw_embedding/clustering/joint_k10/spatial_CRC_003_bin20.png,7f62c4bf8c20433f3a4a39c25297e6e9fa8821d4ab3182bf7984b7c5ac0663b2,/home/hujinlan/spa_mo_model/results/crc_stereocite_preprocessing_comparison/raw_embedding/clustering/joint_k10/labels_CRC_003_bin20.csv,d57df0e2557a1f29ae7c4ad75a2b17c033b7125825b795d3f4ff47a70ad4d9a3,/home/hujinlan/spa_mo_model/results/crc_stereocite_preprocessing_comparison/shared_metrics/plot_sample.csv,8d8f1f6f71c8488320f869df16cf9ca695b7d24aa864a221ce4a3ae7559b56c5
joint,10,CRC_006_bin20,446095,all_spots_in_section,/home/hujinlan/spa_mo_model/results/crc_stereocite_preprocessing_comparison/raw_embedding/clustering/joint_k10/spatial_CRC_006_bin20.png,a393a0c51a9cb4a850d2d2ef0f8d1af52020a0ea37211e72dc40c789dada469b,/home/hujinlan/spa_mo_model/results/crc_stereocite_preprocessing_comparison/raw_embedding/clustering/joint_k10/labels_CRC_006_bin20.csv,085c24320f53c97a2f8f5caa5fffe3247f7ac0b72b83fb60859ef8c85c930090,/home/hujinlan/spa_mo_model/results/crc_stereocite_preprocessing_comparison/shared_metrics/plot_sample.csv,8d8f1f6f71c8488320f869df16cf9ca695b7d24aa864a221ce4a3ae7559b56c5
joint,15,CRC_003_bin20,166279,all_spots_in_section,/home/hujinlan/spa_mo_model/results/crc_stereocite_preprocessing_comparison/raw_embedding/clustering/joint_k15/spatial_CRC_003_bin20.png,38009eb950aefedb06329bef3542f8e8d86da3bbd05a2d0de38bebb1833f1eb2,/home/hujinlan/spa_mo_model/results/crc_stereocite_preprocessing_comparison/raw_embedding/clustering/joint_k15/labels_CRC_003_bin20.csv,45ef4ac73f2bcb8473dc7ffde06285b35040846953633d2effb6ccde874eed71,/home/hujinlan/spa_mo_model/results/crc_stereocite_preprocessing_comparison/shared_metrics/plot_sample.csv,8d8f1f6f71c8488320f869df16cf9ca695b7d24aa864a221ce4a3ae7559b56c5
joint,15,CRC_006_bin20,446095,all_spots_in_section,/home/hujinlan/spa_mo_model/results/crc_stereocite_preprocessing_comparison/raw_embedding/clustering/joint_k15/spatial_CRC_006_bin20.png,0f9a6469c2c2e03b8dce6086770030bf322924650f958f1818f005f90310dc7b,/home/hujinlan/spa_mo_model/results/crc_stereocite_preprocessing_comparison/raw_embedding/clustering/joint_k15/labels_CRC_006_bin20.csv,af9102b0532e62d7eafc55dc9157e5245251dd5355b4d9c79f2df7be92ef7c0a,/home/hujinlan/spa_mo_model/results/crc_stereocite_preprocessing_comparison/shared_metrics/plot_sample.csv,8d8f1f6f71c8488320f869df16cf9ca695b7d24aa864a221ce4a3ae7559b56c5
joint,20,CRC_003_bin20,166279,all_spots_in_section,/home/hujinlan/spa_mo_model/results/crc_stereocite_preprocessing_comparison/raw_embedding/clustering/joint_k20/spatial_CRC_003_bin20.png,d3eef54dc9e9ccb4dbf10773ce4ce880196d1b11d06cf762a638350dd3996193,/home/hujinlan/spa_mo_model/results/crc_stereocite_preprocessing_comparison/raw_embedding/clustering/joint_k20/labels_CRC_003_bin20.csv,8acc0be19b22c30839d12a94e02f8f627a107b73a51684b0e629f100f646f1c3,/home/hujinlan/spa_mo_model/results/crc_stereocite_preprocessing_comparison/shared_metrics/plot_sample.csv,8d8f1f6f71c8488320f869df16cf9ca695b7d24aa864a221ce4a3ae7559b56c5
joint,20,CRC_006_bin20,446095,all_spots_in_section,/home/hujinlan/spa_mo_model/results/crc_stereocite_preprocessing_comparison/raw_embedding/clustering/joint_k20/spatial_CRC_006_bin20.png,366e2308a069c718c34414f0e562c6bb1be6b07528ff2a7ea66bbaad54990c52,/home/hujinlan/spa_mo_model/results/crc_stereocite_preprocessing_comparison/raw_embedding/clustering/joint_k20/labels_CRC_006_bin20.csv,dfb417ac511c952845906de8e1d643baa4562eab09d51959c27173eca75afb67,/home/hujinlan/spa_mo_model/results/crc_stereocite_preprocessing_comparison/shared_metrics/plot_sample.csv,8d8f1f6f71c8488320f869df16cf9ca695b7d24aa864a221ce4a3ae7559b56c5
joint,25,CRC_003_bin20,166279,all_spots_in_section,/home/hujinlan/spa_mo_model/results/crc_stereocite_preprocessing_comparison/raw_embedding/clustering/joint_k25/spatial_CRC_003_bin20.png,4d4982f5aecd5b238f32b574f1cff101cc97c06cb8dfcfa6cd81c6424bd43f63,/home/hujinlan/spa_mo_model/results/crc_stereocite_preprocessing_comparison/raw_embedding/clustering/joint_k25/labels_CRC_003_bin20.csv,2861e4b9d0257116e3efba9dfde0c68a08d3ff27cc570525171d6c9cc2e958c6,/home/hujinlan/spa_mo_model/results/crc_stereocite_preprocessing_comparison/shared_metrics/plot_sample.csv,8d8f1f6f71c8488320f869df16cf9ca695b7d24aa864a221ce4a3ae7559b56c5
joint,25,CRC_006_bin20,446095,all_spots_in_section,/home/hujinlan/spa_mo_model/results/crc_stereocite_preprocessing_comparison/raw_embedding/clustering/joint_k25/spatial_CRC_006_bin20.png,1b302dd1af1022e32a8d551a4d7f67449c9593debddce9df42497eca9641b6a8,/home/hujinlan/spa_mo_model/results/crc_stereocite_preprocessing_comparison/raw_embedding/clustering/joint_k25/labels_CRC_006_bin20.csv,53c88882241482058d16fff0466bd34002f63795a336c7661f8e6cf20b133dc4,/home/hujinlan/spa_mo_model/results/crc_stereocite_preprocessing_comparison/shared_metrics/plot_sample.csv,8d8f1f6f71c8488320f869df16cf9ca695b7d24aa864a221ce4a3ae7559b56c5
independent,5,CRC_003_bin20,166279,all_spots_in_section,/home/hujinlan/spa_mo_model/results/crc_stereocite_preprocessing_comparison/raw_embedding/clustering/independent_k5/spatial_CRC_003_bin20.png,63804662fb08e8c255b80b0a83c4ab93a5803312404ebbefaaf875d9ac5aaf0f,/home/hujinlan/spa_mo_model/results/crc_stereocite_preprocessing_comparison/raw_embedding/clustering/independent_k5/labels_CRC_003_bin20.csv,1d88afc99d6fb379dee7f90b5929dee834d061baebeabc2a66fba9a6f0f62236,/home/hujinlan/spa_mo_model/results/crc_stereocite_preprocessing_comparison/shared_metrics/plot_sample.csv,8d8f1f6f71c8488320f869df16cf9ca695b7d24aa864a221ce4a3ae7559b56c5
independent,5,CRC_006_bin20,446095,all_spots_in_section,/home/hujinlan/spa_mo_model/results/crc_stereocite_preprocessing_comparison/raw_embedding/clustering/independent_k5/spatial_CRC_006_bin20.png,2bb6751a2c218b9bf405e7c78e3e8405e5933556e46fe8272d187123a0b1ff48,/home/hujinlan/spa_mo_model/results/crc_stereocite_preprocessing_comparison/raw_embedding/clustering/independent_k5/labels_CRC_006_bin20.csv,1c7cf07faf9ea7f3811f236b1a9b12e416946cccbc8bcb1cd8a103f92bc4b6a4,/home/hujinlan/spa_mo_model/results/crc_stereocite_preprocessing_comparison/shared_metrics/plot_sample.csv,8d8f1f6f71c8488320f869df16cf9ca695b7d24aa864a221ce4a3ae7559b56c5
independent,10,CRC_003_bin20,166279,all_spots_in_section,/home/hujinlan/spa_mo_model/results/crc_stereocite_preprocessing_comparison/raw_embedding/clustering/independent_k10/spatial_CRC_003_bin20.png,cf60064d797fcae34977f7c6fadeac20e0cf6182b128009cada8a67751faad16,/home/hujinlan/spa_mo_model/results/crc_stereocite_preprocessing_comparison/raw_embedding/clustering/independent_k10/labels_CRC_003_bin20.csv,60d3541aef192ac28a5ef3f86577f4e64aee86447af6b1bc9eac5215ea42b775,/home/hujinlan/spa_mo_model/results/crc_stereocite_preprocessing_comparison/shared_metrics/plot_sample.csv,8d8f1f6f71c8488320f869df16cf9ca695b7d24aa864a221ce4a3ae7559b56c5
independent,10,CRC_006_bin20,446095,all_spots_in_section,/home/hujinlan/spa_mo_model/results/crc_stereocite_preprocessing_comparison/raw_embedding/clustering/independent_k10/spatial_CRC_006_bin20.png,6c7805b4cff2675b193c1dbb20f81018025731363beb52ca008803d260c95b21,/home/hujinlan/spa_mo_model/results/crc_stereocite_preprocessing_comparison/raw_embedding/clustering/independent_k10/labels_CRC_006_bin20.csv,00d9d9d794e30a7a2fb928cbd53e66b362a00d54e9956e6972f793858066601b,/home/hujinlan/spa_mo_model/results/crc_stereocite_preprocessing_comparison/shared_metrics/plot_sample.csv,8d8f1f6f71c8488320f869df16cf9ca695b7d24aa864a221ce4a3ae7559b56c5
independent,15,CRC_003_bin20,166279,all_spots_in_section,/home/hujinlan/spa_mo_model/results/crc_stereocite_preprocessing_comparison/raw_embedding/clustering/independent_k15/spatial_CRC_003_bin20.png,58c4e0ad35470997bc12f393249e2c297c7ac6ac859c28c3f933c9199b8aa9cb,/home/hujinlan/spa_mo_model/results/crc_stereocite_preprocessing_comparison/raw_embedding/clustering/independent_k15/labels_CRC_003_bin20.csv,94bf43f1960058a07d855756619104c8843e3dd60f428da0835bbc4ca1ed9d0e,/home/hujinlan/spa_mo_model/results/crc_stereocite_preprocessing_comparison/shared_metrics/plot_sample.csv,8d8f1f6f71c8488320f869df16cf9ca695b7d24aa864a221ce4a3ae7559b56c5
independent,15,CRC_006_bin20,446095,all_spots_in_section,/home/hujinlan/spa_mo_model/results/crc_stereocite_preprocessing_comparison/raw_embedding/clustering/independent_k15/spatial_CRC_006_bin20.png,c1ceb4ef29b7f0e305c546c13db1b118015089c1542a66dc4ff44c4bcb89c207,/home/hujinlan/spa_mo_model/results/crc_stereocite_preprocessing_comparison/raw_embedding/clustering/independent_k15/labels_CRC_006_bin20.csv,e60707aa50270ea33d2b13620ef3bb09385a716fb9becf697420f0dd9805b4e6,/home/hujinlan/spa_mo_model/results/crc_stereocite_preprocessing_comparison/shared_metrics/plot_sample.csv,8d8f1f6f71c8488320f869df16cf9ca695b7d24aa864a221ce4a3ae7559b56c5
independent,20,CRC_003_bin20,166279,all_spots_in_section,/home/hujinlan/spa_mo_model/results/crc_stereocite_preprocessing_comparison/raw_embedding/clustering/independent_k20/spatial_CRC_003_bin20.png,583de411b55a5984b3d83873c8e84755841c1dc70f1cd3399a535e6edfc7cf14,/home/hujinlan/spa_mo_model/results/crc_stereocite_preprocessing_comparison/raw_embedding/clustering/independent_k20/labels_CRC_003_bin20.csv,c90a577182bc0946863571ed20479b2314c6b4ba6d5a77c8eef91fa0f6dd5a15,/home/hujinlan/spa_mo_model/results/crc_stereocite_preprocessing_comparison/shared_metrics/plot_sample.csv,8d8f1f6f71c8488320f869df16cf9ca695b7d24aa864a221ce4a3ae7559b56c5
independent,20,CRC_006_bin20,446095,all_spots_in_section,/home/hujinlan/spa_mo_model/results/crc_stereocite_preprocessing_comparison/raw_embedding/clustering/independent_k20/spatial_CRC_006_bin20.png,8282666702d9c932d8cba76e0ff9abea6c101b423484a5a4ae41167b90fdf917,/home/hujinlan/spa_mo_model/results/crc_stereocite_preprocessing_comparison/raw_embedding/clustering/independent_k20/labels_CRC_006_bin20.csv,b8a8b11084adcc675ece40c7e16fd2670b9e452f6a606cc9e3fc15a0a6260fd6,/home/hujinlan/spa_mo_model/results/crc_stereocite_preprocessing_comparison/shared_metrics/plot_sample.csv,8d8f1f6f71c8488320f869df16cf9ca695b7d24aa864a221ce4a3ae7559b56c5
independent,25,CRC_003_bin20,166279,all_spots_in_section,/home/hujinlan/spa_mo_model/results/crc_stereocite_preprocessing_comparison/raw_embedding/clustering/independent_k25/spatial_CRC_003_bin20.png,71b1f789683c069b2852901718d0c079867a56e431c17398c32f2f40b8786618,/home/hujinlan/spa_mo_model/results/crc_stereocite_preprocessing_comparison/raw_embedding/clustering/independent_k25/labels_CRC_003_bin20.csv,602e3ae027bc0838eafdf47bcc678b1d7e133ad8a86b1a4084976f9c1f3a081d,/home/hujinlan/spa_mo_model/results/crc_stereocite_preprocessing_comparison/shared_metrics/plot_sample.csv,8d8f1f6f71c8488320f869df16cf9ca695b7d24aa864a221ce4a3ae7559b56c5
independent,25,CRC_006_bin20,446095,all_spots_in_section,/home/hujinlan/spa_mo_model/results/crc_stereocite_preprocessing_comparison/raw_embedding/clustering/independent_k25/spatial_CRC_006_bin20.png,7f8828465446af5182907b9f2a63ae45884a5d4b14614f2ea2994840b9706fd0,/home/hujinlan/spa_mo_model/results/crc_stereocite_preprocessing_comparison/raw_embedding/clustering/independent_k25/labels_CRC_006_bin20.csv,e5c2d2937261e643737f6f6355eeb8efb18ceedc1b2c7c7f2175362869230ab3,/home/hujinlan/spa_mo_model/results/crc_stereocite_preprocessing_comparison/shared_metrics/plot_sample.csv,8d8f1f6f71c8488320f869df16cf9ca695b7d24aa864a221ce4a3ae7559b56c5
