mode,scope,label,n_obs_labeled,n_label_classes,k,ari,nmi,homogeneity,completeness,v_measure,label_asw,label_asw_scaled
joint,combined,Y,7118,14,2,0.12773245057025093,0.19002522436585614,0.12377451537377694,0.4088790630197324,0.19002522436585617,-0.009248405694961548,0.4953757971525192
joint,combined,Combined_Clusters_annotation,7118,16,2,0.1635801535190003,0.24905091991477069,0.16370633762607537,0.5202948020512685,0.24905091991477069,0.00605687266215682,0.5030284363310784
joint,combined,Combined_Clusters,7118,16,2,0.1635801535190003,0.24905091991477066,0.16370633762607534,0.5202948020512684,0.2490509199147706,0.00605687266215682,0.5030284363310784
joint,combined,RNA_Clusters,7118,13,2,0.13466353899706376,0.23279139633708956,0.15216874756990348,0.4951153985815718,0.2327913963370896,0.02878217212855816,0.5143910860642791
joint,combined,ATAC_Clusters,7118,13,2,0.16074145535135947,0.242813886875648,0.16211600113181293,0.4834798272101115,0.242813886875648,0.025749409571290016,0.512874704785645
joint,combined,Y,7118,14,3,0.18202687267000253,0.2554316477884628,0.18799516314572157,0.398311551643173,0.2554316477884628,-0.009248405694961548,0.4953757971525192
joint,combined,Combined_Clusters_annotation,7118,16,3,0.18693785398391444,0.28437890818299844,0.21194372511246745,0.43203322364019175,0.28437890818299844,0.00605687266215682,0.5030284363310784
joint,combined,Combined_Clusters,7118,16,3,0.18693785398391444,0.2843789081829984,0.21194372511246742,0.4320332236401917,0.2843789081829984,0.00605687266215682,0.5030284363310784
joint,combined,RNA_Clusters,7118,13,3,0.17987614404053678,0.291320648259333,0.21545908562961658,0.44963319656487,0.29132064825933307,0.02878217212855816,0.5143910860642791
joint,combined,ATAC_Clusters,7118,13,3,0.1802328498871682,0.2727139582191509,0.20764430231271472,0.39717790654019614,0.2727139582191509,0.025749409571290016,0.512874704785645
joint,combined,Y,7118,14,4,0.20357167880094937,0.285620058825788,0.22383808935467564,0.3945093113106115,0.285620058825788,-0.009248405694961548,0.4953757971525192
joint,combined,Combined_Clusters_annotation,7118,16,4,0.25821458322111707,0.3598941645968846,0.2860680459823937,0.4850795585183063,0.3598941645968846,0.00605687266215682,0.5030284363310784
joint,combined,Combined_Clusters,7118,16,4,0.25821458322111707,0.3598941645968846,0.2860680459823937,0.4850795585183063,0.3598941645968846,0.00605687266215682,0.5030284363310784
joint,combined,RNA_Clusters,7118,13,4,0.23919874846154204,0.35674103279993286,0.2811206682846791,0.4880152277429608,0.3567410327999328,0.02878217212855816,0.5143910860642791
joint,combined,ATAC_Clusters,7118,13,4,0.24995638106500553,0.3481201041584121,0.28345241509275065,0.4510163303347975,0.3481201041584121,0.025749409571290016,0.512874704785645
joint,combined,Y,7118,14,5,0.22702526116053515,0.31355027366489163,0.26107043280870956,0.392437189456812,0.31355027366489163,-0.009248405694961548,0.4953757971525192
joint,combined,Combined_Clusters_annotation,7118,16,5,0.29101481321665473,0.3877763258110029,0.3279541073218331,0.47429210798292715,0.3877763258110029,0.00605687266215682,0.5030284363310784
joint,combined,Combined_Clusters,7118,16,5,0.29101481321665473,0.3877763258110028,0.32795410732183305,0.4742921079829271,0.3877763258110028,0.00605687266215682,0.5030284363310784
joint,combined,RNA_Clusters,7118,13,5,0.2698169706065347,0.3780319798545742,0.3166800782935414,0.4688679428562527,0.37803197985457426,0.02878217212855816,0.5143910860642791
joint,combined,ATAC_Clusters,7118,13,5,0.2883635901552758,0.37405950000623894,0.32484884326593,0.4408416606614266,0.37405950000623894,0.025749409571290016,0.512874704785645
joint,combined,Y,7118,14,6,0.24012066179862748,0.32996258564873887,0.2907552407571818,0.3813919838248655,0.3299625856487389,-0.009248405694961548,0.4953757971525192
joint,combined,Combined_Clusters_annotation,7118,16,6,0.2383178044143631,0.3717884369235078,0.3331938014715632,0.42049542880737334,0.3717884369235078,0.00605687266215682,0.5030284363310784
joint,combined,Combined_Clusters,7118,16,6,0.2383178044143631,0.37178843692350777,0.33319380147156313,0.4204954288073733,0.3717884369235078,0.00605687266215682,0.5030284363310784
joint,combined,RNA_Clusters,7118,13,6,0.29085225555357724,0.3992126675171757,0.35410081819382444,0.45749701912636637,0.3992126675171756,0.02878217212855816,0.5143910860642791
joint,combined,ATAC_Clusters,7118,13,6,0.24957431622596,0.35947801296650655,0.3315172386367783,0.39258975585098244,0.35947801296650655,0.025749409571290016,0.512874704785645
joint,combined,Y,7118,14,7,0.2504857985683469,0.3479501767368724,0.31969970335545655,0.3816773449535785,0.34795017673687234,-0.009248405694961548,0.4953757971525192
joint,combined,Combined_Clusters_annotation,7118,16,7,0.23720292209797117,0.38183908710439013,0.3571367128517521,0.41021260613881466,0.3818390871043902,0.00605687266215682,0.5030284363310784
joint,combined,Combined_Clusters,7118,16,7,0.23720292209797117,0.3818390871043902,0.35713671285175214,0.4102126061388147,0.38183908710439013,0.00605687266215682,0.5030284363310784
joint,combined,RNA_Clusters,7118,13,7,0.27912737449109504,0.4057043886270273,0.3753597936847993,0.4413866872157252,0.4057043886270273,0.02878217212855816,0.5143910860642791
joint,combined,ATAC_Clusters,7118,13,7,0.23589487291162153,0.36327428534467265,0.35016111006031186,0.3774078221165036,0.3632742853446726,0.025749409571290016,0.512874704785645
joint,combined,Y,7118,14,8,0.25694866388997784,0.3677861449382418,0.3492264199346235,0.38842931770052735,0.36778614493824185,-0.009248405694961548,0.4953757971525192
joint,combined,Combined_Clusters_annotation,7118,16,8,0.2390587791328488,0.3966499447116927,0.3836577079016115,0.4105529662076641,0.39664994471169274,0.00605687266215682,0.5030284363310784
joint,combined,Combined_Clusters,7118,16,8,0.2390587791328488,0.39664994471169274,0.3836577079016115,0.4105529662076642,0.39664994471169274,0.00605687266215682,0.5030284363310784
joint,combined,RNA_Clusters,7118,13,8,0.2879610695554058,0.42493893338309985,0.406412546743646,0.44523505061475804,0.42493893338309985,0.02878217212855816,0.5143910860642791
joint,combined,ATAC_Clusters,7118,13,8,0.22657346375261364,0.3797584049046599,0.37897577244403013,0.380544276522766,0.37975840490465995,0.025749409571290016,0.512874704785645
joint,combined,Y,7118,14,9,0.26089004754159467,0.36575152139707007,0.3551065587199813,0.37705441071502876,0.36575152139707007,-0.009248405694961548,0.4953757971525192
joint,combined,Combined_Clusters_annotation,7118,16,9,0.24363453476014707,0.39857065016771687,0.3943639256341105,0.4028680895785662,0.3985706501677169,0.00605687266215682,0.5030284363310784
joint,combined,Combined_Clusters,7118,16,9,0.24363453476014707,0.39857065016771687,0.3943639256341105,0.4028680895785662,0.3985706501677169,0.00605687266215682,0.5030284363310784
joint,combined,RNA_Clusters,7118,13,9,0.2912422813028144,0.42395289655726687,0.41466300747007157,0.4336685762819699,0.4239528965572668,0.02878217212855816,0.5143910860642791
joint,combined,ATAC_Clusters,7118,13,9,0.22969601140694154,0.3838201741159042,0.3921098842486757,0.3758737175480696,0.3838201741159042,0.025749409571290016,0.512874704785645
joint,combined,Y,7118,14,10,0.2721846452194176,0.384057551332588,0.3802218735589718,0.38797140638341454,0.38405755133258807,-0.009248405694961548,0.4953757971525192
joint,combined,Combined_Clusters_annotation,7118,16,10,0.25783827568300255,0.42119385249128344,0.4251175496257562,0.4173419218795836,0.42119385249128344,0.00605687266215682,0.5030284363310784
joint,combined,Combined_Clusters,7118,16,10,0.25783827568300255,0.42119385249128344,0.4251175496257562,0.4173419218795836,0.42119385249128344,0.00605687266215682,0.5030284363310784
joint,combined,RNA_Clusters,7118,13,10,0.30670190254901897,0.4469251855859493,0.4458063205521359,0.4480496809066005,0.4469251855859493,0.02878217212855816,0.5143910860642791
joint,combined,ATAC_Clusters,7118,13,10,0.24463752618747547,0.4068953961028259,0.42429969026973496,0.3908626515081247,0.4068953961028258,0.025749409571290016,0.512874704785645
joint,combined,Y,7118,14,11,0.27939693391175835,0.3962514437958565,0.39974686969624207,0.3928166167084353,0.3962514437958566,-0.009248405694961548,0.4953757971525192
joint,combined,Combined_Clusters_annotation,7118,16,11,0.2648163020005153,0.44221351899154293,0.45497803499865785,0.43014568054153945,0.4422135189915429,0.00605687266215682,0.5030284363310784
joint,combined,Combined_Clusters,7118,16,11,0.2648163020005153,0.44221351899154276,0.4549780349986577,0.4301456805415393,0.44221351899154276,0.00605687266215682,0.5030284363310784
joint,combined,RNA_Clusters,7118,13,11,0.31093392820581967,0.4629406704376764,0.4706219029495317,0.45550614896962077,0.4629406704376764,0.02878217212855816,0.5143910860642791
joint,combined,ATAC_Clusters,7118,13,11,0.2570940907431303,0.4313594544164776,0.4587969404135037,0.407018481528959,0.43135945441647766,0.025749409571290016,0.512874704785645
joint,combined,Y,7118,14,12,0.2840102656952227,0.40408344382569816,0.412646523683579,0.39586853426610086,0.4040834438256982,-0.009248405694961548,0.4953757971525192
joint,combined,Combined_Clusters_annotation,7118,16,12,0.26999431928686607,0.452814182780508,0.47170671221016125,0.4353767215122211,0.45281418278050795,0.00605687266215682,0.5030284363310784
joint,combined,Combined_Clusters,7118,16,12,0.26999431928686607,0.45281418278050806,0.47170671221016136,0.43537672151222123,0.4528141827805081,0.00605687266215682,0.5030284363310784
joint,combined,RNA_Clusters,7118,13,12,0.30534804075494193,0.4613017061130627,0.4747492591783324,0.44859498821470933,0.4613017061130627,0.02878217212855816,0.5143910860642791
joint,combined,ATAC_Clusters,7118,13,12,0.25953239515093374,0.43960304108712345,0.4735883397733016,0.41016880825335744,0.4396030410871235,0.025749409571290016,0.512874704785645
joint,combined,Y,7118,14,13,0.2604111935174802,0.40204911232116836,0.41851527690086615,0.38682959667914857,0.40204911232116836,-0.009248405694961548,0.4953757971525192
joint,combined,Combined_Clusters_annotation,7118,16,13,0.25404203609088133,0.4496159222583056,0.4776113847659995,0.42472067852828754,0.4496159222583056,0.00605687266215682,0.5030284363310784
joint,combined,Combined_Clusters,7118,16,13,0.25404203609088133,0.4496159222583056,0.4776113847659995,0.42472067852828754,0.4496159222583056,0.00605687266215682,0.5030284363310784
joint,combined,RNA_Clusters,7118,13,13,0.30243532610575097,0.4638287377336367,0.48665718683413106,0.44304603065834336,0.4638287377336367,0.02878217212855816,0.5143910860642791
joint,combined,ATAC_Clusters,7118,13,13,0.24791217246565803,0.4333025537905014,0.47628675462832204,0.3974346435990834,0.43330255379050153,0.025749409571290016,0.512874704785645
joint,combined,Y,7118,14,14,0.27771590783061867,0.4064131084062243,0.4287326805807098,0.3863024302080314,0.4064131084062243,-0.009248405694961548,0.4953757971525192
joint,combined,Combined_Clusters_annotation,7118,16,14,0.25579019923386037,0.45109530527792957,0.48572956673934187,0.4210714029612913,0.45109530527792957,0.00605687266215682,0.5030284363310784
joint,combined,Combined_Clusters,7118,16,14,0.25579019923386037,0.45109530527792957,0.48572956673934187,0.4210714029612913,0.45109530527792957,0.00605687266215682,0.5030284363310784
joint,combined,RNA_Clusters,7118,13,14,0.28863396661642426,0.45390348677189335,0.48267801276211303,0.42836669364338414,0.4539034867718934,0.02878217212855816,0.5143910860642791
joint,combined,ATAC_Clusters,7118,13,14,0.2408005081274823,0.4354245475192007,0.48535363193524406,0.39480984368924144,0.43542454751920073,0.025749409571290016,0.512874704785645
joint,combined,Y,7118,14,15,0.2772476935936162,0.4048395360009231,0.42969911296788454,0.38269907355387045,0.4048395360009231,-0.009248405694961548,0.4953757971525192
joint,combined,Combined_Clusters_annotation,7118,16,15,0.25948447854459217,0.4582719694287282,0.49654742828699416,0.4254749999396463,0.4582719694287283,0.00605687266215682,0.5030284363310784
joint,combined,Combined_Clusters,7118,16,15,0.25948447854459217,0.4582719694287282,0.49654742828699416,0.4254749999396463,0.4582719694287283,0.00605687266215682,0.5030284363310784
joint,combined,RNA_Clusters,7118,13,15,0.29434061547576296,0.45425110450936773,0.4860396590444573,0.4263654358075744,0.45425110450936773,0.02878217212855816,0.5143910860642791
joint,combined,ATAC_Clusters,7118,13,15,0.24337017330875382,0.4405111022185589,0.49418900388431697,0.39735151110614897,0.4405111022185588,0.025749409571290016,0.512874704785645
joint,combined,Y,7118,14,16,0.2618310760919531,0.4146285825055247,0.4474913578227441,0.38626233142758093,0.41462858250552465,-0.009248405694961548,0.4953757971525192
joint,combined,Combined_Clusters_annotation,7118,16,16,0.24916091868481668,0.4631447260902166,0.510421089942089,0.4238836564228515,0.46314472609021656,0.00605687266215682,0.5030284363310784
joint,combined,Combined_Clusters,7118,16,16,0.24916091868481668,0.4631447260902166,0.510421089942089,0.4238836564228515,0.46314472609021656,0.00605687266215682,0.5030284363310784
joint,combined,RNA_Clusters,7118,13,16,0.2908151117077969,0.46367963592864825,0.5045321919665003,0.42894727793789134,0.4636796359286483,0.02878217212855816,0.5143910860642791
joint,combined,ATAC_Clusters,7118,13,16,0.24136459378200759,0.4459525889896919,0.509112063660781,0.3967344654903069,0.4459525889896919,0.025749409571290016,0.512874704785645
independent,dataset1,Y,2129,14,2,0.1945443861899428,0.3050164422714763,0.19993551629150977,0.6429169074754388,0.30501644227147634,0.02981637418270111,0.5149081870913506
independent,dataset1,Combined_Clusters_annotation,2129,14,2,0.1945443861899428,0.30501644227147623,0.1999355162915097,0.6429169074754388,0.3050164422714763,0.02981637418270111,0.5149081870913506
independent,dataset1,Combined_Clusters,2129,14,2,0.1945443861899428,0.3050164422714763,0.19993551629150977,0.6429169074754388,0.30501644227147634,0.02981637418270111,0.5149081870913506
independent,dataset1,RNA_Clusters,2129,13,2,0.2033123420017127,0.29425616050195985,0.1959922915527861,0.5901245273774817,0.29425616050195985,0.0099099762737751,0.5049549881368876
independent,dataset1,ATAC_Clusters,2129,10,2,0.23063175762962182,0.3227545907256091,0.21924507412944785,0.6114141209273897,0.32275459072560914,0.04237101972103119,0.5211855098605156
independent,dataset2,Y,1949,12,2,0.26722716574735483,0.3612987696108757,0.239809804240557,0.7322715765036033,0.36129876961087576,0.09271403402090073,0.5463570170104504
independent,dataset2,Combined_Clusters_annotation,1949,12,2,0.26722716574735483,0.3612987696108757,0.23980980424055698,0.7322715765036034,0.3612987696108757,0.09271403402090073,0.5463570170104504
independent,dataset2,Combined_Clusters,1949,12,2,0.26722716574735483,0.3612987696108757,0.239809804240557,0.7322715765036033,0.36129876961087576,0.09271403402090073,0.5463570170104504
independent,dataset2,RNA_Clusters,1949,11,2,0.4243351067350656,0.430074783169058,0.30651159411309914,0.7205469068496176,0.4300747831690579,0.09710429608821869,0.5485521480441093
independent,dataset2,ATAC_Clusters,1949,9,2,0.39462402656384893,0.4077465328378825,0.28594400241420814,0.7103182039022073,0.4077465328378824,0.1238599345088005,0.5619299672544003
independent,dataset3,Y,1777,12,2,0.21588230079608445,0.25668643185709994,0.18110092337613223,0.44056264076326684,0.2566864318570999,-0.012990688905119896,0.49350465554744005
independent,dataset3,Combined_Clusters_annotation,1777,12,2,0.21588230079608445,0.2566864318570999,0.18110092337613218,0.44056264076326673,0.25668643185709983,-0.012990688905119896,0.49350465554744005
independent,dataset3,Combined_Clusters,1777,12,2,0.21588230079608445,0.2566864318570999,0.18110092337613218,0.44056264076326673,0.25668643185709983,-0.012990688905119896,0.49350465554744005
independent,dataset3,RNA_Clusters,1777,11,2,0.13964816819766224,0.20094729688816443,0.14180588834739374,0.3447128683673224,0.20094729688816446,-0.0004067536210641265,0.49979662318946794
independent,dataset3,ATAC_Clusters,1777,11,2,0.1515280163783648,0.23823640179574918,0.1615190556331332,0.45376111962534454,0.23823640179574915,0.015568196773529053,0.5077840983867645
independent,dataset4,Y,1263,8,2,0.31345219559164883,0.3815175710520432,0.2763639335842294,0.6158373594293087,0.38151757105204326,0.052194010466337204,0.5260970052331686
independent,dataset4,Combined_Clusters_annotation,1263,8,2,0.31345219559164883,0.3815175710520432,0.2763639335842294,0.6158373594293087,0.38151757105204326,0.052194010466337204,0.5260970052331686
independent,dataset4,Combined_Clusters,1263,8,2,0.31345219559164883,0.3815175710520432,0.2763639335842294,0.6158373594293087,0.38151757105204326,0.052194010466337204,0.5260970052331686
independent,dataset4,RNA_Clusters,1263,12,2,0.24419584005205722,0.3441636539948635,0.23499761461199126,0.6427451740763354,0.3441636539948634,0.027149584144353867,0.5135747920721769
independent,dataset4,ATAC_Clusters,1263,8,2,0.33003755854916755,0.39677679412063516,0.2836598694752512,0.6599490453465958,0.3967767941206352,-0.02382189780473709,0.48808905109763145
independent,dataset1,Y,2129,14,3,0.34106565934787547,0.44415629255242867,0.328270075979526,0.6865080063538169,0.44415629255242867,0.02981637418270111,0.5149081870913506
independent,dataset1,Combined_Clusters_annotation,2129,14,3,0.34106565934787547,0.4441562925524284,0.3282700759795258,0.6865080063538166,0.44415629255242844,0.02981637418270111,0.5149081870913506
independent,dataset1,Combined_Clusters,2129,14,3,0.34106565934787547,0.44415629255242867,0.328270075979526,0.6865080063538169,0.44415629255242867,0.02981637418270111,0.5149081870913506
independent,dataset1,RNA_Clusters,2129,13,3,0.339463916961412,0.4220826724493739,0.3188151969830044,0.6242996651192849,0.4220826724493739,0.0099099762737751,0.5049549881368876
independent,dataset1,ATAC_Clusters,2129,10,3,0.38498808686651004,0.45558390087649336,0.35339012886161997,0.6409282979221228,0.4555839008764933,0.04237101972103119,0.5211855098605156
independent,dataset2,Y,1949,12,3,0.4218125416332656,0.46621041129316076,0.3566431218687943,0.6729542702996861,0.46621041129316076,0.09271403402090073,0.5463570170104504
independent,dataset2,Combined_Clusters_annotation,1949,12,3,0.4218125416332656,0.4662104112931609,0.3566431218687943,0.6729542702996864,0.4662104112931609,0.09271403402090073,0.5463570170104504
independent,dataset2,Combined_Clusters,1949,12,3,0.4218125416332656,0.46621041129316093,0.35664312186879443,0.6729542702996864,0.46621041129316093,0.09271403402090073,0.5463570170104504
independent,dataset2,RNA_Clusters,1949,11,3,0.5376170260585498,0.4961360304506916,0.41883698660148455,0.6084246987723718,0.49613603045069166,0.09710429608821869,0.5485521480441093
independent,dataset2,ATAC_Clusters,1949,9,3,0.514889456316299,0.4899757045689212,0.404585372577693,0.6210528917454636,0.4899757045689212,0.1238599345088005,0.5619299672544003
independent,dataset3,Y,1777,12,3,0.3017776229369613,0.30990498513837605,0.2555630994648729,0.3935980558376674,0.30990498513837605,-0.012990688905119896,0.49350465554744005
independent,dataset3,Combined_Clusters_annotation,1777,12,3,0.3017776229369613,0.30990498513837605,0.2555630994648729,0.3935980558376674,0.30990498513837605,-0.012990688905119896,0.49350465554744005
independent,dataset3,Combined_Clusters,1777,12,3,0.3017776229369613,0.30990498513837605,0.2555630994648729,0.3935980558376674,0.30990498513837605,-0.012990688905119896,0.49350465554744005
independent,dataset3,RNA_Clusters,1777,11,3,0.20016823937478362,0.21415200291998185,0.1766522674931023,0.2718630868031977,0.21415200291998188,-0.0004067536210641265,0.49979662318946794
independent,dataset3,ATAC_Clusters,1777,11,3,0.20000937892340157,0.27901416795065764,0.21794480212978637,0.3876303968051963,0.27901416795065764,0.015568196773529053,0.5077840983867645
independent,dataset4,Y,1263,8,3,0.5401018427898873,0.4973825622554805,0.43496569541419666,0.5807140849350665,0.49738256225548044,0.052194010466337204,0.5260970052331686
independent,dataset4,Combined_Clusters_annotation,1263,8,3,0.5401018427898873,0.4973825622554805,0.43496569541419666,0.5807140849350665,0.49738256225548044,0.052194010466337204,0.5260970052331686
independent,dataset4,Combined_Clusters,1263,8,3,0.5401018427898873,0.4973825622554805,0.43496569541419666,0.5807140849350665,0.49738256225548044,0.052194010466337204,0.5260970052331686
independent,dataset4,RNA_Clusters,1263,12,3,0.46185200517205505,0.4925887220172838,0.39659347173281684,0.6498956329814254,0.4925887220172838,0.027149584144353867,0.5135747920721769
independent,dataset4,ATAC_Clusters,1263,8,3,0.509583219252847,0.47032329063797507,0.4038679437895024,0.5629561611757762,0.47032329063797507,-0.02382189780473709,0.48808905109763145
independent,dataset1,Y,2129,14,4,0.41145052878092964,0.5184079183499889,0.4112484048943574,0.701092461804038,0.5184079183499888,0.02981637418270111,0.5149081870913506
independent,dataset1,Combined_Clusters_annotation,2129,14,4,0.41145052878092964,0.5184079183499887,0.4112484048943572,0.7010924618040378,0.5184079183499888,0.02981637418270111,0.5149081870913506
independent,dataset1,Combined_Clusters,2129,14,4,0.41145052878092964,0.5184079183499889,0.4112484048943574,0.701092461804038,0.5184079183499888,0.02981637418270111,0.5149081870913506
independent,dataset1,RNA_Clusters,2129,13,4,0.4141510452188603,0.4794688567295643,0.3899170081672565,0.6224192658404663,0.47946885672956435,0.0099099762737751,0.5049549881368876
independent,dataset1,ATAC_Clusters,2129,10,4,0.4784153196042136,0.5341857902338638,0.4477481267570757,0.6619810695377387,0.5341857902338637,0.04237101972103119,0.5211855098605156
independent,dataset2,Y,1949,12,4,0.465444825221508,0.5020065798632327,0.4102510884644904,0.6466298049411111,0.5020065798632327,0.09271403402090073,0.5463570170104504
independent,dataset2,Combined_Clusters_annotation,1949,12,4,0.465444825221508,0.5020065798632327,0.4102510884644903,0.6466298049411112,0.5020065798632327,0.09271403402090073,0.5463570170104504
independent,dataset2,Combined_Clusters,1949,12,4,0.465444825221508,0.5020065798632327,0.4102510884644904,0.6466298049411111,0.5020065798632327,0.09271403402090073,0.5463570170104504
independent,dataset2,RNA_Clusters,1949,11,4,0.5872565462054049,0.49702890399433475,0.45331709838445916,0.5500702860690685,0.4970289039943347,0.09710429608821869,0.5485521480441093
independent,dataset2,ATAC_Clusters,1949,9,4,0.5675068626835056,0.5319985863623323,0.473446597397649,0.6070768706417176,0.5319985863623323,0.1238599345088005,0.5619299672544003
independent,dataset3,Y,1777,12,4,0.25362751595058064,0.3060457685284465,0.2766892059223227,0.34237114654439477,0.3060457685284465,-0.012990688905119896,0.49350465554744005
independent,dataset3,Combined_Clusters_annotation,1777,12,4,0.25362751595058064,0.3060457685284465,0.2766892059223227,0.34237114654439477,0.3060457685284465,-0.012990688905119896,0.49350465554744005
independent,dataset3,Combined_Clusters,1777,12,4,0.25362751595058064,0.3060457685284465,0.2766892059223227,0.34237114654439477,0.3060457685284465,-0.012990688905119896,0.49350465554744005
independent,dataset3,RNA_Clusters,1777,11,4,0.16575870660629025,0.245792521570869,0.22228964997588155,0.27485295567287643,0.245792521570869,-0.0004067536210641265,0.49979662318946794
independent,dataset3,ATAC_Clusters,1777,11,4,0.21372203505870577,0.3025638572192556,0.25715014592471264,0.36745844035473996,0.3025638572192556,0.015568196773529053,0.5077840983867645
independent,dataset4,Y,1263,8,4,0.586020246149359,0.5562785228946182,0.5235183603259644,0.5934124412412872,0.5562785228946183,0.052194010466337204,0.5260970052331686
independent,dataset4,Combined_Clusters_annotation,1263,8,4,0.586020246149359,0.5562785228946182,0.5235183603259644,0.5934124412412872,0.5562785228946183,0.052194010466337204,0.5260970052331686
independent,dataset4,Combined_Clusters,1263,8,4,0.586020246149359,0.5562785228946184,0.5235183603259647,0.5934124412412874,0.5562785228946185,0.052194010466337204,0.5260970052331686
independent,dataset4,RNA_Clusters,1263,12,4,0.5156565344860189,0.5478637046965259,0.4708234122865532,0.6550485429492677,0.547863704696526,0.027149584144353867,0.5135747920721769
independent,dataset4,ATAC_Clusters,1263,8,4,0.49403544495209717,0.45968915325128645,0.42405909430354166,0.5018558043951162,0.45968915325128645,-0.02382189780473709,0.48808905109763145
independent,dataset1,Y,2129,14,5,0.4861923122205845,0.5373593837943044,0.459115543012975,0.6477510506511479,0.5373593837943044,0.02981637418270111,0.5149081870913506
independent,dataset1,Combined_Clusters_annotation,2129,14,5,0.4861923122205845,0.5373593837943041,0.45911554301297486,0.6477510506511478,0.5373593837943041,0.02981637418270111,0.5149081870913506
independent,dataset1,Combined_Clusters,2129,14,5,0.4861923122205845,0.5373593837943043,0.4591155430129749,0.6477510506511477,0.5373593837943041,0.02981637418270111,0.5149081870913506
independent,dataset1,RNA_Clusters,2129,13,5,0.44634953645155284,0.4675113504494995,0.4106998448128386,0.5425633393991612,0.46751135044949943,0.0099099762737751,0.5049549881368876
independent,dataset1,ATAC_Clusters,2129,10,5,0.4184328658331667,0.5314437966112945,0.4828922298887197,0.5908497678652495,0.5314437966112945,0.04237101972103119,0.5211855098605156
independent,dataset2,Y,1949,12,5,0.4936341699562633,0.5261761936437201,0.4478133021346644,0.6377816670476593,0.5261761936437201,0.09271403402090073,0.5463570170104504
independent,dataset2,Combined_Clusters_annotation,1949,12,5,0.4936341699562633,0.52617619364372,0.4478133021346643,0.6377816670476593,0.52617619364372,0.09271403402090073,0.5463570170104504
independent,dataset2,Combined_Clusters,1949,12,5,0.4936341699562633,0.5261761936437203,0.4478133021346645,0.6377816670476594,0.5261761936437203,0.09271403402090073,0.5463570170104504
independent,dataset2,RNA_Clusters,1949,11,5,0.6107765695710503,0.5366358277985234,0.5130351272235348,0.5625125965751067,0.5366358277985234,0.09710429608821869,0.5485521480441093
independent,dataset2,ATAC_Clusters,1949,9,5,0.5700585244735159,0.5510108970361394,0.5132926305720237,0.5947121084713394,0.5510108970361393,0.1238599345088005,0.5619299672544003
independent,dataset3,Y,1777,12,5,0.31567893085831694,0.3386845931997366,0.3304053794130692,0.347389387943431,0.33868459319973665,-0.012990688905119896,0.49350465554744005
independent,dataset3,Combined_Clusters_annotation,1777,12,5,0.31567893085831694,0.33868459319973654,0.33040537941306913,0.3473893879434309,0.33868459319973654,-0.012990688905119896,0.49350465554744005
independent,dataset3,Combined_Clusters,1777,12,5,0.31567893085831694,0.3386845931997366,0.3304053794130692,0.347389387943431,0.33868459319973665,-0.012990688905119896,0.49350465554744005
independent,dataset3,RNA_Clusters,1777,11,5,0.19700208771070005,0.2782538970972503,0.2715506102804615,0.2852965043463582,0.2782538970972503,-0.0004067536210641265,0.49979662318946794
independent,dataset3,ATAC_Clusters,1777,11,5,0.2226980995013971,0.3054314101184085,0.27849169715092836,0.3381412873493592,0.3054314101184085,0.015568196773529053,0.5077840983867645
independent,dataset4,Y,1263,8,5,0.5252143798559045,0.5365284719234448,0.5544588419926632,0.5197214569561195,0.5365284719234448,0.052194010466337204,0.5260970052331686
independent,dataset4,Combined_Clusters_annotation,1263,8,5,0.5252143798559045,0.5365284719234448,0.5544588419926632,0.5197214569561195,0.5365284719234448,0.052194010466337204,0.5260970052331686
independent,dataset4,Combined_Clusters,1263,8,5,0.5252143798559045,0.5365284719234448,0.5544588419926632,0.5197214569561195,0.5365284719234448,0.052194010466337204,0.5260970052331686
independent,dataset4,RNA_Clusters,1263,12,5,0.48534589161246267,0.5228275087978147,0.4886284392029816,0.562174028972969,0.5228275087978147,0.027149584144353867,0.5135747920721769
independent,dataset4,ATAC_Clusters,1263,8,5,0.44927577034346433,0.4421235504370517,0.4469452601597059,0.4374047649483475,0.4421235504370517,-0.02382189780473709,0.48808905109763145
independent,dataset1,Y,2129,14,6,0.5199594268914676,0.57209005370227,0.5069037594641916,0.6565160352563939,0.57209005370227,0.02981637418270111,0.5149081870913506
independent,dataset1,Combined_Clusters_annotation,2129,14,6,0.5199594268914676,0.5720900537022701,0.5069037594641916,0.6565160352563941,0.5720900537022701,0.02981637418270111,0.5149081870913506
independent,dataset1,Combined_Clusters,2129,14,6,0.5199594268914676,0.57209005370227,0.5069037594641916,0.6565160352563939,0.57209005370227,0.02981637418270111,0.5149081870913506
independent,dataset1,RNA_Clusters,2129,13,6,0.4450691437255205,0.4742426325946211,0.4326502333314595,0.5246824581244773,0.47424263259462124,0.0099099762737751,0.5049549881368876
independent,dataset1,ATAC_Clusters,2129,10,6,0.45459653861509985,0.5704149237087405,0.5391294654461491,0.6055550297956844,0.5704149237087405,0.04237101972103119,0.5211855098605156
independent,dataset2,Y,1949,12,6,0.4956525510762243,0.5495437127733908,0.47497512526930935,0.6518864433940569,0.5495437127733908,0.09271403402090073,0.5463570170104504
independent,dataset2,Combined_Clusters_annotation,1949,12,6,0.4956525510762243,0.5495437127733906,0.4749751252693093,0.651886443394057,0.5495437127733908,0.09271403402090073,0.5463570170104504
independent,dataset2,Combined_Clusters,1949,12,6,0.4956525510762243,0.5495437127733909,0.4749751252693094,0.651886443394057,0.5495437127733906,0.09271403402090073,0.5463570170104504
independent,dataset2,RNA_Clusters,1949,11,6,0.5833104285637835,0.5177452971642487,0.503877663933445,0.5323978582102985,0.5177452971642486,0.09710429608821869,0.5485521480441093
independent,dataset2,ATAC_Clusters,1949,9,6,0.5833789294879669,0.5823942072900399,0.5520041116433538,0.6163254574498003,0.5823942072900399,0.1238599345088005,0.5619299672544003
independent,dataset3,Y,1777,12,6,0.32887380906177877,0.4028053857402502,0.41104153239524494,0.39489281515482466,0.40280538574025027,-0.012990688905119896,0.49350465554744005
independent,dataset3,Combined_Clusters_annotation,1777,12,6,0.32887380906177877,0.4028053857402503,0.4110415323952451,0.39489281515482483,0.4028053857402504,-0.012990688905119896,0.49350465554744005
independent,dataset3,Combined_Clusters,1777,12,6,0.32887380906177877,0.40280538574025027,0.41104153239524505,0.3948928151548247,0.40280538574025027,-0.012990688905119896,0.49350465554744005
independent,dataset3,RNA_Clusters,1777,11,6,0.21377053058906786,0.3292511981417931,0.3361111815643846,0.3226656364628489,0.32925119814179304,-0.0004067536210641265,0.49979662318946794
independent,dataset3,ATAC_Clusters,1777,11,6,0.2658488180291446,0.365943313756312,0.34789183026255893,0.3859706383472347,0.365943313756312,0.015568196773529053,0.5077840983867645
independent,dataset4,Y,1263,8,6,0.5429301344891011,0.5685256358412537,0.6113685520851067,0.5312941023417793,0.5685256358412537,0.052194010466337204,0.5260970052331686
independent,dataset4,Combined_Clusters_annotation,1263,8,6,0.5429301344891011,0.5685256358412537,0.6113685520851067,0.5312941023417793,0.5685256358412537,0.052194010466337204,0.5260970052331686
independent,dataset4,Combined_Clusters,1263,8,6,0.5429301344891011,0.5685256358412538,0.6113685520851067,0.5312941023417793,0.5685256358412537,0.052194010466337204,0.5260970052331686
independent,dataset4,RNA_Clusters,1263,12,6,0.5077476007071686,0.5440875042995919,0.5270883635294179,0.562219665623939,0.5440875042995919,0.027149584144353867,0.5135747920721769
independent,dataset4,ATAC_Clusters,1263,8,6,0.42611389015726253,0.44106660170764317,0.4635938295058284,0.42062723241567335,0.4410666017076431,-0.02382189780473709,0.48808905109763145
independent,dataset1,Y,2129,14,7,0.492444323661477,0.5684289067896127,0.5272269277073823,0.6166165481720794,0.5684289067896127,0.02981637418270111,0.5149081870913506
independent,dataset1,Combined_Clusters_annotation,2129,14,7,0.492444323661477,0.5684289067896124,0.5272269277073821,0.6166165481720793,0.5684289067896124,0.02981637418270111,0.5149081870913506
independent,dataset1,Combined_Clusters,2129,14,7,0.492444323661477,0.5684289067896126,0.5272269277073822,0.6166165481720793,0.5684289067896126,0.02981637418270111,0.5149081870913506
independent,dataset1,RNA_Clusters,2129,13,7,0.4395667839639724,0.47765655407988433,0.45691457325078355,0.500371285036755,0.47765655407988433,0.0099099762737751,0.5049549881368876
independent,dataset1,ATAC_Clusters,2129,10,7,0.41031085308792253,0.555560816437018,0.5516496742644766,0.559527813847771,0.555560816437018,0.04237101972103119,0.5211855098605156
independent,dataset2,Y,1949,12,7,0.5221399998293796,0.5750683614852635,0.5168250676896149,0.6481063177174992,0.5750683614852636,0.09271403402090073,0.5463570170104504
independent,dataset2,Combined_Clusters_annotation,1949,12,7,0.5221399998293796,0.5750683614852635,0.5168250676896149,0.6481063177174993,0.5750683614852636,0.09271403402090073,0.5463570170104504
independent,dataset2,Combined_Clusters,1949,12,7,0.5221399998293796,0.5750683614852636,0.516825067689615,0.6481063177174993,0.5750683614852635,0.09271403402090073,0.5463570170104504
independent,dataset2,RNA_Clusters,1949,11,7,0.5956064402979948,0.5467274916956946,0.556521281036846,0.5372724477444365,0.5467274916956946,0.09710429608821869,0.5485521480441093
independent,dataset2,ATAC_Clusters,1949,9,7,0.5909466959694869,0.5985347668414194,0.5926200168366137,0.6045687735483448,0.5985347668414194,0.1238599345088005,0.5619299672544003
independent,dataset3,Y,1777,12,7,0.28535520111529955,0.3817115756325029,0.4045361907096933,0.36132500843601456,0.38171157563250296,-0.012990688905119896,0.49350465554744005
independent,dataset3,Combined_Clusters_annotation,1777,12,7,0.28535520111529955,0.38171157563250296,0.40453619070969343,0.3613250084360146,0.381711575632503,-0.012990688905119896,0.49350465554744005
independent,dataset3,Combined_Clusters,1777,12,7,0.28535520111529955,0.38171157563250296,0.40453619070969343,0.3613250084360146,0.381711575632503,-0.012990688905119896,0.49350465554744005
independent,dataset3,RNA_Clusters,1777,11,7,0.21680723701007634,0.32273021882117403,0.3421627533148474,0.3053863365283433,0.322730218821174,-0.0004067536210641265,0.49979662318946794
independent,dataset3,ATAC_Clusters,1777,11,7,0.21456441768072876,0.3389021939962213,0.33373205692549185,0.34423504205513794,0.3389021939962213,0.015568196773529053,0.5077840983867645
independent,dataset4,Y,1263,8,7,0.4901977972478849,0.5391536944614324,0.6105531450486955,0.4827050823247772,0.5391536944614324,0.052194010466337204,0.5260970052331686
independent,dataset4,Combined_Clusters_annotation,1263,8,7,0.4901977972478849,0.5391536944614324,0.6105531450486955,0.4827050823247772,0.5391536944614324,0.052194010466337204,0.5260970052331686
independent,dataset4,Combined_Clusters,1263,8,7,0.4901977972478849,0.5391536944614321,0.6105531450486954,0.4827050823247771,0.5391536944614321,0.052194010466337204,0.5260970052331686
independent,dataset4,RNA_Clusters,1263,12,7,0.49934269826593686,0.5282388943883903,0.5362963553533905,0.5204199645965216,0.5282388943883903,0.027149584144353867,0.5135747920721769
independent,dataset4,ATAC_Clusters,1263,8,7,0.4005030517792054,0.42079978224883974,0.46529369108643237,0.3840726685390339,0.42079978224883974,-0.02382189780473709,0.48808905109763145
independent,dataset1,Y,2129,14,8,0.4116901940272044,0.5466579327798355,0.5295525726902145,0.5649052381727033,0.5466579327798354,0.02981637418270111,0.5149081870913506
independent,dataset1,Combined_Clusters_annotation,2129,14,8,0.4116901940272044,0.5466579327798354,0.5295525726902144,0.5649052381727033,0.5466579327798354,0.02981637418270111,0.5149081870913506
independent,dataset1,Combined_Clusters,2129,14,8,0.4116901940272044,0.5466579327798357,0.5295525726902145,0.5649052381727034,0.5466579327798355,0.02981637418270111,0.5149081870913506
independent,dataset1,RNA_Clusters,2129,13,8,0.3714973440066954,0.45435660253181936,0.4546150046989305,0.454098493948281,0.45435660253181936,0.0099099762737751,0.5049549881368876
independent,dataset1,ATAC_Clusters,2129,10,8,0.3723062457091546,0.5391704346629265,0.5609847379242924,0.5189891602610821,0.5391704346629266,0.04237101972103119,0.5211855098605156
independent,dataset2,Y,1949,12,8,0.5563427566878025,0.5992582159944279,0.5549043752889811,0.651318495346262,0.5992582159944279,0.09271403402090073,0.5463570170104504
independent,dataset2,Combined_Clusters_annotation,1949,12,8,0.5563427566878025,0.5992582159944276,0.5549043752889808,0.6513184953462618,0.5992582159944276,0.09271403402090073,0.5463570170104504
independent,dataset2,Combined_Clusters,1949,12,8,0.5563427566878025,0.5992582159944277,0.554904375288981,0.6513184953462618,0.5992582159944276,0.09271403402090073,0.5463570170104504
independent,dataset2,RNA_Clusters,1949,11,8,0.5278977707576646,0.5264389007372531,0.5545141667586295,0.5010695559627136,0.5264389007372531,0.09710429608821869,0.5485521480441093
independent,dataset2,ATAC_Clusters,1949,9,8,0.6285942182445906,0.6272858959846322,0.6421113176916137,0.613129619769471,0.6272858959846322,0.1238599345088005,0.5619299672544003
independent,dataset3,Y,1777,12,8,0.3234896126947454,0.4071728372029122,0.4398995584285171,0.3789784000600387,0.40717283720291225,-0.012990688905119896,0.49350465554744005
independent,dataset3,Combined_Clusters_annotation,1777,12,8,0.3234896126947454,0.4071728372029121,0.43989955842851697,0.3789784000600386,0.4071728372029121,-0.012990688905119896,0.49350465554744005
independent,dataset3,Combined_Clusters,1777,12,8,0.3234896126947454,0.4071728372029122,0.4398995584285171,0.3789784000600387,0.40717283720291225,-0.012990688905119896,0.49350465554744005
independent,dataset3,RNA_Clusters,1777,11,8,0.23050997398117995,0.3464543850312306,0.37445078837767276,0.3223531441630198,0.34645438503123066,-0.0004067536210641265,0.49979662318946794
independent,dataset3,ATAC_Clusters,1777,11,8,0.25200659366366757,0.374038607309844,0.3749981550656237,0.3730839576151425,0.37403860730984395,0.015568196773529053,0.5077840983867645
independent,dataset4,Y,1263,8,8,0.4429469568958978,0.5077460679471161,0.5979507757433004,0.4411897637551388,0.5077460679471161,0.052194010466337204,0.5260970052331686
independent,dataset4,Combined_Clusters_annotation,1263,8,8,0.4429469568958978,0.5077460679471161,0.5979507757433004,0.4411897637551388,0.5077460679471161,0.052194010466337204,0.5260970052331686
independent,dataset4,Combined_Clusters,1263,8,8,0.4429469568958978,0.5077460679471162,0.5979507757433005,0.44118976375513885,0.5077460679471162,0.052194010466337204,0.5260970052331686
independent,dataset4,RNA_Clusters,1263,12,8,0.4892111088603672,0.5200022136922564,0.5470953594119977,0.49546585390058834,0.5200022136922564,0.027149584144353867,0.5135747920721769
independent,dataset4,ATAC_Clusters,1263,8,8,0.3694737972443835,0.4018502888097201,0.4617484861909465,0.35570773931242766,0.4018502888097201,-0.02382189780473709,0.48808905109763145
independent,dataset1,Y,2129,14,9,0.42009131364476976,0.5511019574697359,0.5492681123287121,0.5529480889735352,0.5511019574697359,0.02981637418270111,0.5149081870913506
independent,dataset1,Combined_Clusters_annotation,2129,14,9,0.42009131364476976,0.5511019574697357,0.549268112328712,0.5529480889735352,0.5511019574697357,0.02981637418270111,0.5149081870913506
independent,dataset1,Combined_Clusters,2129,14,9,0.42009131364476976,0.5511019574697359,0.5492681123287122,0.5529480889735353,0.5511019574697359,0.02981637418270111,0.5149081870913506
independent,dataset1,RNA_Clusters,2129,13,9,0.3590961672558253,0.44645448950390076,0.4600412853476098,0.4336472125638611,0.44645448950390076,0.0099099762737751,0.5049549881368876
independent,dataset1,ATAC_Clusters,2129,10,9,0.34629647480593323,0.5390178636231309,0.5782059728060933,0.5048045604713122,0.5390178636231309,0.04237101972103119,0.5211855098605156
independent,dataset2,Y,1949,12,9,0.5797969848326838,0.6165487650725772,0.5906464384590097,0.6448271431045596,0.6165487650725772,0.09271403402090073,0.5463570170104504
independent,dataset2,Combined_Clusters_annotation,1949,12,9,0.5797969848326838,0.616548765072577,0.5906464384590095,0.6448271431045596,0.616548765072577,0.09271403402090073,0.5463570170104504
independent,dataset2,Combined_Clusters,1949,12,9,0.5797969848326838,0.6165487650725772,0.5906464384590097,0.6448271431045596,0.6165487650725772,0.09271403402090073,0.5463570170104504
independent,dataset2,RNA_Clusters,1949,11,9,0.5144702133447432,0.5369104243908305,0.587863375103426,0.494085641608207,0.5369104243908305,0.09710429608821869,0.5485521480441093
independent,dataset2,ATAC_Clusters,1949,9,9,0.6158665650613097,0.6200516070104669,0.6590981220416778,0.5853727552258717,0.620051607010467,0.1238599345088005,0.5619299672544003
independent,dataset3,Y,1777,12,9,0.2781188007538152,0.39932342117989683,0.44410693636887494,0.36274445662712235,0.39932342117989683,-0.012990688905119896,0.49350465554744005
independent,dataset3,Combined_Clusters_annotation,1777,12,9,0.2781188007538152,0.39932342117989683,0.44410693636887494,0.36274445662712235,0.39932342117989683,-0.012990688905119896,0.49350465554744005
independent,dataset3,Combined_Clusters,1777,12,9,0.2781188007538152,0.39932342117989683,0.44410693636887494,0.36274445662712235,0.39932342117989683,-0.012990688905119896,0.49350465554744005
independent,dataset3,RNA_Clusters,1777,11,9,0.21741906832472774,0.368439752853675,0.4099279163298115,0.3345776699963881,0.368439752853675,-0.0004067536210641265,0.49979662318946794
independent,dataset3,ATAC_Clusters,1777,11,9,0.259295282053326,0.3847567796708107,0.3963297215435037,0.37384052869818213,0.38475677967081073,0.015568196773529053,0.5077840983867645
independent,dataset4,Y,1263,8,9,0.44337714679001267,0.5178595728972012,0.6207390320170585,0.4442336036713486,0.5178595728972012,0.052194010466337204,0.5260970052331686
independent,dataset4,Combined_Clusters_annotation,1263,8,9,0.44337714679001267,0.5178595728972012,0.6207390320170585,0.4442336036713486,0.5178595728972012,0.052194010466337204,0.5260970052331686
independent,dataset4,Combined_Clusters,1263,8,9,0.44337714679001267,0.5178595728972011,0.6207390320170584,0.44423360367134856,0.5178595728972011,0.052194010466337204,0.5260970052331686
independent,dataset4,RNA_Clusters,1263,12,9,0.48186720024196933,0.5286479522860978,0.5652387436765964,0.49650654709740377,0.5286479522860978,0.027149584144353867,0.5135747920721769
independent,dataset4,ATAC_Clusters,1263,8,9,0.39056114604962167,0.42293235482711955,0.4944820036788029,0.369471278329695,0.42293235482711955,-0.02382189780473709,0.48808905109763145
independent,dataset1,Y,2129,14,10,0.35642018464281044,0.5265207219565025,0.5385873514401118,0.5149829310980146,0.5265207219565025,0.02981637418270111,0.5149081870913506
independent,dataset1,Combined_Clusters_annotation,2129,14,10,0.35642018464281044,0.5265207219565023,0.5385873514401117,0.5149829310980146,0.5265207219565023,0.02981637418270111,0.5149081870913506
independent,dataset1,Combined_Clusters,2129,14,10,0.35642018464281044,0.5265207219565026,0.5385873514401119,0.5149829310980147,0.5265207219565025,0.02981637418270111,0.5149081870913506
independent,dataset1,RNA_Clusters,2129,13,10,0.30296183268509014,0.4312466028528264,0.45645809506871876,0.40867434448740514,0.43124660285282634,0.0099099762737751,0.5049549881368876
independent,dataset1,ATAC_Clusters,2129,10,10,0.32093289116998486,0.5171562830859514,0.5704056347055946,0.47300007915240283,0.5171562830859512,0.04237101972103119,0.5211855098605156
independent,dataset2,Y,1949,12,10,0.573190861857912,0.5975095335622113,0.588560287078633,0.6067351343834902,0.5975095335622113,0.09271403402090073,0.5463570170104504
independent,dataset2,Combined_Clusters_annotation,1949,12,10,0.573190861857912,0.5975095335622113,0.5885602870786328,0.6067351343834902,0.5975095335622111,0.09271403402090073,0.5463570170104504
independent,dataset2,Combined_Clusters,1949,12,10,0.573190861857912,0.5975095335622114,0.5885602870786331,0.6067351343834904,0.5975095335622113,0.09271403402090073,0.5463570170104504
independent,dataset2,RNA_Clusters,1949,11,10,0.5140879549346388,0.5198997634109312,0.5874951467226798,0.4662540118999114,0.5198997634109312,0.09710429608821869,0.5485521480441093
independent,dataset2,ATAC_Clusters,1949,9,10,0.5630686766829294,0.598974906751328,0.6565988685749763,0.5506492222577393,0.598974906751328,0.1238599345088005,0.5619299672544003
independent,dataset3,Y,1777,12,10,0.2509101042979342,0.3720490264526641,0.4304273355611102,0.32761502020375294,0.372049026452664,-0.012990688905119896,0.49350465554744005
independent,dataset3,Combined_Clusters_annotation,1777,12,10,0.2509101042979342,0.372049026452664,0.4304273355611101,0.3276150202037529,0.37204902645266397,-0.012990688905119896,0.49350465554744005
independent,dataset3,Combined_Clusters,1777,12,10,0.2509101042979342,0.3720490264526641,0.4304273355611102,0.32761502020375294,0.372049026452664,-0.012990688905119896,0.49350465554744005
independent,dataset3,RNA_Clusters,1777,11,10,0.2270480391187925,0.36334765037802585,0.4205386339373559,0.31984980402723934,0.36334765037802585,-0.0004067536210641265,0.49979662318946794
independent,dataset3,ATAC_Clusters,1777,11,10,0.2282776399193542,0.3673180147446879,0.39260390040558896,0.3450921512952626,0.3673180147446879,0.015568196773529053,0.5077840983867645
independent,dataset4,Y,1263,8,10,0.3291837611594286,0.4890925083734204,0.6208667831605342,0.4034609713822497,0.4890925083734204,0.052194010466337204,0.5260970052331686
independent,dataset4,Combined_Clusters_annotation,1263,8,10,0.3291837611594286,0.4890925083734204,0.6208667831605342,0.4034609713822497,0.4890925083734204,0.052194010466337204,0.5260970052331686
independent,dataset4,Combined_Clusters,1263,8,10,0.3291837611594286,0.48909250837342044,0.6208667831605343,0.40346097138224973,0.4890925083734205,0.052194010466337204,0.5260970052331686
independent,dataset4,RNA_Clusters,1263,12,10,0.39384334484792266,0.503861542714167,0.5677855177143619,0.4528747631398829,0.5038615427141672,0.027149584144353867,0.5135747920721769
independent,dataset4,ATAC_Clusters,1263,8,10,0.2763143336002993,0.39999571780749676,0.4947754067043234,0.33569049853837946,0.3999957178074968,-0.02382189780473709,0.48808905109763145
independent,dataset1,Y,2129,14,11,0.3543787550337712,0.5257691256046091,0.5467920270164106,0.5063029369935568,0.5257691256046091,0.02981637418270111,0.5149081870913506
independent,dataset1,Combined_Clusters_annotation,2129,14,11,0.3543787550337712,0.5257691256046089,0.5467920270164103,0.5063029369935567,0.5257691256046089,0.02981637418270111,0.5149081870913506
independent,dataset1,Combined_Clusters,2129,14,11,0.3543787550337712,0.525769125604609,0.5467920270164105,0.5063029369935567,0.525769125604609,0.02981637418270111,0.5149081870913506
independent,dataset1,RNA_Clusters,2129,13,11,0.30177868358196336,0.4254178136849874,0.4580428425535876,0.3971313305850019,0.4254178136849873,0.0099099762737751,0.5049549881368876
independent,dataset1,ATAC_Clusters,2129,10,11,0.30034157035039555,0.5095291555296821,0.5720207273314843,0.45934686930546165,0.5095291555296821,0.04237101972103119,0.5211855098605156
independent,dataset2,Y,1949,12,11,0.560688131278548,0.5965787031122822,0.6016047066506345,0.5916359815810662,0.5965787031122822,0.09271403402090073,0.5463570170104504
independent,dataset2,Combined_Clusters_annotation,1949,12,11,0.560688131278548,0.5965787031122821,0.6016047066506343,0.5916359815810661,0.596578703112282,0.09271403402090073,0.5463570170104504
independent,dataset2,Combined_Clusters,1949,12,11,0.560688131278548,0.5965787031122821,0.6016047066506344,0.5916359815810661,0.5965787031122821,0.09271403402090073,0.5463570170104504
independent,dataset2,RNA_Clusters,1949,11,11,0.481459629657144,0.5076675089508982,0.589104693867807,0.44601138558143694,0.5076675089508981,0.09710429608821869,0.5485521480441093
independent,dataset2,ATAC_Clusters,1949,9,11,0.5433405342784815,0.5989789313747587,0.6738339919329468,0.5390921145020526,0.5989789313747587,0.1238599345088005,0.5619299672544003
independent,dataset3,Y,1777,12,11,0.23175746033318578,0.4002286710501848,0.4753651560581592,0.3456025386305157,0.4002286710501848,-0.012990688905119896,0.49350465554744005
independent,dataset3,Combined_Clusters_annotation,1777,12,11,0.23175746033318578,0.40022867105018484,0.4753651560581593,0.34560253863051577,0.40022867105018484,-0.012990688905119896,0.49350465554744005
independent,dataset3,Combined_Clusters,1777,12,11,0.23175746033318578,0.4002286710501849,0.4753651560581594,0.34560253863051577,0.40022867105018484,-0.012990688905119896,0.49350465554744005
independent,dataset3,RNA_Clusters,1777,11,11,0.1682023348130542,0.33853309158307787,0.40226086025400754,0.29223591347889666,0.33853309158307787,-0.0004067536210641265,0.49979662318946794
independent,dataset3,ATAC_Clusters,1777,11,11,0.21978571688327672,0.381724937866622,0.41819126217812536,0.35110825886317976,0.3817249378666219,0.015568196773529053,0.5077840983867645
independent,dataset4,Y,1263,8,11,0.3319782554710614,0.49101718984265186,0.6346303303621424,0.40040734431131253,0.4910171898426519,0.052194010466337204,0.5260970052331686
independent,dataset4,Combined_Clusters_annotation,1263,8,11,0.3319782554710614,0.49101718984265186,0.6346303303621424,0.40040734431131253,0.4910171898426519,0.052194010466337204,0.5260970052331686
independent,dataset4,Combined_Clusters,1263,8,11,0.3319782554710614,0.49101718984265186,0.6346303303621424,0.40040734431131253,0.4910171898426519,0.052194010466337204,0.5260970052331686
independent,dataset4,RNA_Clusters,1263,12,11,0.3785757151262253,0.4876288287413244,0.5586526446172635,0.4326271535616668,0.48762882874132446,0.027149584144353867,0.5135747920721769
independent,dataset4,ATAC_Clusters,1263,8,11,0.3067341029709881,0.41991528944823064,0.5286874236328533,0.34826355617370064,0.4199152894482306,-0.02382189780473709,0.48808905109763145
independent,dataset1,Y,2129,14,12,0.36434706853783255,0.5416620845514788,0.5715509291592848,0.5147439215345965,0.5416620845514789,0.02981637418270111,0.5149081870913506
independent,dataset1,Combined_Clusters_annotation,2129,14,12,0.36434706853783255,0.5416620845514787,0.5715509291592846,0.5147439215345964,0.5416620845514787,0.02981637418270111,0.5149081870913506
independent,dataset1,Combined_Clusters,2129,14,12,0.36434706853783255,0.5416620845514785,0.5715509291592845,0.5147439215345961,0.5416620845514786,0.02981637418270111,0.5149081870913506
independent,dataset1,RNA_Clusters,2129,13,12,0.29276447335406286,0.42178299612776693,0.4609738261852785,0.38873382818662516,0.4217829961277669,0.0099099762737751,0.5049549881368876
independent,dataset1,ATAC_Clusters,2129,10,12,0.31273744013670696,0.5211778405950145,0.5942295507350681,0.4641210419481675,0.5211778405950145,0.04237101972103119,0.5211855098605156
independent,dataset2,Y,1949,12,12,0.5722696957386869,0.6036991607570714,0.6190642473363829,0.5890783206145778,0.6036991607570714,0.09271403402090073,0.5463570170104504
independent,dataset2,Combined_Clusters_annotation,1949,12,12,0.5722696957386869,0.6036991607570713,0.6190642473363827,0.5890783206145778,0.6036991607570712,0.09271403402090073,0.5463570170104504
independent,dataset2,Combined_Clusters,1949,12,12,0.5722696957386869,0.6036991607570715,0.619064247336383,0.5890783206145779,0.6036991607570714,0.09271403402090073,0.5463570170104504
independent,dataset2,RNA_Clusters,1949,11,12,0.5061066561385594,0.5153234890014423,0.6093861603401161,0.44641626818289254,0.5153234890014424,0.09710429608821869,0.5485521480441093
independent,dataset2,ATAC_Clusters,1949,9,12,0.5140453726862155,0.5849962510914374,0.6703478064399881,0.5189245532332393,0.5849962510914374,0.1238599345088005,0.5619299672544003
independent,dataset3,Y,1777,12,12,0.22202115887757465,0.39057210571117834,0.47597493695863474,0.3311540711484524,0.39057210571117834,-0.012990688905119896,0.49350465554744005
independent,dataset3,Combined_Clusters_annotation,1777,12,12,0.22202115887757465,0.3905721057111783,0.4759749369586347,0.33115407114845236,0.3905721057111783,-0.012990688905119896,0.49350465554744005
independent,dataset3,Combined_Clusters,1777,12,12,0.22202115887757465,0.39057210571117834,0.47597493695863474,0.3311540711484524,0.39057210571117834,-0.012990688905119896,0.49350465554744005
independent,dataset3,RNA_Clusters,1777,11,12,0.1819155362765696,0.35397935661810803,0.4315705077001388,0.3000364383611266,0.3539793566181081,-0.0004067536210641265,0.49979662318946794
independent,dataset3,ATAC_Clusters,1777,11,12,0.21060005657821704,0.3760361849166257,0.42202954733081993,0.33908250556972364,0.3760361849166257,0.015568196773529053,0.5077840983867645
independent,dataset4,Y,1263,8,12,0.2796265524542716,0.4716312207438612,0.6276948813122125,0.3777190133298288,0.47163122074386127,0.052194010466337204,0.5260970052331686
independent,dataset4,Combined_Clusters_annotation,1263,8,12,0.2796265524542716,0.4716312207438612,0.6276948813122125,0.3777190133298288,0.47163122074386127,0.052194010466337204,0.5260970052331686
independent,dataset4,Combined_Clusters,1263,8,12,0.2796265524542716,0.4716312207438612,0.6276948813122125,0.3777190133298288,0.47163122074386127,0.052194010466337204,0.5260970052331686
independent,dataset4,RNA_Clusters,1263,12,12,0.3431077921544075,0.49076000460011926,0.5776018598821873,0.42661836502245387,0.49076000460011915,0.027149584144353867,0.5135747920721769
independent,dataset4,ATAC_Clusters,1263,8,12,0.25501489492687013,0.39641624947496695,0.5136892295345021,0.3227368528121072,0.39641624947496695,-0.02382189780473709,0.48808905109763145
independent,dataset1,Y,2129,14,13,0.3332140766121332,0.5305773506135062,0.5725432037869969,0.49434333430273003,0.5305773506135064,0.02981637418270111,0.5149081870913506
independent,dataset1,Combined_Clusters_annotation,2129,14,13,0.3332140766121332,0.5305773506135063,0.5725432037869969,0.49434333430273014,0.5305773506135064,0.02981637418270111,0.5149081870913506
independent,dataset1,Combined_Clusters,2129,14,13,0.3332140766121332,0.5305773506135062,0.5725432037869969,0.49434333430273003,0.5305773506135064,0.02981637418270111,0.5149081870913506
independent,dataset1,RNA_Clusters,2129,13,13,0.28345167130760385,0.42408075933060063,0.47431627493444695,0.3834671993601325,0.42408075933060063,0.0099099762737751,0.5049549881368876
independent,dataset1,ATAC_Clusters,2129,10,13,0.2741275242171846,0.5009801897295211,0.5850157400657185,0.4380550499750453,0.5009801897295211,0.04237101972103119,0.5211855098605156
independent,dataset2,Y,1949,12,13,0.5674276407997041,0.597117958717325,0.6206033650139539,0.5753452489727425,0.597117958717325,0.09271403402090073,0.5463570170104504
independent,dataset2,Combined_Clusters_annotation,1949,12,13,0.5674276407997041,0.5971179587173249,0.6206033650139536,0.5753452489727425,0.5971179587173249,0.09271403402090073,0.5463570170104504
independent,dataset2,Combined_Clusters,1949,12,13,0.5674276407997041,0.5971179587173249,0.6206033650139537,0.5753452489727425,0.5971179587173249,0.09271403402090073,0.5463570170104504
independent,dataset2,RNA_Clusters,1949,11,13,0.4908853167757872,0.5055940079587017,0.6069960675358252,0.43322188872991857,0.5055940079587016,0.09710429608821869,0.5485521480441093
independent,dataset2,ATAC_Clusters,1949,9,13,0.5063212742150465,0.5816929423038473,0.6764870119824836,0.5102001459479925,0.5816929423038473,0.1238599345088005,0.5619299672544003
independent,dataset3,Y,1777,12,13,0.19482543016148446,0.3883456200223714,0.4841057583812235,0.32421349824479767,0.3883456200223714,-0.012990688905119896,0.49350465554744005
independent,dataset3,Combined_Clusters_annotation,1777,12,13,0.19482543016148446,0.3883456200223714,0.4841057583812235,0.32421349824479767,0.3883456200223714,-0.012990688905119896,0.49350465554744005
independent,dataset3,Combined_Clusters,1777,12,13,0.19482543016148446,0.3883456200223714,0.4841057583812235,0.32421349824479767,0.3883456200223714,-0.012990688905119896,0.49350465554744005
independent,dataset3,RNA_Clusters,1777,11,13,0.1643460800183257,0.3441898796123765,0.42925352499333375,0.28726382784989174,0.34418987961237646,-0.0004067536210641265,0.49979662318946794
independent,dataset3,ATAC_Clusters,1777,11,13,0.18834756070047187,0.378887798941629,0.4343915447460661,0.33596088683102776,0.37888779894162894,0.015568196773529053,0.5077840983867645
independent,dataset4,Y,1263,8,13,0.24849862494293973,0.45726296838702685,0.6235057060918047,0.3610087138674036,0.45726296838702685,0.052194010466337204,0.5260970052331686
independent,dataset4,Combined_Clusters_annotation,1263,8,13,0.24849862494293973,0.45726296838702685,0.6235057060918047,0.3610087138674036,0.45726296838702685,0.052194010466337204,0.5260970052331686
independent,dataset4,Combined_Clusters,1263,8,13,0.24849862494293973,0.4572629683870269,0.6235057060918048,0.36100871386740363,0.4572629683870269,0.052194010466337204,0.5260970052331686
independent,dataset4,RNA_Clusters,1263,12,13,0.307989424420119,0.4700453051486499,0.5657284181765133,0.4020461912250413,0.4700453051486499,0.027149584144353867,0.5135747920721769
independent,dataset4,ATAC_Clusters,1263,8,13,0.2265501929928173,0.3890743745383474,0.5163457084607859,0.31213729645978133,0.3890743745383474,-0.02382189780473709,0.48808905109763145
independent,dataset1,Y,2129,14,14,0.351540166439063,0.5512003588843772,0.6046108103161524,0.5064603759859997,0.5512003588843772,0.02981637418270111,0.5149081870913506
independent,dataset1,Combined_Clusters_annotation,2129,14,14,0.351540166439063,0.5512003588843771,0.6046108103161523,0.5064603759859997,0.5512003588843772,0.02981637418270111,0.5149081870913506
independent,dataset1,Combined_Clusters,2129,14,14,0.351540166439063,0.5512003588843772,0.6046108103161524,0.5064603759859997,0.5512003588843772,0.02981637418270111,0.5149081870913506
independent,dataset1,RNA_Clusters,2129,13,14,0.2673402488649846,0.41896308508882535,0.47655850105064373,0.37378817877474396,0.41896308508882535,0.0099099762737751,0.5049549881368876
independent,dataset1,ATAC_Clusters,2129,10,14,0.30041757986483425,0.5267019512497831,0.6258648601425729,0.45466429995412716,0.526701951249783,0.04237101972103119,0.5211855098605156
independent,dataset2,Y,1949,12,14,0.5613425006935788,0.5911869037297222,0.6225411767163913,0.5628395041965049,0.591186903729722,0.09271403402090073,0.5463570170104504
independent,dataset2,Combined_Clusters_annotation,1949,12,14,0.5613425006935788,0.5911869037297219,0.6225411767163911,0.5628395041965047,0.591186903729722,0.09271403402090073,0.5463570170104504
independent,dataset2,Combined_Clusters,1949,12,14,0.5613425006935788,0.5911869037297222,0.6225411767163912,0.5628395041965047,0.591186903729722,0.09271403402090073,0.5463570170104504
independent,dataset2,RNA_Clusters,1949,11,14,0.48880791526433265,0.5015305416934558,0.611045799484108,0.42530487558380303,0.5015305416934558,0.09710429608821869,0.5485521480441093
independent,dataset2,ATAC_Clusters,1949,9,14,0.4973197439170718,0.5748945220108895,0.6782656360524117,0.4988649760747596,0.5748945220108895,0.1238599345088005,0.5619299672544003
independent,dataset3,Y,1777,12,14,0.19661804451079495,0.39082996842440937,0.4939956018166287,0.32331014485939863,0.3908299684244093,-0.012990688905119896,0.49350465554744005
independent,dataset3,Combined_Clusters_annotation,1777,12,14,0.19661804451079495,0.39082996842440937,0.4939956018166287,0.32331014485939863,0.3908299684244093,-0.012990688905119896,0.49350465554744005
independent,dataset3,Combined_Clusters,1777,12,14,0.19661804451079495,0.3908299684244094,0.49399560181662877,0.3233101448593987,0.3908299684244095,-0.012990688905119896,0.49350465554744005
independent,dataset3,RNA_Clusters,1777,11,14,0.14958701799960578,0.3341244191762715,0.42251211249273324,0.2763195690747574,0.3341244191762715,-0.0004067536210641265,0.49979662318946794
independent,dataset3,ATAC_Clusters,1777,11,14,0.1985548902603745,0.38642890296348315,0.44885329517348643,0.33924790916083297,0.3864289029634832,0.015568196773529053,0.5077840983867645
independent,dataset4,Y,1263,8,14,0.2486994322659204,0.4607984550479484,0.6384858122989662,0.3604789851639198,0.4607984550479485,0.052194010466337204,0.5260970052331686
independent,dataset4,Combined_Clusters_annotation,1263,8,14,0.2486994322659204,0.4607984550479484,0.6384858122989662,0.3604789851639198,0.4607984550479485,0.052194010466337204,0.5260970052331686
independent,dataset4,Combined_Clusters,1263,8,14,0.2486994322659204,0.4607984550479485,0.6384858122989663,0.3604789851639198,0.4607984550479485,0.052194010466337204,0.5260970052331686
independent,dataset4,RNA_Clusters,1263,12,14,0.30866561952950444,0.47046296559123724,0.5746816611747523,0.39824170939924924,0.4704629655912373,0.027149584144353867,0.5135747920721769
independent,dataset4,ATAC_Clusters,1263,8,14,0.22730500770503984,0.38732784145149746,0.522206891100759,0.30782163394073175,0.38732784145149746,-0.02382189780473709,0.48808905109763145
independent,dataset1,Y,2129,14,15,0.3219570869986268,0.5346494948486828,0.5963890761292494,0.484493593609346,0.5346494948486828,0.02981637418270111,0.5149081870913506
independent,dataset1,Combined_Clusters_annotation,2129,14,15,0.3219570869986268,0.5346494948486826,0.5963890761292492,0.4844935936093459,0.5346494948486827,0.02981637418270111,0.5149081870913506
independent,dataset1,Combined_Clusters,2129,14,15,0.3219570869986268,0.5346494948486828,0.5963890761292494,0.484493593609346,0.5346494948486828,0.02981637418270111,0.5149081870913506
independent,dataset1,RNA_Clusters,2129,13,15,0.2523489991120077,0.41650056428105003,0.48202129538347255,0.36666069783023447,0.41650056428105003,0.0099099762737751,0.5049549881368876
independent,dataset1,ATAC_Clusters,2129,10,15,0.2769917482956298,0.5082923961515343,0.6148780877844651,0.4331996497917374,0.5082923961515343,0.04237101972103119,0.5211855098605156
independent,dataset2,Y,1949,12,15,0.427194536408263,0.5789158844067539,0.6360827505796209,0.5311772256473596,0.5789158844067538,0.09271403402090073,0.5463570170104504
independent,dataset2,Combined_Clusters_annotation,1949,12,15,0.427194536408263,0.5789158844067539,0.6360827505796209,0.5311772256473596,0.5789158844067538,0.09271403402090073,0.5463570170104504
independent,dataset2,Combined_Clusters,1949,12,15,0.427194536408263,0.578915884406754,0.636082750579621,0.5311772256473596,0.5789158844067539,0.09271403402090073,0.5463570170104504
independent,dataset2,RNA_Clusters,1949,11,15,0.35236597949230275,0.49544990853423515,0.633055839530211,0.40698458102853163,0.4954499085342352,0.09710429608821869,0.5485521480441093
independent,dataset2,ATAC_Clusters,1949,9,15,0.37050168276545614,0.5554353617457377,0.6865177792322689,0.4663847349634423,0.5554353617457377,0.1238599345088005,0.5619299672544003
independent,dataset3,Y,1777,12,15,0.1801592053772067,0.39736613417066563,0.5111536425228095,0.3250148379766165,0.39736613417066563,-0.012990688905119896,0.49350465554744005
independent,dataset3,Combined_Clusters_annotation,1777,12,15,0.1801592053772067,0.3973661341706656,0.5111536425228094,0.32501483797661646,0.39736613417066563,-0.012990688905119896,0.49350465554744005
independent,dataset3,Combined_Clusters,1777,12,15,0.1801592053772067,0.3973661341706655,0.5111536425228094,0.3250148379766164,0.3973661341706655,-0.012990688905119896,0.49350465554744005
independent,dataset3,RNA_Clusters,1777,11,15,0.14213019465218446,0.3458418737271571,0.44507800769208183,0.2827900294238079,0.34584187372715713,-0.0004067536210641265,0.49979662318946794
independent,dataset3,ATAC_Clusters,1777,11,15,0.18712261532402294,0.39550319595083205,0.46706115227587225,0.342958828381368,0.3955031959508321,0.015568196773529053,0.5077840983867645
independent,dataset4,Y,1263,8,15,0.260881277551767,0.47021400612098524,0.6584547871715667,0.36567412768629176,0.4702140061209853,0.052194010466337204,0.5260970052331686
independent,dataset4,Combined_Clusters_annotation,1263,8,15,0.260881277551767,0.47021400612098524,0.6584547871715667,0.36567412768629176,0.4702140061209853,0.052194010466337204,0.5260970052331686
independent,dataset4,Combined_Clusters,1263,8,15,0.260881277551767,0.4702140061209852,0.6584547871715666,0.3656741276862917,0.47021400612098524,0.052194010466337204,0.5260970052331686
independent,dataset4,RNA_Clusters,1263,12,15,0.31617649337601705,0.4638023241236228,0.572108710802501,0.38997569381363006,0.4638023241236228,0.027149584144353867,0.5135747920721769
independent,dataset4,ATAC_Clusters,1263,8,15,0.24341905491393526,0.396755983751561,0.5405128900056505,0.3134022933304922,0.396755983751561,-0.02382189780473709,0.48808905109763145
independent,dataset1,Y,2129,14,16,0.3055633094933951,0.5316689730748719,0.5997447811603177,0.47747208912298844,0.5316689730748718,0.02981637418270111,0.5149081870913506
independent,dataset1,Combined_Clusters_annotation,2129,14,16,0.3055633094933951,0.5316689730748719,0.5997447811603177,0.4774720891229885,0.5316689730748718,0.02981637418270111,0.5149081870913506
independent,dataset1,Combined_Clusters,2129,14,16,0.3055633094933951,0.531668973074872,0.5997447811603178,0.4774720891229885,0.5316689730748719,0.02981637418270111,0.5149081870913506
independent,dataset1,RNA_Clusters,2129,13,16,0.24989977984867678,0.42047004214210326,0.49225753150446283,0.3669557169361478,0.4204700421421033,0.0099099762737751,0.5049549881368876
independent,dataset1,ATAC_Clusters,2129,10,16,0.26787179622611706,0.5081771332338532,0.6221013371040335,0.4295199778692874,0.5081771332338532,0.04237101972103119,0.5211855098605156
independent,dataset2,Y,1949,12,16,0.4173067936482423,0.5613323472612817,0.6278329093654621,0.5075701160654803,0.5613323472612817,0.09271403402090073,0.5463570170104504
independent,dataset2,Combined_Clusters_annotation,1949,12,16,0.4173067936482423,0.5613323472612816,0.627832909365462,0.5075701160654803,0.5613323472612816,0.09271403402090073,0.5463570170104504
independent,dataset2,Combined_Clusters,1949,12,16,0.4173067936482423,0.5613323472612815,0.6278329093654618,0.5075701160654801,0.5613323472612812,0.09271403402090073,0.5463570170104504
independent,dataset2,RNA_Clusters,1949,11,16,0.33413781881400856,0.4763455129986844,0.6208476819416394,0.38640891770831226,0.4763455129986845,0.09710429608821869,0.5485521480441093
independent,dataset2,ATAC_Clusters,1949,9,16,0.363649264953568,0.5491697462826448,0.6920862671493733,0.45517553377174463,0.5491697462826447,0.1238599345088005,0.5619299672544003
independent,dataset3,Y,1777,12,16,0.17150100133930382,0.3866232497619501,0.5058338954520237,0.3128851331811692,0.38662324976195006,-0.012990688905119896,0.49350465554744005
independent,dataset3,Combined_Clusters_annotation,1777,12,16,0.17150100133930382,0.3866232497619501,0.5058338954520237,0.3128851331811692,0.38662324976195006,-0.012990688905119896,0.49350465554744005
independent,dataset3,Combined_Clusters,1777,12,16,0.17150100133930382,0.38662324976195006,0.5058338954520237,0.3128851331811691,0.38662324976195,-0.012990688905119896,0.49350465554744005
independent,dataset3,RNA_Clusters,1777,11,16,0.13348306522807682,0.32932944311437745,0.43107276586215215,0.26644269375110624,0.3293294431143775,-0.0004067536210641265,0.49979662318946794
independent,dataset3,ATAC_Clusters,1777,11,16,0.16825224542693235,0.3814882482397613,0.45777264859950667,0.3269966872389809,0.38148824823976135,0.015568196773529053,0.5077840983867645
independent,dataset4,Y,1263,8,16,0.23469956572180198,0.45461398867602054,0.6473336887510434,0.3503193417965079,0.45461398867602054,0.052194010466337204,0.5260970052331686
independent,dataset4,Combined_Clusters_annotation,1263,8,16,0.23469956572180198,0.45461398867602054,0.6473336887510434,0.3503193417965079,0.45461398867602054,0.052194010466337204,0.5260970052331686
independent,dataset4,Combined_Clusters,1263,8,16,0.23469956572180198,0.45461398867602054,0.6473336887510434,0.3503193417965079,0.45461398867602054,0.052194010466337204,0.5260970052331686
independent,dataset4,RNA_Clusters,1263,12,16,0.28032435459224836,0.4604918946692687,0.5768753376553472,0.3831850740918134,0.4604918946692687,0.027149584144353867,0.5135747920721769
independent,dataset4,ATAC_Clusters,1263,8,16,0.21288224390618377,0.39155624619671214,0.5422758689065751,0.30639665943114247,0.39155624619671214,-0.02382189780473709,0.48808905109763145
