mode,k,section,plot_n_obs,point_size,dpi,figure_path,figure_sha256,labels_path,labels_sha256
joint,5,dataset1,2129,18.0,220,/home/hujinlan/spa_mo_model/results/misar_seq_preprocessing_comparison/raw_embedding/clustering/joint_k5/spatial_dataset1.png,8a1c186e7a009b2299fff4c1582ea0a7fd123c6a134036cf375b648d2f14fdc0,/home/hujinlan/spa_mo_model/results/misar_seq_preprocessing_comparison/raw_embedding/clustering/joint_k5/labels_dataset1.csv,940d98c09246e5e1fdc922dfb8085605ae5d1917f92708727e89654692d0f77c
joint,5,dataset2,1949,18.0,220,/home/hujinlan/spa_mo_model/results/misar_seq_preprocessing_comparison/raw_embedding/clustering/joint_k5/spatial_dataset2.png,78b93328ac4aa57e6c9f8c4dd91e585acaf2079ec9f682e6157f5f94544946b0,/home/hujinlan/spa_mo_model/results/misar_seq_preprocessing_comparison/raw_embedding/clustering/joint_k5/labels_dataset2.csv,a3658d48a2786dee6e4117a63cd0b764fa1e66ed50191033e09b108f3c692c95
joint,5,dataset3,1777,18.0,220,/home/hujinlan/spa_mo_model/results/misar_seq_preprocessing_comparison/raw_embedding/clustering/joint_k5/spatial_dataset3.png,e1d51a875e494bb457d725a75f7a6649c61b8fef7c6017c7c63dafa1ea2dedfa,/home/hujinlan/spa_mo_model/results/misar_seq_preprocessing_comparison/raw_embedding/clustering/joint_k5/labels_dataset3.csv,fbbd53f405b601753a033dda585630b6326cd401cc69d635c85653d383d88fde
joint,5,dataset4,1263,18.0,220,/home/hujinlan/spa_mo_model/results/misar_seq_preprocessing_comparison/raw_embedding/clustering/joint_k5/spatial_dataset4.png,2c57fd61e738c32f4775906edc409d127a0a4ae35e7460b32cd1e746ad176611,/home/hujinlan/spa_mo_model/results/misar_seq_preprocessing_comparison/raw_embedding/clustering/joint_k5/labels_dataset4.csv,aee131c7ddcdfdad1ec425e40ca4deeca65d04e27f0f86b319d2c0b8ab20d1fd
joint,8,dataset1,2129,18.0,220,/home/hujinlan/spa_mo_model/results/misar_seq_preprocessing_comparison/raw_embedding/clustering/joint_k8/spatial_dataset1.png,674c6da4c570930275c516588a1911d68a0e003d8348756dff63a692bdfae10e,/home/hujinlan/spa_mo_model/results/misar_seq_preprocessing_comparison/raw_embedding/clustering/joint_k8/labels_dataset1.csv,f80db729f810411c8b25ed9ff78788d08969bc7a9c40fc254d082391f601f75a
joint,8,dataset2,1949,18.0,220,/home/hujinlan/spa_mo_model/results/misar_seq_preprocessing_comparison/raw_embedding/clustering/joint_k8/spatial_dataset2.png,2a9c68b059aaa6c14ebdbc3e749c76cc02b76f634d17806138906d0a7055ecac,/home/hujinlan/spa_mo_model/results/misar_seq_preprocessing_comparison/raw_embedding/clustering/joint_k8/labels_dataset2.csv,c070d7035af03c3c8b581fa86feaf302e686ad5d81037850108cbdb82552f31a
joint,8,dataset3,1777,18.0,220,/home/hujinlan/spa_mo_model/results/misar_seq_preprocessing_comparison/raw_embedding/clustering/joint_k8/spatial_dataset3.png,b91940fb9778d2850ca69b6cf183ff04db0aa9a8dfa482e17be9f30eae4c8aec,/home/hujinlan/spa_mo_model/results/misar_seq_preprocessing_comparison/raw_embedding/clustering/joint_k8/labels_dataset3.csv,ace95fe145286867b4f5510d7e3e90ab5c5a185a3704958a1ab9e5e3a83028f2
joint,8,dataset4,1263,18.0,220,/home/hujinlan/spa_mo_model/results/misar_seq_preprocessing_comparison/raw_embedding/clustering/joint_k8/spatial_dataset4.png,29eeb57549a7d65113cea1f86e4763a7f332b157f00e7099399c18bce952cf22,/home/hujinlan/spa_mo_model/results/misar_seq_preprocessing_comparison/raw_embedding/clustering/joint_k8/labels_dataset4.csv,505b82b09db0ba0aed874be4e25be536def4c7319cba549f7992513e88371190
joint,10,dataset1,2129,18.0,220,/home/hujinlan/spa_mo_model/results/misar_seq_preprocessing_comparison/raw_embedding/clustering/joint_k10/spatial_dataset1.png,929c47b310a2b2252f69d7e0d25cc33fb0a8996cd48f34cb7da3ab7b1b1dfbe0,/home/hujinlan/spa_mo_model/results/misar_seq_preprocessing_comparison/raw_embedding/clustering/joint_k10/labels_dataset1.csv,f1660dfe6e5d5ca077db5d32a3cd47e31e009f4e8daa62ef2fcd19c493e15bb8
joint,10,dataset2,1949,18.0,220,/home/hujinlan/spa_mo_model/results/misar_seq_preprocessing_comparison/raw_embedding/clustering/joint_k10/spatial_dataset2.png,5ea9c4e2b2ae1db1b78672a79a0b992a3df1f46b1e78aa50b3af0762420e71f8,/home/hujinlan/spa_mo_model/results/misar_seq_preprocessing_comparison/raw_embedding/clustering/joint_k10/labels_dataset2.csv,94b2c30d419ccfacc69b6756b14b6c2be6284967c0ba83629a66bcb53d761585
joint,10,dataset3,1777,18.0,220,/home/hujinlan/spa_mo_model/results/misar_seq_preprocessing_comparison/raw_embedding/clustering/joint_k10/spatial_dataset3.png,6da3e9d9d12906f9ef3b1c79059b9f387fb87f3218900b05356026a14a0b65ca,/home/hujinlan/spa_mo_model/results/misar_seq_preprocessing_comparison/raw_embedding/clustering/joint_k10/labels_dataset3.csv,0e080197091de70317da47d42ecabf12f9885064c001a21d85185fb89dfaa841
joint,10,dataset4,1263,18.0,220,/home/hujinlan/spa_mo_model/results/misar_seq_preprocessing_comparison/raw_embedding/clustering/joint_k10/spatial_dataset4.png,e35bd32a94bd2ce37888854349ef063e495a6aaf9f4942e6e1a2c2b8d9efaeec,/home/hujinlan/spa_mo_model/results/misar_seq_preprocessing_comparison/raw_embedding/clustering/joint_k10/labels_dataset4.csv,cdeac87279e33ce8fd18c0299b65b7a4f9f0b80bd03be5ba390e3e76384b47a8
joint,12,dataset1,2129,18.0,220,/home/hujinlan/spa_mo_model/results/misar_seq_preprocessing_comparison/raw_embedding/clustering/joint_k12/spatial_dataset1.png,dc6139e009eaa858769c4a881080159a3d2975207e0408d4720974d55921d664,/home/hujinlan/spa_mo_model/results/misar_seq_preprocessing_comparison/raw_embedding/clustering/joint_k12/labels_dataset1.csv,0daa4cae3ac0947bc5f34df1eaf535a48afe61b27fec1fc00ca6a1a580ef06e8
joint,12,dataset2,1949,18.0,220,/home/hujinlan/spa_mo_model/results/misar_seq_preprocessing_comparison/raw_embedding/clustering/joint_k12/spatial_dataset2.png,f2fcb7324fe84e79cc6b81e05e1bbc834a777afaaf575cbe607db93cdb361634,/home/hujinlan/spa_mo_model/results/misar_seq_preprocessing_comparison/raw_embedding/clustering/joint_k12/labels_dataset2.csv,b9af3634a7c1fc24b767234cfcf9045cd7d8970fb58e1d67204ce2024a0b3b7b
joint,12,dataset3,1777,18.0,220,/home/hujinlan/spa_mo_model/results/misar_seq_preprocessing_comparison/raw_embedding/clustering/joint_k12/spatial_dataset3.png,ab690e69f1551c7283c7340f20e5d37e44fc5320dbae3e5259dcc9db4f22e54f,/home/hujinlan/spa_mo_model/results/misar_seq_preprocessing_comparison/raw_embedding/clustering/joint_k12/labels_dataset3.csv,5aa92b5c892023b328aa3600489701d53132550a0f5a62d82d877cdb276b20cd
joint,12,dataset4,1263,18.0,220,/home/hujinlan/spa_mo_model/results/misar_seq_preprocessing_comparison/raw_embedding/clustering/joint_k12/spatial_dataset4.png,c3655c17bd552e8552d413653330c848b02c497855b05887205a9f59bc48fc76,/home/hujinlan/spa_mo_model/results/misar_seq_preprocessing_comparison/raw_embedding/clustering/joint_k12/labels_dataset4.csv,ff8cec4d6cef8ecc334c8edee8638bf1bb487449af48acf62901d1d3896d5865
joint,14,dataset1,2129,18.0,220,/home/hujinlan/spa_mo_model/results/misar_seq_preprocessing_comparison/raw_embedding/clustering/joint_k14/spatial_dataset1.png,597ce52c4053b22f554c702f1e3aebde732b18ae8037586c7a2288c57e65af3b,/home/hujinlan/spa_mo_model/results/misar_seq_preprocessing_comparison/raw_embedding/clustering/joint_k14/labels_dataset1.csv,ff6b710ee77e4269f2603e4535baa56f47415f8a8077afbaee516ff66a2f9405
joint,14,dataset2,1949,18.0,220,/home/hujinlan/spa_mo_model/results/misar_seq_preprocessing_comparison/raw_embedding/clustering/joint_k14/spatial_dataset2.png,485292ef4eadbd6f4218bd29b6166a9530dea58a06b2dc7a3920d6913c2c845b,/home/hujinlan/spa_mo_model/results/misar_seq_preprocessing_comparison/raw_embedding/clustering/joint_k14/labels_dataset2.csv,86f64158f3c557a9c1904b304e4f38ba1142d26ad1ed0793d8cf9bc50abe3ac2
joint,14,dataset3,1777,18.0,220,/home/hujinlan/spa_mo_model/results/misar_seq_preprocessing_comparison/raw_embedding/clustering/joint_k14/spatial_dataset3.png,aae4fb2355bab98070c2910b984a5831045207bb3d5f5d671ac7a7cf188c6b11,/home/hujinlan/spa_mo_model/results/misar_seq_preprocessing_comparison/raw_embedding/clustering/joint_k14/labels_dataset3.csv,0dcd7516bf99d1705d263989d81cc872a2dbaf52014a2ea9134bb904bb3ec434
joint,14,dataset4,1263,18.0,220,/home/hujinlan/spa_mo_model/results/misar_seq_preprocessing_comparison/raw_embedding/clustering/joint_k14/spatial_dataset4.png,ada1cc72b46411beddccfc8e9450a1aa05a5878d08edd3c05ee61f859286c53f,/home/hujinlan/spa_mo_model/results/misar_seq_preprocessing_comparison/raw_embedding/clustering/joint_k14/labels_dataset4.csv,792c52c2f8443a01f6b4c24c31ebe317cdde7ff25eb3bfad585f289dd5a76dd9
joint,16,dataset1,2129,18.0,220,/home/hujinlan/spa_mo_model/results/misar_seq_preprocessing_comparison/raw_embedding/clustering/joint_k16/spatial_dataset1.png,f715ec3ab9960cedd3b749e3cf726b86c3ef58d61f5e59c16d29c1ca415f38f9,/home/hujinlan/spa_mo_model/results/misar_seq_preprocessing_comparison/raw_embedding/clustering/joint_k16/labels_dataset1.csv,99b774a77aa42dc3ee1cb988f77a41a8aa5c8c2783d23fc0d7f10afe1288d2f3
joint,16,dataset2,1949,18.0,220,/home/hujinlan/spa_mo_model/results/misar_seq_preprocessing_comparison/raw_embedding/clustering/joint_k16/spatial_dataset2.png,dc666121a753924a737791299cba0a0ea4158059c65b627a1bb4e2015086ce27,/home/hujinlan/spa_mo_model/results/misar_seq_preprocessing_comparison/raw_embedding/clustering/joint_k16/labels_dataset2.csv,c1f1b5108dbe4261b3560f526b5d85e6bb1c01f77817ddd122e767f6fea2890c
joint,16,dataset3,1777,18.0,220,/home/hujinlan/spa_mo_model/results/misar_seq_preprocessing_comparison/raw_embedding/clustering/joint_k16/spatial_dataset3.png,19b438c35f92f3509c80dfdb68f74059d22f82bdfd185afe9fa0220320c527de,/home/hujinlan/spa_mo_model/results/misar_seq_preprocessing_comparison/raw_embedding/clustering/joint_k16/labels_dataset3.csv,5788748b8f8083c017dc095a59198cf4fed6ca279eb505753ff82b854ce50d96
joint,16,dataset4,1263,18.0,220,/home/hujinlan/spa_mo_model/results/misar_seq_preprocessing_comparison/raw_embedding/clustering/joint_k16/spatial_dataset4.png,5c046127668e0da69315a3c737ab596369b1f92cc8646f1ec3120387d2208199,/home/hujinlan/spa_mo_model/results/misar_seq_preprocessing_comparison/raw_embedding/clustering/joint_k16/labels_dataset4.csv,e5f5f255869bf244a4b08ac87c5d6a94bc3838f68fb1ae7decb207f3dde2bbeb
independent,5,dataset1,2129,18.0,220,/home/hujinlan/spa_mo_model/results/misar_seq_preprocessing_comparison/raw_embedding/clustering/independent_k5/spatial_dataset1.png,9c53494828e9bb7734be2cf0f2b5ababf16b7e24c2edb471d9bd277e0e78d3e8,/home/hujinlan/spa_mo_model/results/misar_seq_preprocessing_comparison/raw_embedding/clustering/independent_k5/labels_dataset1.csv,d652c0fe80f4fe319b901b86183728915cc6b17b47e81576a163d9492e87b6d3
independent,5,dataset2,1949,18.0,220,/home/hujinlan/spa_mo_model/results/misar_seq_preprocessing_comparison/raw_embedding/clustering/independent_k5/spatial_dataset2.png,c38c28e985bfdba88300686c137cb1ca310633d3e3690a59ba1595131c5f9d6b,/home/hujinlan/spa_mo_model/results/misar_seq_preprocessing_comparison/raw_embedding/clustering/independent_k5/labels_dataset2.csv,92f1d778c584904050d3b22fd36fc13e896195a07efa5b340678d042a57ccd1a
independent,5,dataset3,1777,18.0,220,/home/hujinlan/spa_mo_model/results/misar_seq_preprocessing_comparison/raw_embedding/clustering/independent_k5/spatial_dataset3.png,90cae12943e3c7782193809db25ddbda9331c5f2920024ca58efc2ddd60e5dc2,/home/hujinlan/spa_mo_model/results/misar_seq_preprocessing_comparison/raw_embedding/clustering/independent_k5/labels_dataset3.csv,8fe89bde7c425f87b64d9f0d9e7bce33579f6d71a93a05c1abfceb986d0a0d60
independent,5,dataset4,1263,18.0,220,/home/hujinlan/spa_mo_model/results/misar_seq_preprocessing_comparison/raw_embedding/clustering/independent_k5/spatial_dataset4.png,664123a48a4ba8e1195dce005748c58112bf1105fc37653957f04dbd48f3b13a,/home/hujinlan/spa_mo_model/results/misar_seq_preprocessing_comparison/raw_embedding/clustering/independent_k5/labels_dataset4.csv,adfb69de46d2db5f91ad2ceab3fd21ded321c647804524f3864c8812935ccfa6
independent,8,dataset1,2129,18.0,220,/home/hujinlan/spa_mo_model/results/misar_seq_preprocessing_comparison/raw_embedding/clustering/independent_k8/spatial_dataset1.png,86e43b0da7ce47ef86ea2dc537a33efab709b2beece99d17c8a26956233db261,/home/hujinlan/spa_mo_model/results/misar_seq_preprocessing_comparison/raw_embedding/clustering/independent_k8/labels_dataset1.csv,1f3cf6e977f5b13995f658ff84d9e81eed2a620d8c3053b34d7fd6fc5c5cb011
independent,8,dataset2,1949,18.0,220,/home/hujinlan/spa_mo_model/results/misar_seq_preprocessing_comparison/raw_embedding/clustering/independent_k8/spatial_dataset2.png,88ee0f39b898ea01533976e6acf80bfcbbb48c3e6dcc9b9e3a428843fd697e00,/home/hujinlan/spa_mo_model/results/misar_seq_preprocessing_comparison/raw_embedding/clustering/independent_k8/labels_dataset2.csv,bf0abfc38fd3979217d23c1679e24057dea7f6151ac7b2c817e02063363ffc5b
independent,8,dataset3,1777,18.0,220,/home/hujinlan/spa_mo_model/results/misar_seq_preprocessing_comparison/raw_embedding/clustering/independent_k8/spatial_dataset3.png,892ca44466311f8788d3fdaf939bbda4e8b6e23afd0eb97a180877db89bbae89,/home/hujinlan/spa_mo_model/results/misar_seq_preprocessing_comparison/raw_embedding/clustering/independent_k8/labels_dataset3.csv,fb34c79eb8f559900e7d8497f7902535173b0349d14ef92aafdcb3cab86ef279
independent,8,dataset4,1263,18.0,220,/home/hujinlan/spa_mo_model/results/misar_seq_preprocessing_comparison/raw_embedding/clustering/independent_k8/spatial_dataset4.png,cc0a36e09cf4935deca5b340b80da4ca0f85594e79380c72842ccd0febfae87d,/home/hujinlan/spa_mo_model/results/misar_seq_preprocessing_comparison/raw_embedding/clustering/independent_k8/labels_dataset4.csv,98a94f610dbd0d0c5e2dc88e7676e364ae1bf4e0a9425e141cc5a449fce53880
independent,10,dataset1,2129,18.0,220,/home/hujinlan/spa_mo_model/results/misar_seq_preprocessing_comparison/raw_embedding/clustering/independent_k10/spatial_dataset1.png,48af4f73ff9cdc6be475a455d68619cdd34aa6cc3e3b34228963da38cfad4297,/home/hujinlan/spa_mo_model/results/misar_seq_preprocessing_comparison/raw_embedding/clustering/independent_k10/labels_dataset1.csv,946a4a43f72454efc1e6b0621069269013f182cef213df79d286184f4f8566e6
independent,10,dataset2,1949,18.0,220,/home/hujinlan/spa_mo_model/results/misar_seq_preprocessing_comparison/raw_embedding/clustering/independent_k10/spatial_dataset2.png,5fbbecd79b4e6065fe5e3f0ce3f8a51dff5f9b67148e98499731ee78ba414c5f,/home/hujinlan/spa_mo_model/results/misar_seq_preprocessing_comparison/raw_embedding/clustering/independent_k10/labels_dataset2.csv,db389bae46116890f382505c535fb9def5e2b836d5dc21ba35b565a256f57ded
independent,10,dataset3,1777,18.0,220,/home/hujinlan/spa_mo_model/results/misar_seq_preprocessing_comparison/raw_embedding/clustering/independent_k10/spatial_dataset3.png,9a1b64b428ae285c52a7d9b2d98b470fd069e88f0217f753a16cb1ad5e508789,/home/hujinlan/spa_mo_model/results/misar_seq_preprocessing_comparison/raw_embedding/clustering/independent_k10/labels_dataset3.csv,84549d796e2c3b32fa5a8db9887bc051cb3ca049d2904b52abe21027899a9c9d
independent,10,dataset4,1263,18.0,220,/home/hujinlan/spa_mo_model/results/misar_seq_preprocessing_comparison/raw_embedding/clustering/independent_k10/spatial_dataset4.png,e1f275cd1c4cdd6ce5200458d89d09ade3b4b3704683c2e81eb51bde3b8741a0,/home/hujinlan/spa_mo_model/results/misar_seq_preprocessing_comparison/raw_embedding/clustering/independent_k10/labels_dataset4.csv,0e29864ca3e15ce003ea67287ce82f0d8b21515f93020ff8a32fc4e80b9093a1
independent,12,dataset1,2129,18.0,220,/home/hujinlan/spa_mo_model/results/misar_seq_preprocessing_comparison/raw_embedding/clustering/independent_k12/spatial_dataset1.png,6233bc928efddc1cdd63d5dac5c6c1f67c09edd2b786f59f9dcf3e7262ea2c06,/home/hujinlan/spa_mo_model/results/misar_seq_preprocessing_comparison/raw_embedding/clustering/independent_k12/labels_dataset1.csv,cea63c3c0083722419b7b996f3721e788d23b601679f2f8842c8728a18a19c14
independent,12,dataset2,1949,18.0,220,/home/hujinlan/spa_mo_model/results/misar_seq_preprocessing_comparison/raw_embedding/clustering/independent_k12/spatial_dataset2.png,def6336f526c0e18f279f4bccd8c1b4fe6e31f8087bdd2704cbf09049d4eb6c9,/home/hujinlan/spa_mo_model/results/misar_seq_preprocessing_comparison/raw_embedding/clustering/independent_k12/labels_dataset2.csv,c9d298bd0d36299ae12e5350304ff6825169c46cbde907c21e8eccefdd6ad87d
independent,12,dataset3,1777,18.0,220,/home/hujinlan/spa_mo_model/results/misar_seq_preprocessing_comparison/raw_embedding/clustering/independent_k12/spatial_dataset3.png,0aa8439950653f06c9b5459688074cd2e0c279790a6f9104206c8044826874eb,/home/hujinlan/spa_mo_model/results/misar_seq_preprocessing_comparison/raw_embedding/clustering/independent_k12/labels_dataset3.csv,679f1a37fb6de540f87a881122f529374fb09c2e97d2724bffb012055fe65a3c
independent,12,dataset4,1263,18.0,220,/home/hujinlan/spa_mo_model/results/misar_seq_preprocessing_comparison/raw_embedding/clustering/independent_k12/spatial_dataset4.png,5a921a81966c4e9bbdd52e60b684743b0822d9024cca5f69f4fe3d64aead29f7,/home/hujinlan/spa_mo_model/results/misar_seq_preprocessing_comparison/raw_embedding/clustering/independent_k12/labels_dataset4.csv,e7a9bb603b7fb0a4181b4c19b600c9de31fab852b413432c0d09446031281617
independent,14,dataset1,2129,18.0,220,/home/hujinlan/spa_mo_model/results/misar_seq_preprocessing_comparison/raw_embedding/clustering/independent_k14/spatial_dataset1.png,9099a0dc09649a1028c38f4a904382d8c4284a88b54f59a7543d80c78d721bb5,/home/hujinlan/spa_mo_model/results/misar_seq_preprocessing_comparison/raw_embedding/clustering/independent_k14/labels_dataset1.csv,69e1a4cf10b0072ea5cb85fbdc1939f1080f30b42a43e938029f34e6366ec5f3
independent,14,dataset2,1949,18.0,220,/home/hujinlan/spa_mo_model/results/misar_seq_preprocessing_comparison/raw_embedding/clustering/independent_k14/spatial_dataset2.png,fa424798527c6ef00117fa97886bb0378c6d80ad936b2232cfecb73ae84fec30,/home/hujinlan/spa_mo_model/results/misar_seq_preprocessing_comparison/raw_embedding/clustering/independent_k14/labels_dataset2.csv,c15a2e28d4e22f5cdde9e592b8673c1e419bf62b09a222b8a882fbfc8da5f071
independent,14,dataset3,1777,18.0,220,/home/hujinlan/spa_mo_model/results/misar_seq_preprocessing_comparison/raw_embedding/clustering/independent_k14/spatial_dataset3.png,20288fe20bb05389802345b57c0b769e22d870e44cb1122a24a24aa781ebeb07,/home/hujinlan/spa_mo_model/results/misar_seq_preprocessing_comparison/raw_embedding/clustering/independent_k14/labels_dataset3.csv,48372bd07fe178a682ef6febdc06cf3584b438e8bbca29919f01f744e9f5f411
independent,14,dataset4,1263,18.0,220,/home/hujinlan/spa_mo_model/results/misar_seq_preprocessing_comparison/raw_embedding/clustering/independent_k14/spatial_dataset4.png,b76a7827b93816c6b8419e18d4af00eb86f195150527d23d5fd0fe48b49ac9c4,/home/hujinlan/spa_mo_model/results/misar_seq_preprocessing_comparison/raw_embedding/clustering/independent_k14/labels_dataset4.csv,0d6998dcf3f2c82405a98b2570316c9ff12e20e352ba085a098a6c11999edc5f
independent,16,dataset1,2129,18.0,220,/home/hujinlan/spa_mo_model/results/misar_seq_preprocessing_comparison/raw_embedding/clustering/independent_k16/spatial_dataset1.png,3c55f8485f7755b9412389c1b14a9ac2b38edd1d878d5c75ed5421b923a57d3c,/home/hujinlan/spa_mo_model/results/misar_seq_preprocessing_comparison/raw_embedding/clustering/independent_k16/labels_dataset1.csv,f8b68b640554f405f47a76b8331c13aec5cd5884aa85e4f29ac7151a4edf3097
independent,16,dataset2,1949,18.0,220,/home/hujinlan/spa_mo_model/results/misar_seq_preprocessing_comparison/raw_embedding/clustering/independent_k16/spatial_dataset2.png,c0f469edc447d2c7a482c85c17c97df0435a6d518984f1b27ed5723dff1e5c19,/home/hujinlan/spa_mo_model/results/misar_seq_preprocessing_comparison/raw_embedding/clustering/independent_k16/labels_dataset2.csv,3328c8a3288097b0a3cb98d7f902b06fae5926232e8f7f301763109274990b93
independent,16,dataset3,1777,18.0,220,/home/hujinlan/spa_mo_model/results/misar_seq_preprocessing_comparison/raw_embedding/clustering/independent_k16/spatial_dataset3.png,b29ac7e84cbf805dd81103a66fbe933737afa107b83d1dfd13e22ddace145e5d,/home/hujinlan/spa_mo_model/results/misar_seq_preprocessing_comparison/raw_embedding/clustering/independent_k16/labels_dataset3.csv,3ef994d10865082802372728f0d2f102e57a3479e1d3c315a0b13abcdbb0c5ee
independent,16,dataset4,1263,18.0,220,/home/hujinlan/spa_mo_model/results/misar_seq_preprocessing_comparison/raw_embedding/clustering/independent_k16/spatial_dataset4.png,1ee95460f60f8a8d0f699876ec4d0129c210d598d28a00f66a8a61e0266ede6e,/home/hujinlan/spa_mo_model/results/misar_seq_preprocessing_comparison/raw_embedding/clustering/independent_k16/labels_dataset4.csv,bdde59976dba944cca6ef6b06f5bdd7441726d1718a425bb58070e57a7877df3
